"SnapshotTime","Hostname","ID","AccessedBy","Type","Locks","OpenMode","OpenFile" 
"2026-07-07 09:50:24",INFO: The system global flag 'maintain objects list' needs 
"2026-07-07 09:50:24",      to be enabled to see local opened files. 
"2026-07-07 09:50:24",      See Openfiles /? for more information. 
"2026-07-07 09:50:24",Files opened remotely via local share points: 
"2026-07-07 09:50:24",--------------------------------------------- 
"2026-07-07 09:50:24","Hostname","ID","Accessed By","Type","#Locks","Open Mode","Open File (Path\executable)" 
"2026-07-07 09:50:24","WINDT142K3","6","N/A","Windows","0","Write + Read","\PIPE\EVENTLOG" 
"2026-07-07 09:50:24","WINDT142K3","68261532","RFREYTAG","Windows","0","Write + Read","G:\Group_Windt132k\Shared\RLI Conversion\05 May 2026\Recon\RLI Holdings Recon 5.31.2026.xlsx" 
"2026-07-07 09:50:24","WINDT142K3","68261539","RFREYTAG","Windows","0","Write + Read","G:\Group_Windt132k\Shared\RLI Conversion\05 May 2026\Recon\~$RLI Holdings Recon 5.31.2026.xlsx" 
"2026-07-07 09:50:24","WINDT142K3","68263917","BMCADOO","Windows","0","Read","G:\Group_Windt132k\Shared\reports\alico\Billing\APR26" 
"2026-07-07 09:50:24","WINDT142K3","68263919","BMCADOO","Windows","0","Read","G:\Group_Windt132k\Shared\reports\alico\Billing\APR26" 
"2026-07-07 09:50:24","WINDT142K3","68264465","KCARTA","Windows","0","Write + Read","G:\Group_Windt132k\Shared\REIT Team\Saluda Grade\Loan Servicing\Loan IDs\SALUDAGRADE User Defined List Update.xlsx" 
"2026-07-07 09:50:24","WINDT142K3","68264471","KCARTA","Windows","0","Write + Read","G:\Group_Windt132k\Shared\REIT Team\Saluda Grade\Loan Servicing\Loan IDs\~$SALUDAGRADE User Defined List Update.xlsx" 
"2026-07-07 09:50:24","WINDT142K3","68264593","KCARTA","Windows","0","Write + Read","G:\Group_Windt132k\Shared\REIT Team\Saluda Grade\Loan Servicing\2026\06 June 2026\Remits\June Projection.xlsx" 
"2026-07-07 09:50:24","WINDT142K3","68264609","KCARTA","Windows","0","Write + Read","G:\Group_Windt132k\Shared\REIT Team\Saluda Grade\Loan Servicing\2026\06 June 2026\Remits\~$June Projection.xlsx" 
"2026-07-07 09:50:24","WINDT142K3","68264720","WEI.JIANG","Windows","0","Read","G:\Group_Windt132k\shared\REIT Team\Rompsen\Loans" 
"2026-07-07 09:50:24","WINDT142K3","68264721","WEI.JIANG","Windows","0","Read","G:\Group_Windt132k\shared\REIT Team\Rompsen\Loans" 
"2026-07-07 09:50:24","WINDT142K3","68264722","WEI.JIANG","Windows","0","Read","G:\Group_Windt132k\shared\REIT Team\Rompsen" 
"2026-07-07 09:50:24","WINDT142K3","68264723","WEI.JIANG","Windows","0","Read","G:\Group_Windt132k\shared\REIT Team\Rompsen" 
"2026-07-07 09:50:24","WINDT142K3","68264724","WEI.JIANG","Windows","0","Read","G:\Group_Windt132k\shared\REIT Team\Romspen CAD Shadow" 
"2026-07-07 09:50:24","WINDT142K3","68264725","WEI.JIANG","Windows","0","Read","G:\Group_Windt132k\shared\REIT Team\Romspen CAD Shadow" 
"2026-07-07 09:50:24","WINDT142K3","68264726","WEI.JIANG","Windows","0","Read","G:\Group_Windt132k\shared\REIT Team" 
"2026-07-07 09:50:24","WINDT142K3","68264727","WEI.JIANG","Windows","0","Read","G:\Group_Windt132k\shared\REIT Team" 
"2026-07-07 09:50:24","WINDT142K3","68264728","WEI.JIANG","Windows","0","Read","G:\Group_Windt132k\shared\REIT Team\Post Road" 
"2026-07-07 09:50:24","WINDT142K3","68264729","WEI.JIANG","Windows","0","Read","G:\Group_Windt132k\shared\REIT Team\Post Road" 
"2026-07-07 09:50:24","WINDT142K3","68264730","WEI.JIANG","Windows","0","Read","G:\Group_Windt132k\shared\REIT Team\Valley National Bank\Syndication Loan" 
"2026-07-07 09:50:24","WINDT142K3","68264731","WEI.JIANG","Windows","0","Read","G:\Group_Windt132k\shared\REIT Team\Valley National Bank\Syndication Loan" 
"2026-07-07 09:50:24","WINDT142K3","68264732","WEI.JIANG","Windows","0","Read","G:\Group_Windt132k\shared\REIT Team\Valley National Bank\Synd Bought Loan" 
"2026-07-07 09:50:24","WINDT142K3","68264733","WEI.JIANG","Windows","0","Read","G:\Group_Windt132k\shared\REIT Team\Valley National Bank\Synd Bought Loan" 
"2026-07-07 09:50:24","WINDT142K3","68264734","WEI.JIANG","Windows","0","Read","G:\Group_Windt132k\shared\REIT Team\Valley National Bank\Participation Sold Loan" 
"2026-07-07 09:50:24","WINDT142K3","68264735","WEI.JIANG","Windows","0","Read","G:\Group_Windt132k\shared\REIT Team\Valley National Bank\Participation Sold Loan" 
"2026-07-07 09:50:24","WINDT142K3","68264736","WEI.JIANG","Windows","0","Read","G:\Group_Windt132k\shared\REIT Team\Valley National Bank" 
"2026-07-07 09:50:24","WINDT142K3","68264737","WEI.JIANG","Windows","0","Read","G:\Group_Windt132k\shared\REIT Team\Valley National Bank" 
"2026-07-07 09:50:24","WINDT142K3","68264738","WEI.JIANG","Windows","0","Read","G:\Group_Windt132k\shared\REIT Team\Peachtree\Cadence Bank Transactions" 
"2026-07-07 09:50:24","WINDT142K3","68264739","WEI.JIANG","Windows","0","Read","G:\Group_Windt132k\shared\REIT Team\Peachtree\Cadence Bank Transactions" 
"2026-07-07 09:50:24","WINDT142K3","68264740","WEI.JIANG","Windows","0","Read","G:\Group_Windt132k\shared\REIT Team\Peachtree\PCFIV" 
"2026-07-07 09:50:24","WINDT142K3","68264741","WEI.JIANG","Windows","0","Read","G:\Group_Windt132k\shared\REIT Team\Peachtree\PCFIV" 
"2026-07-07 09:50:24","WINDT142K3","68264742","WEI.JIANG","Windows","0","Read","G:\Group_Windt132k\shared\REIT Team\Peachtree\Non Fund (NF) - Loans in PDOF" 
"2026-07-07 09:50:24","WINDT142K3","68264743","WEI.JIANG","Windows","0","Read","G:\Group_Windt132k\shared\REIT Team\Peachtree\Non Fund (NF) - Loans in PDOF" 
"2026-07-07 09:50:24","WINDT142K3","68264744","WEI.JIANG","Windows","0","Read","G:\Group_Windt132k\shared\REIT Team\Peachtree\PSOF\Billing Statement" 
"2026-07-07 09:50:24","WINDT142K3","68264745","WEI.JIANG","Windows","0","Read","G:\Group_Windt132k\shared\REIT Team\Peachtree\PSOF\Billing Statement" 
"2026-07-07 09:50:24","WINDT142K3","68264748","WEI.JIANG","Windows","0","Read","G:\Group_Windt132k\shared\REIT Team\Peachtree\PSOF" 
"2026-07-07 09:50:24","WINDT142K3","68264752","WEI.JIANG","Windows","0","Read","G:\Group_Windt132k\shared\REIT Team\Peachtree\PSOF" 
"2026-07-07 09:50:24","WINDT142K3","68264753","WEI.JIANG","Windows","0","Read","G:\Group_Windt132k\shared\REIT Team\Peachtree\PDOF\Billing Statements" 
"2026-07-07 09:50:24","WINDT142K3","68264755","WEI.JIANG","Windows","0","Read","G:\Group_Windt132k\shared\REIT Team\Peachtree\PDOF\Billing Statements" 
"2026-07-07 09:50:24","WINDT142K3","68264756","WEI.JIANG","Windows","0","Read","G:\Group_Windt132k\shared\REIT Team\Peachtree\PDOF" 
"2026-07-07 09:50:24","WINDT142K3","68264757","WEI.JIANG","Windows","0","Read","G:\Group_Windt132k\shared\REIT Team\Peachtree\PDOF" 
"2026-07-07 09:50:24","WINDT142K3","68264758","WEI.JIANG","Windows","0","Read","G:\Group_Windt132k\shared\REIT Team\Peachtree\FUND III" 
"2026-07-07 09:50:24","WINDT142K3","68264759","WEI.JIANG","Windows","0","Read","G:\Group_Windt132k\shared\REIT Team\Peachtree\FUND III" 
"2026-07-07 09:50:24","WINDT142K3","68264760","WEI.JIANG","Windows","0","Read","G:\Group_Windt132k\shared\REIT Team\Peachtree\FUND II" 
"2026-07-07 09:50:24","WINDT142K3","68264761","WEI.JIANG","Windows","0","Read","G:\Group_Windt132k\shared\REIT Team\Peachtree\FUND II" 
"2026-07-07 09:50:24","WINDT142K3","68264762","WEI.JIANG","Windows","0","Read","G:\Group_Windt132k\shared\REIT Team\Peachtree" 
"2026-07-07 09:50:24","WINDT142K3","68264763","WEI.JIANG","Windows","0","Read","G:\Group_Windt132k\shared\REIT Team\Peachtree" 
"2026-07-07 09:50:24","WINDT142K3","68264764","WEI.JIANG","Windows","0","Read","G:\Group_Windt132k\shared\REIT Team\Rompsen\WF Transactions" 
"2026-07-07 09:50:24","WINDT142K3","68264765","WEI.JIANG","Windows","0","Read","G:\Group_Windt132k\shared\REIT Team\Rompsen\WF Transactions" 
"2026-07-07 09:50:24","WINDT142K3","68264766","WEI.JIANG","Windows","0","Read","G:\Group_Windt132k\shared\REIT Team\Rompsen\Loan expense to be reimbursed by borrower" 
"2026-07-07 09:50:24","WINDT142K3","68264768","WEI.JIANG","Windows","0","Read","G:\Group_Windt132k\shared\REIT Team\Rompsen\Loan expense to be reimbursed by borrower" 
"2026-07-07 09:50:24","WINDT142K3","68264770","WEI.JIANG","Windows","0","Read","G:\Group_Windt132k\shared\REIT Team\Rompsen\Mortgage Statement" 
"2026-07-07 09:50:24","WINDT142K3","68264774","WEI.JIANG","Windows","0","Read","G:\Group_Windt132k\shared\REIT Team\Rompsen\Mortgage Statement" 
"2026-07-07 09:50:24","WINDT142K3","68264775","WEI.JIANG","Windows","0","Read","G:\Group_Windt132k\shared\REIT Team\Rompsen\Monthly Report" 
"2026-07-07 09:50:24","WINDT142K3","68264776","WEI.JIANG","Windows","0","Read","G:\Group_Windt132k\shared\REIT Team\Rompsen\Monthly Report" 
"2026-07-07 09:50:24","WINDT142K3","68264796","DBETTERS","Windows","0","Read","G:\Group_Windt132k\Shared\ANICO\SMA\Implementation CLewis\2026_06_30" 
"2026-07-07 09:50:24","WINDT142K3","68264800","DBETTERS","Windows","0","Read","G:\Group_Windt132k\Shared\ANICO\SMA\Implementation CLewis\2026_06_30" 
"2026-07-07 09:50:24","WINDT142K3","68264867","DBETTERS","Windows","0","Write + Read","G:\Group_Windt132k\Shared\ANICO\SMA\Implementation CLewis\2026_06_30\SMAs ITDTransactions (Ongoing) (version 1).xlsx" 
"2026-07-07 09:50:24","WINDT142K3","68264947","DBETTERS","Windows","0","Write + Read","G:\Group_Windt132k\Shared\ANICO\SMA\Implementation CLewis\2026_06_30\~$SMAs ITDTransactions (Ongoing) (version 1).xlsx" 
"2026-07-07 09:50:24","WINDT142K3","68265628","KBRAY","Windows","0","Read","G:\Group_Windt132k\Shared\REIT Team\Prop Capital\Monthly Processing\2026\07.31.2026" 
"2026-07-07 09:50:24","WINDT142K3","68265629","KBRAY","Windows","0","Read","G:\Group_Windt132k\Shared\REIT Team\Prop Capital\Monthly Processing\2026\07.31.2026" 
"2026-07-07 09:50:24","WINDT142K3","68265693","KCARTA","Windows","0","Read","G:\Group_Windt132k\Shared\REIT Team\Saluda Grade\Loan Servicing\2026\06 June 2026\Remits" 
"2026-07-07 09:50:24","WINDT142K3","68265694","KCARTA","Windows","0","Read","G:\Group_Windt132k\Shared\REIT Team\Saluda Grade\Loan Servicing\2026\06 June 2026\Remits" 
"2026-07-07 09:50:24","WINDT142K3","68265695","KCARTA","Windows","0","Read","G:\Group_Windt132k\Shared\REIT Team\Saluda Grade\Loan Servicing\2026\05 May 2026" 
"2026-07-07 09:50:24","WINDT142K3","68265696","KCARTA","Windows","0","Read","G:\Group_Windt132k\Shared\REIT Team\Saluda Grade\Loan Servicing\2026\05 May 2026" 
"2026-07-07 09:50:24","WINDT142K3","68265739","BMCADOO","Windows","0","Read","G:\Group_Windt132k\Shared\ANICO\LPs\ANICO LP Production\ANICO LP 2Q26\ANIC GL Templates June 2026" 
"2026-07-07 09:50:48",INFO: The system global flag 'maintain objects list' needs 
"2026-07-07 09:50:48",      to be enabled to see local opened files. 
"2026-07-07 09:50:48",      See Openfiles /? for more information. 
"2026-07-07 09:50:48",Files opened remotely via local share points: 
"2026-07-07 09:50:48",--------------------------------------------- 
"2026-07-07 09:50:48","Hostname","ID","Accessed By","Type","#Locks","Open Mode","Open File (Path\executable)" 
"2026-07-07 09:50:48","WINDT142K3","6","N/A","Windows","0","Write + Read","\PIPE\EVENTLOG" 
"2026-07-07 09:50:48","WINDT142K3","68261532","RFREYTAG","Windows","0","Write + Read","G:\Group_Windt132k\Shared\RLI Conversion\05 May 2026\Recon\RLI Holdings Recon 5.31.2026.xlsx" 
"2026-07-07 09:50:48","WINDT142K3","68261539","RFREYTAG","Windows","0","Write + Read","G:\Group_Windt132k\Shared\RLI Conversion\05 May 2026\Recon\~$RLI Holdings Recon 5.31.2026.xlsx" 
"2026-07-07 09:50:48","WINDT142K3","68263917","BMCADOO","Windows","0","Read","G:\Group_Windt132k\Shared\reports\alico\Billing\APR26" 
"2026-07-07 09:50:48","WINDT142K3","68263919","BMCADOO","Windows","0","Read","G:\Group_Windt132k\Shared\reports\alico\Billing\APR26" 
"2026-07-07 09:50:48","WINDT142K3","68264465","KCARTA","Windows","0","Write + Read","G:\Group_Windt132k\Shared\REIT Team\Saluda Grade\Loan Servicing\Loan IDs\SALUDAGRADE User Defined List Update.xlsx" 
"2026-07-07 09:50:48","WINDT142K3","68264471","KCARTA","Windows","0","Write + Read","G:\Group_Windt132k\Shared\REIT Team\Saluda Grade\Loan Servicing\Loan IDs\~$SALUDAGRADE User Defined List Update.xlsx" 
"2026-07-07 09:50:48","WINDT142K3","68264593","KCARTA","Windows","0","Write + Read","G:\Group_Windt132k\Shared\REIT Team\Saluda Grade\Loan Servicing\2026\06 June 2026\Remits\June Projection.xlsx" 
"2026-07-07 09:50:48","WINDT142K3","68264609","KCARTA","Windows","0","Write + Read","G:\Group_Windt132k\Shared\REIT Team\Saluda Grade\Loan Servicing\2026\06 June 2026\Remits\~$June Projection.xlsx" 
"2026-07-07 09:50:48","WINDT142K3","68264720","WEI.JIANG","Windows","0","Read","G:\Group_Windt132k\shared\REIT Team\Rompsen\Loans" 
"2026-07-07 09:50:48","WINDT142K3","68264721","WEI.JIANG","Windows","0","Read","G:\Group_Windt132k\shared\REIT Team\Rompsen\Loans" 
"2026-07-07 09:50:48","WINDT142K3","68264722","WEI.JIANG","Windows","0","Read","G:\Group_Windt132k\shared\REIT Team\Rompsen" 
"2026-07-07 09:50:48","WINDT142K3","68264723","WEI.JIANG","Windows","0","Read","G:\Group_Windt132k\shared\REIT Team\Rompsen" 
"2026-07-07 09:50:48","WINDT142K3","68264724","WEI.JIANG","Windows","0","Read","G:\Group_Windt132k\shared\REIT Team\Romspen CAD Shadow" 
"2026-07-07 09:50:48","WINDT142K3","68264725","WEI.JIANG","Windows","0","Read","G:\Group_Windt132k\shared\REIT Team\Romspen CAD Shadow" 
"2026-07-07 09:50:48","WINDT142K3","68264726","WEI.JIANG","Windows","0","Read","G:\Group_Windt132k\shared\REIT Team" 
"2026-07-07 09:50:48","WINDT142K3","68264727","WEI.JIANG","Windows","0","Read","G:\Group_Windt132k\shared\REIT Team" 
"2026-07-07 09:50:48","WINDT142K3","68264728","WEI.JIANG","Windows","0","Read","G:\Group_Windt132k\shared\REIT Team\Post Road" 
"2026-07-07 09:50:48","WINDT142K3","68264729","WEI.JIANG","Windows","0","Read","G:\Group_Windt132k\shared\REIT Team\Post Road" 
"2026-07-07 09:50:48","WINDT142K3","68264730","WEI.JIANG","Windows","0","Read","G:\Group_Windt132k\shared\REIT Team\Valley National Bank\Syndication Loan" 
"2026-07-07 09:50:48","WINDT142K3","68264731","WEI.JIANG","Windows","0","Read","G:\Group_Windt132k\shared\REIT Team\Valley National Bank\Syndication Loan" 
"2026-07-07 09:50:48","WINDT142K3","68264732","WEI.JIANG","Windows","0","Read","G:\Group_Windt132k\shared\REIT Team\Valley National Bank\Synd Bought Loan" 
"2026-07-07 09:50:48","WINDT142K3","68264733","WEI.JIANG","Windows","0","Read","G:\Group_Windt132k\shared\REIT Team\Valley National Bank\Synd Bought Loan" 
"2026-07-07 09:50:48","WINDT142K3","68264734","WEI.JIANG","Windows","0","Read","G:\Group_Windt132k\shared\REIT Team\Valley National Bank\Participation Sold Loan" 
"2026-07-07 09:50:48","WINDT142K3","68264735","WEI.JIANG","Windows","0","Read","G:\Group_Windt132k\shared\REIT Team\Valley National Bank\Participation Sold Loan" 
"2026-07-07 09:50:48","WINDT142K3","68264736","WEI.JIANG","Windows","0","Read","G:\Group_Windt132k\shared\REIT Team\Valley National Bank" 
"2026-07-07 09:50:48","WINDT142K3","68264737","WEI.JIANG","Windows","0","Read","G:\Group_Windt132k\shared\REIT Team\Valley National Bank" 
"2026-07-07 09:50:48","WINDT142K3","68264738","WEI.JIANG","Windows","0","Read","G:\Group_Windt132k\shared\REIT Team\Peachtree\Cadence Bank Transactions" 
"2026-07-07 09:50:48","WINDT142K3","68264739","WEI.JIANG","Windows","0","Read","G:\Group_Windt132k\shared\REIT Team\Peachtree\Cadence Bank Transactions" 
"2026-07-07 09:50:48","WINDT142K3","68264740","WEI.JIANG","Windows","0","Read","G:\Group_Windt132k\shared\REIT Team\Peachtree\PCFIV" 
"2026-07-07 09:50:48","WINDT142K3","68264741","WEI.JIANG","Windows","0","Read","G:\Group_Windt132k\shared\REIT Team\Peachtree\PCFIV" 
"2026-07-07 09:50:48","WINDT142K3","68264742","WEI.JIANG","Windows","0","Read","G:\Group_Windt132k\shared\REIT Team\Peachtree\Non Fund (NF) - Loans in PDOF" 
"2026-07-07 09:50:48","WINDT142K3","68264743","WEI.JIANG","Windows","0","Read","G:\Group_Windt132k\shared\REIT Team\Peachtree\Non Fund (NF) - Loans in PDOF" 
"2026-07-07 09:50:48","WINDT142K3","68264744","WEI.JIANG","Windows","0","Read","G:\Group_Windt132k\shared\REIT Team\Peachtree\PSOF\Billing Statement" 
"2026-07-07 09:50:48","WINDT142K3","68264745","WEI.JIANG","Windows","0","Read","G:\Group_Windt132k\shared\REIT Team\Peachtree\PSOF\Billing Statement" 
"2026-07-07 09:50:48","WINDT142K3","68264748","WEI.JIANG","Windows","0","Read","G:\Group_Windt132k\shared\REIT Team\Peachtree\PSOF" 
"2026-07-07 09:50:48","WINDT142K3","68264752","WEI.JIANG","Windows","0","Read","G:\Group_Windt132k\shared\REIT Team\Peachtree\PSOF" 
"2026-07-07 09:50:48","WINDT142K3","68264753","WEI.JIANG","Windows","0","Read","G:\Group_Windt132k\shared\REIT Team\Peachtree\PDOF\Billing Statements" 
"2026-07-07 09:50:48","WINDT142K3","68264755","WEI.JIANG","Windows","0","Read","G:\Group_Windt132k\shared\REIT Team\Peachtree\PDOF\Billing Statements" 
"2026-07-07 09:50:48","WINDT142K3","68264756","WEI.JIANG","Windows","0","Read","G:\Group_Windt132k\shared\REIT Team\Peachtree\PDOF" 
"2026-07-07 09:50:48","WINDT142K3","68264757","WEI.JIANG","Windows","0","Read","G:\Group_Windt132k\shared\REIT Team\Peachtree\PDOF" 
"2026-07-07 09:50:48","WINDT142K3","68264758","WEI.JIANG","Windows","0","Read","G:\Group_Windt132k\shared\REIT Team\Peachtree\FUND III" 
"2026-07-07 09:50:48","WINDT142K3","68264759","WEI.JIANG","Windows","0","Read","G:\Group_Windt132k\shared\REIT Team\Peachtree\FUND III" 
"2026-07-07 09:50:48","WINDT142K3","68264760","WEI.JIANG","Windows","0","Read","G:\Group_Windt132k\shared\REIT Team\Peachtree\FUND II" 
"2026-07-07 09:50:48","WINDT142K3","68264761","WEI.JIANG","Windows","0","Read","G:\Group_Windt132k\shared\REIT Team\Peachtree\FUND II" 
"2026-07-07 09:50:48","WINDT142K3","68264762","WEI.JIANG","Windows","0","Read","G:\Group_Windt132k\shared\REIT Team\Peachtree" 
"2026-07-07 09:50:48","WINDT142K3","68264763","WEI.JIANG","Windows","0","Read","G:\Group_Windt132k\shared\REIT Team\Peachtree" 
"2026-07-07 09:50:48","WINDT142K3","68264764","WEI.JIANG","Windows","0","Read","G:\Group_Windt132k\shared\REIT Team\Rompsen\WF Transactions" 
"2026-07-07 09:50:48","WINDT142K3","68264765","WEI.JIANG","Windows","0","Read","G:\Group_Windt132k\shared\REIT Team\Rompsen\WF Transactions" 
"2026-07-07 09:50:48","WINDT142K3","68264766","WEI.JIANG","Windows","0","Read","G:\Group_Windt132k\shared\REIT Team\Rompsen\Loan expense to be reimbursed by borrower" 
"2026-07-07 09:50:48","WINDT142K3","68264768","WEI.JIANG","Windows","0","Read","G:\Group_Windt132k\shared\REIT Team\Rompsen\Loan expense to be reimbursed by borrower" 
"2026-07-07 09:50:48","WINDT142K3","68264770","WEI.JIANG","Windows","0","Read","G:\Group_Windt132k\shared\REIT Team\Rompsen\Mortgage Statement" 
"2026-07-07 09:50:48","WINDT142K3","68264774","WEI.JIANG","Windows","0","Read","G:\Group_Windt132k\shared\REIT Team\Rompsen\Mortgage Statement" 
"2026-07-07 09:50:48","WINDT142K3","68264775","WEI.JIANG","Windows","0","Read","G:\Group_Windt132k\shared\REIT Team\Rompsen\Monthly Report" 
"2026-07-07 09:50:48","WINDT142K3","68264776","WEI.JIANG","Windows","0","Read","G:\Group_Windt132k\shared\REIT Team\Rompsen\Monthly Report" 
"2026-07-07 09:50:48","WINDT142K3","68264796","DBETTERS","Windows","0","Read","G:\Group_Windt132k\Shared\ANICO\SMA\Implementation CLewis\2026_06_30" 
"2026-07-07 09:50:48","WINDT142K3","68264800","DBETTERS","Windows","0","Read","G:\Group_Windt132k\Shared\ANICO\SMA\Implementation CLewis\2026_06_30" 
"2026-07-07 09:50:48","WINDT142K3","68264867","DBETTERS","Windows","0","Write + Read","G:\Group_Windt132k\Shared\ANICO\SMA\Implementation CLewis\2026_06_30\SMAs ITDTransactions (Ongoing) (version 1).xlsx" 
"2026-07-07 09:50:48","WINDT142K3","68264947","DBETTERS","Windows","0","Write + Read","G:\Group_Windt132k\Shared\ANICO\SMA\Implementation CLewis\2026_06_30\~$SMAs ITDTransactions (Ongoing) (version 1).xlsx" 
"2026-07-07 09:50:48","WINDT142K3","68265628","KBRAY","Windows","0","Read","G:\Group_Windt132k\Shared\REIT Team\Prop Capital\Monthly Processing\2026\07.31.2026" 
"2026-07-07 09:50:48","WINDT142K3","68265629","KBRAY","Windows","0","Read","G:\Group_Windt132k\Shared\REIT Team\Prop Capital\Monthly Processing\2026\07.31.2026" 
"2026-07-07 09:50:48","WINDT142K3","68265693","KCARTA","Windows","0","Read","G:\Group_Windt132k\Shared\REIT Team\Saluda Grade\Loan Servicing\2026\06 June 2026\Remits" 
"2026-07-07 09:50:48","WINDT142K3","68265694","KCARTA","Windows","0","Read","G:\Group_Windt132k\Shared\REIT Team\Saluda Grade\Loan Servicing\2026\06 June 2026\Remits" 
"2026-07-07 09:50:48","WINDT142K3","68265695","KCARTA","Windows","0","Read","G:\Group_Windt132k\Shared\REIT Team\Saluda Grade\Loan Servicing\2026\05 May 2026" 
"2026-07-07 09:50:48","WINDT142K3","68265696","KCARTA","Windows","0","Read","G:\Group_Windt132k\Shared\REIT Team\Saluda Grade\Loan Servicing\2026\05 May 2026" 
"2026-07-07 09:55:16",INFO: The system global flag 'maintain objects list' needs 
"2026-07-07 09:55:16",      to be enabled to see local opened files. 
"2026-07-07 09:55:16",      See Openfiles /? for more information. 
"2026-07-07 09:55:16",Files opened remotely via local share points: 
"2026-07-07 09:55:16",--------------------------------------------- 
"2026-07-07 09:55:16","Hostname","ID","Accessed By","Type","#Locks","Open Mode","Open File (Path\executable)" 
"2026-07-07 09:55:16","WINDT142K3","6","N/A","Windows","0","Write + Read","\PIPE\EVENTLOG" 
"2026-07-07 09:55:16","WINDT142K3","68261532","RFREYTAG","Windows","0","Write + Read","G:\Group_Windt132k\Shared\RLI Conversion\05 May 2026\Recon\RLI Holdings Recon 5.31.2026.xlsx" 
"2026-07-07 09:55:16","WINDT142K3","68261539","RFREYTAG","Windows","0","Write + Read","G:\Group_Windt132k\Shared\RLI Conversion\05 May 2026\Recon\~$RLI Holdings Recon 5.31.2026.xlsx" 
"2026-07-07 09:55:16","WINDT142K3","68264465","KCARTA","Windows","0","Write + Read","G:\Group_Windt132k\Shared\REIT Team\Saluda Grade\Loan Servicing\Loan IDs\SALUDAGRADE User Defined List Update.xlsx" 
"2026-07-07 09:55:16","WINDT142K3","68264471","KCARTA","Windows","0","Write + Read","G:\Group_Windt132k\Shared\REIT Team\Saluda Grade\Loan Servicing\Loan IDs\~$SALUDAGRADE User Defined List Update.xlsx" 
"2026-07-07 09:55:16","WINDT142K3","68264593","KCARTA","Windows","0","Write + Read","G:\Group_Windt132k\Shared\REIT Team\Saluda Grade\Loan Servicing\2026\06 June 2026\Remits\June Projection.xlsx" 
"2026-07-07 09:55:16","WINDT142K3","68264609","KCARTA","Windows","0","Write + Read","G:\Group_Windt132k\Shared\REIT Team\Saluda Grade\Loan Servicing\2026\06 June 2026\Remits\~$June Projection.xlsx" 
"2026-07-07 09:55:16","WINDT142K3","68264720","WEI.JIANG","Windows","0","Read","G:\Group_Windt132k\shared\REIT Team\Rompsen\Loans" 
"2026-07-07 09:55:16","WINDT142K3","68264721","WEI.JIANG","Windows","0","Read","G:\Group_Windt132k\shared\REIT Team\Rompsen\Loans" 
"2026-07-07 09:55:16","WINDT142K3","68264722","WEI.JIANG","Windows","0","Read","G:\Group_Windt132k\shared\REIT Team\Rompsen" 
"2026-07-07 09:55:16","WINDT142K3","68264723","WEI.JIANG","Windows","0","Read","G:\Group_Windt132k\shared\REIT Team\Rompsen" 
"2026-07-07 09:55:16","WINDT142K3","68264724","WEI.JIANG","Windows","0","Read","G:\Group_Windt132k\shared\REIT Team\Romspen CAD Shadow" 
"2026-07-07 09:55:16","WINDT142K3","68264725","WEI.JIANG","Windows","0","Read","G:\Group_Windt132k\shared\REIT Team\Romspen CAD Shadow" 
"2026-07-07 09:55:16","WINDT142K3","68264726","WEI.JIANG","Windows","0","Read","G:\Group_Windt132k\shared\REIT Team" 
"2026-07-07 09:55:16","WINDT142K3","68264727","WEI.JIANG","Windows","0","Read","G:\Group_Windt132k\shared\REIT Team" 
"2026-07-07 09:55:16","WINDT142K3","68264728","WEI.JIANG","Windows","0","Read","G:\Group_Windt132k\shared\REIT Team\Post Road" 
"2026-07-07 09:55:16","WINDT142K3","68264729","WEI.JIANG","Windows","0","Read","G:\Group_Windt132k\shared\REIT Team\Post Road" 
"2026-07-07 09:55:16","WINDT142K3","68264730","WEI.JIANG","Windows","0","Read","G:\Group_Windt132k\shared\REIT Team\Valley National Bank\Syndication Loan" 
"2026-07-07 09:55:16","WINDT142K3","68264731","WEI.JIANG","Windows","0","Read","G:\Group_Windt132k\shared\REIT Team\Valley National Bank\Syndication Loan" 
"2026-07-07 09:55:16","WINDT142K3","68264732","WEI.JIANG","Windows","0","Read","G:\Group_Windt132k\shared\REIT Team\Valley National Bank\Synd Bought Loan" 
"2026-07-07 09:55:16","WINDT142K3","68264733","WEI.JIANG","Windows","0","Read","G:\Group_Windt132k\shared\REIT Team\Valley National Bank\Synd Bought Loan" 
"2026-07-07 09:55:16","WINDT142K3","68264734","WEI.JIANG","Windows","0","Read","G:\Group_Windt132k\shared\REIT Team\Valley National Bank\Participation Sold Loan" 
"2026-07-07 09:55:16","WINDT142K3","68264735","WEI.JIANG","Windows","0","Read","G:\Group_Windt132k\shared\REIT Team\Valley National Bank\Participation Sold Loan" 
"2026-07-07 09:55:16","WINDT142K3","68264736","WEI.JIANG","Windows","0","Read","G:\Group_Windt132k\shared\REIT Team\Valley National Bank" 
"2026-07-07 09:55:16","WINDT142K3","68264737","WEI.JIANG","Windows","0","Read","G:\Group_Windt132k\shared\REIT Team\Valley National Bank" 
"2026-07-07 09:55:16","WINDT142K3","68264738","WEI.JIANG","Windows","0","Read","G:\Group_Windt132k\shared\REIT Team\Peachtree\Cadence Bank Transactions" 
"2026-07-07 09:55:16","WINDT142K3","68264739","WEI.JIANG","Windows","0","Read","G:\Group_Windt132k\shared\REIT Team\Peachtree\Cadence Bank Transactions" 
"2026-07-07 09:55:16","WINDT142K3","68264740","WEI.JIANG","Windows","0","Read","G:\Group_Windt132k\shared\REIT Team\Peachtree\PCFIV" 
"2026-07-07 09:55:16","WINDT142K3","68264741","WEI.JIANG","Windows","0","Read","G:\Group_Windt132k\shared\REIT Team\Peachtree\PCFIV" 
"2026-07-07 09:55:16","WINDT142K3","68264742","WEI.JIANG","Windows","0","Read","G:\Group_Windt132k\shared\REIT Team\Peachtree\Non Fund (NF) - Loans in PDOF" 
"2026-07-07 09:55:16","WINDT142K3","68264743","WEI.JIANG","Windows","0","Read","G:\Group_Windt132k\shared\REIT Team\Peachtree\Non Fund (NF) - Loans in PDOF" 
"2026-07-07 09:55:16","WINDT142K3","68264744","WEI.JIANG","Windows","0","Read","G:\Group_Windt132k\shared\REIT Team\Peachtree\PSOF\Billing Statement" 
"2026-07-07 09:55:16","WINDT142K3","68264745","WEI.JIANG","Windows","0","Read","G:\Group_Windt132k\shared\REIT Team\Peachtree\PSOF\Billing Statement" 
"2026-07-07 09:55:16","WINDT142K3","68264748","WEI.JIANG","Windows","0","Read","G:\Group_Windt132k\shared\REIT Team\Peachtree\PSOF" 
"2026-07-07 09:55:16","WINDT142K3","68264752","WEI.JIANG","Windows","0","Read","G:\Group_Windt132k\shared\REIT Team\Peachtree\PSOF" 
"2026-07-07 09:55:16","WINDT142K3","68264753","WEI.JIANG","Windows","0","Read","G:\Group_Windt132k\shared\REIT Team\Peachtree\PDOF\Billing Statements" 
"2026-07-07 09:55:16","WINDT142K3","68264755","WEI.JIANG","Windows","0","Read","G:\Group_Windt132k\shared\REIT Team\Peachtree\PDOF\Billing Statements" 
"2026-07-07 09:55:16","WINDT142K3","68264756","WEI.JIANG","Windows","0","Read","G:\Group_Windt132k\shared\REIT Team\Peachtree\PDOF" 
"2026-07-07 09:55:16","WINDT142K3","68264757","WEI.JIANG","Windows","0","Read","G:\Group_Windt132k\shared\REIT Team\Peachtree\PDOF" 
"2026-07-07 09:55:16","WINDT142K3","68264758","WEI.JIANG","Windows","0","Read","G:\Group_Windt132k\shared\REIT Team\Peachtree\FUND III" 
"2026-07-07 09:55:16","WINDT142K3","68264759","WEI.JIANG","Windows","0","Read","G:\Group_Windt132k\shared\REIT Team\Peachtree\FUND III" 
"2026-07-07 09:55:16","WINDT142K3","68264760","WEI.JIANG","Windows","0","Read","G:\Group_Windt132k\shared\REIT Team\Peachtree\FUND II" 
"2026-07-07 09:55:16","WINDT142K3","68264761","WEI.JIANG","Windows","0","Read","G:\Group_Windt132k\shared\REIT Team\Peachtree\FUND II" 
"2026-07-07 09:55:16","WINDT142K3","68264762","WEI.JIANG","Windows","0","Read","G:\Group_Windt132k\shared\REIT Team\Peachtree" 
"2026-07-07 09:55:16","WINDT142K3","68264763","WEI.JIANG","Windows","0","Read","G:\Group_Windt132k\shared\REIT Team\Peachtree" 
"2026-07-07 09:55:16","WINDT142K3","68264764","WEI.JIANG","Windows","0","Read","G:\Group_Windt132k\shared\REIT Team\Rompsen\WF Transactions" 
"2026-07-07 09:55:16","WINDT142K3","68264765","WEI.JIANG","Windows","0","Read","G:\Group_Windt132k\shared\REIT Team\Rompsen\WF Transactions" 
"2026-07-07 09:55:16","WINDT142K3","68264766","WEI.JIANG","Windows","0","Read","G:\Group_Windt132k\shared\REIT Team\Rompsen\Loan expense to be reimbursed by borrower" 
"2026-07-07 09:55:16","WINDT142K3","68264768","WEI.JIANG","Windows","0","Read","G:\Group_Windt132k\shared\REIT Team\Rompsen\Loan expense to be reimbursed by borrower" 
"2026-07-07 09:55:16","WINDT142K3","68264770","WEI.JIANG","Windows","0","Read","G:\Group_Windt132k\shared\REIT Team\Rompsen\Mortgage Statement" 
"2026-07-07 09:55:16","WINDT142K3","68264774","WEI.JIANG","Windows","0","Read","G:\Group_Windt132k\shared\REIT Team\Rompsen\Mortgage Statement" 
"2026-07-07 09:55:16","WINDT142K3","68264775","WEI.JIANG","Windows","0","Read","G:\Group_Windt132k\shared\REIT Team\Rompsen\Monthly Report" 
"2026-07-07 09:55:16","WINDT142K3","68264776","WEI.JIANG","Windows","0","Read","G:\Group_Windt132k\shared\REIT Team\Rompsen\Monthly Report" 
"2026-07-07 09:55:16","WINDT142K3","68264796","DBETTERS","Windows","0","Read","G:\Group_Windt132k\Shared\ANICO\SMA\Implementation CLewis\2026_06_30" 
"2026-07-07 09:55:16","WINDT142K3","68264800","DBETTERS","Windows","0","Read","G:\Group_Windt132k\Shared\ANICO\SMA\Implementation CLewis\2026_06_30" 
"2026-07-07 09:55:16","WINDT142K3","68264867","DBETTERS","Windows","0","Write + Read","G:\Group_Windt132k\Shared\ANICO\SMA\Implementation CLewis\2026_06_30\SMAs ITDTransactions (Ongoing) (version 1).xlsx" 
"2026-07-07 09:55:16","WINDT142K3","68264947","DBETTERS","Windows","0","Write + Read","G:\Group_Windt132k\Shared\ANICO\SMA\Implementation CLewis\2026_06_30\~$SMAs ITDTransactions (Ongoing) (version 1).xlsx" 
"2026-07-07 09:55:16","WINDT142K3","68265628","KBRAY","Windows","0","Read","G:\Group_Windt132k\Shared\REIT Team\Prop Capital\Monthly Processing\2026\07.31.2026" 
"2026-07-07 09:55:16","WINDT142K3","68265629","KBRAY","Windows","0","Read","G:\Group_Windt132k\Shared\REIT Team\Prop Capital\Monthly Processing\2026\07.31.2026" 
"2026-07-07 09:55:16","WINDT142K3","68265693","KCARTA","Windows","0","Read","G:\Group_Windt132k\Shared\REIT Team\Saluda Grade\Loan Servicing\2026\06 June 2026\Remits" 
"2026-07-07 09:55:16","WINDT142K3","68265694","KCARTA","Windows","0","Read","G:\Group_Windt132k\Shared\REIT Team\Saluda Grade\Loan Servicing\2026\06 June 2026\Remits" 
"2026-07-07 09:55:16","WINDT142K3","68265695","KCARTA","Windows","0","Read","G:\Group_Windt132k\Shared\REIT Team\Saluda Grade\Loan Servicing\2026\05 May 2026" 
"2026-07-07 09:55:16","WINDT142K3","68265696","KCARTA","Windows","0","Read","G:\Group_Windt132k\Shared\REIT Team\Saluda Grade\Loan Servicing\2026\05 May 2026" 
"2026-07-07 09:55:16","WINDT142K3","68265792","BMCADOO","Windows","0","Read","G:\Group_Windt132k\Shared\reports\alico\Billing\APR26" 
"2026-07-07 09:55:16","WINDT142K3","68265793","BMCADOO","Windows","0","Read","G:\Group_Windt132k\Shared\reports\alico\Billing\APR26" 
"2026-07-08 01:00:00",INFO: The system global flag 'maintain objects list' needs 
"2026-07-08 01:00:00",      to be enabled to see local opened files. 
"2026-07-08 01:00:00",      See Openfiles /? for more information. 
"2026-07-08 01:00:00",Files opened remotely via local share points: 
"2026-07-08 01:00:00",--------------------------------------------- 
"2026-07-08 01:00:00","Hostname","ID","Accessed By","Type","#Locks","Open Mode","Open File (Path\executable)" 
"2026-07-08 01:00:00","WINDT142K3","6","N/A","Windows","0","Write + Read","\PIPE\EVENTLOG" 
"2026-07-08 01:00:00","WINDT142K3","68319554","TRUSTEK","Windows","0","Read","G:\Group_Windt132k\Shared\ANICO\SMA\Implementation CLewis\2026_04_30" 
"2026-07-08 01:00:00","WINDT142K3","68319574","TRUSTEK","Windows","0","Read","G:\Group_Windt132k\Shared\ANICO\SMA\Implementation CLewis\2026_05_31" 
"2026-07-08 01:00:00","WINDT142K3","68319575","TRUSTEK","Windows","0","Read","G:\Group_Windt132k\Shared\ANICO\SMA\Implementation CLewis\2026_05_31" 
"2026-07-08 01:00:00","WINDT142K3","68319625","TRUSTEK","Windows","0","Write + Read","G:\Group_Windt132k\Shared\ANICO\SMA\Implementation CLewis\2026_05_31\ANICO SMA STAT GL Recon 05.31.26.xlsm" 
"2026-07-08 01:00:00","WINDT142K3","68319632","TRUSTEK","Windows","0","Write + Read","G:\Group_Windt132k\Shared\ANICO\SMA\Implementation CLewis\2026_05_31\~$ANICO SMA STAT GL Recon 05.31.26.xlsm" 
"2026-07-08 01:00:00","WINDT142K3","68320707","TRUSTEK","Windows","0","Write + Read","G:\Group_Windt132k\Shared\ANICO\SMA\Implementation CLewis\2026_05_31\ANICO SMA GAAP GL Recon 05.31.26.xlsm" 
"2026-07-08 01:00:00","WINDT142K3","68320716","TRUSTEK","Windows","0","Write + Read","G:\Group_Windt132k\Shared\ANICO\SMA\Implementation CLewis\2026_05_31\~$ANICO SMA GAAP GL Recon 05.31.26.xlsm" 
"2026-07-08 02:00:00",INFO: The system global flag 'maintain objects list' needs 
"2026-07-08 02:00:00",      to be enabled to see local opened files. 
"2026-07-08 02:00:00",      See Openfiles /? for more information. 
"2026-07-08 02:00:00",Files opened remotely via local share points: 
"2026-07-08 02:00:00",--------------------------------------------- 
"2026-07-08 02:00:00","Hostname","ID","Accessed By","Type","#Locks","Open Mode","Open File (Path\executable)" 
"2026-07-08 02:00:00","WINDT142K3","6","N/A","Windows","0","Write + Read","\PIPE\EVENTLOG" 
"2026-07-08 02:00:00","WINDT142K3","68319554","TRUSTEK","Windows","0","Read","G:\Group_Windt132k\Shared\ANICO\SMA\Implementation CLewis\2026_04_30" 
"2026-07-08 02:00:00","WINDT142K3","68319574","TRUSTEK","Windows","0","Read","G:\Group_Windt132k\Shared\ANICO\SMA\Implementation CLewis\2026_05_31" 
"2026-07-08 02:00:00","WINDT142K3","68319575","TRUSTEK","Windows","0","Read","G:\Group_Windt132k\Shared\ANICO\SMA\Implementation CLewis\2026_05_31" 
"2026-07-08 02:00:00","WINDT142K3","68319625","TRUSTEK","Windows","0","Write + Read","G:\Group_Windt132k\Shared\ANICO\SMA\Implementation CLewis\2026_05_31\ANICO SMA STAT GL Recon 05.31.26.xlsm" 
"2026-07-08 02:00:00","WINDT142K3","68319632","TRUSTEK","Windows","0","Write + Read","G:\Group_Windt132k\Shared\ANICO\SMA\Implementation CLewis\2026_05_31\~$ANICO SMA STAT GL Recon 05.31.26.xlsm" 
"2026-07-08 02:00:00","WINDT142K3","68320707","TRUSTEK","Windows","0","Write + Read","G:\Group_Windt132k\Shared\ANICO\SMA\Implementation CLewis\2026_05_31\ANICO SMA GAAP GL Recon 05.31.26.xlsm" 
"2026-07-08 02:00:00","WINDT142K3","68320716","TRUSTEK","Windows","0","Write + Read","G:\Group_Windt132k\Shared\ANICO\SMA\Implementation CLewis\2026_05_31\~$ANICO SMA GAAP GL Recon 05.31.26.xlsm" 
"2026-07-08 03:00:00",INFO: The system global flag 'maintain objects list' needs 
"2026-07-08 03:00:00",      to be enabled to see local opened files. 
"2026-07-08 03:00:00",      See Openfiles /? for more information. 
"2026-07-08 03:00:00",Files opened remotely via local share points: 
"2026-07-08 03:00:00",--------------------------------------------- 
"2026-07-08 03:00:00","Hostname","ID","Accessed By","Type","#Locks","Open Mode","Open File (Path\executable)" 
"2026-07-08 03:00:00","WINDT142K3","6","N/A","Windows","0","Write + Read","\PIPE\EVENTLOG" 
"2026-07-08 03:00:00","WINDT142K3","68319554","TRUSTEK","Windows","0","Read","G:\Group_Windt132k\Shared\ANICO\SMA\Implementation CLewis\2026_04_30" 
"2026-07-08 03:00:00","WINDT142K3","68319574","TRUSTEK","Windows","0","Read","G:\Group_Windt132k\Shared\ANICO\SMA\Implementation CLewis\2026_05_31" 
"2026-07-08 03:00:00","WINDT142K3","68319575","TRUSTEK","Windows","0","Read","G:\Group_Windt132k\Shared\ANICO\SMA\Implementation CLewis\2026_05_31" 
"2026-07-08 03:00:00","WINDT142K3","68319625","TRUSTEK","Windows","0","Write + Read","G:\Group_Windt132k\Shared\ANICO\SMA\Implementation CLewis\2026_05_31\ANICO SMA STAT GL Recon 05.31.26.xlsm" 
"2026-07-08 03:00:00","WINDT142K3","68319632","TRUSTEK","Windows","0","Write + Read","G:\Group_Windt132k\Shared\ANICO\SMA\Implementation CLewis\2026_05_31\~$ANICO SMA STAT GL Recon 05.31.26.xlsm" 
"2026-07-08 03:00:00","WINDT142K3","68320707","TRUSTEK","Windows","0","Write + Read","G:\Group_Windt132k\Shared\ANICO\SMA\Implementation CLewis\2026_05_31\ANICO SMA GAAP GL Recon 05.31.26.xlsm" 
"2026-07-08 03:00:00","WINDT142K3","68320716","TRUSTEK","Windows","0","Write + Read","G:\Group_Windt132k\Shared\ANICO\SMA\Implementation CLewis\2026_05_31\~$ANICO SMA GAAP GL Recon 05.31.26.xlsm" 
"2026-07-08 04:00:00",INFO: The system global flag 'maintain objects list' needs 
"2026-07-08 04:00:00",      to be enabled to see local opened files. 
"2026-07-08 04:00:00",      See Openfiles /? for more information. 
"2026-07-08 04:00:00",Files opened remotely via local share points: 
"2026-07-08 04:00:00",--------------------------------------------- 
"2026-07-08 04:00:00","Hostname","ID","Accessed By","Type","#Locks","Open Mode","Open File (Path\executable)" 
"2026-07-08 04:00:00","WINDT142K3","6","N/A","Windows","0","Write + Read","\PIPE\EVENTLOG" 
"2026-07-08 04:00:00","WINDT142K3","68319554","TRUSTEK","Windows","0","Read","G:\Group_Windt132k\Shared\ANICO\SMA\Implementation CLewis\2026_04_30" 
"2026-07-08 04:00:00","WINDT142K3","68319574","TRUSTEK","Windows","0","Read","G:\Group_Windt132k\Shared\ANICO\SMA\Implementation CLewis\2026_05_31" 
"2026-07-08 04:00:00","WINDT142K3","68319575","TRUSTEK","Windows","0","Read","G:\Group_Windt132k\Shared\ANICO\SMA\Implementation CLewis\2026_05_31" 
"2026-07-08 04:00:00","WINDT142K3","68319625","TRUSTEK","Windows","0","Write + Read","G:\Group_Windt132k\Shared\ANICO\SMA\Implementation CLewis\2026_05_31\ANICO SMA STAT GL Recon 05.31.26.xlsm" 
"2026-07-08 04:00:00","WINDT142K3","68319632","TRUSTEK","Windows","0","Write + Read","G:\Group_Windt132k\Shared\ANICO\SMA\Implementation CLewis\2026_05_31\~$ANICO SMA STAT GL Recon 05.31.26.xlsm" 
"2026-07-08 04:00:00","WINDT142K3","68320707","TRUSTEK","Windows","0","Write + Read","G:\Group_Windt132k\Shared\ANICO\SMA\Implementation CLewis\2026_05_31\ANICO SMA GAAP GL Recon 05.31.26.xlsm" 
"2026-07-08 04:00:00","WINDT142K3","68320716","TRUSTEK","Windows","0","Write + Read","G:\Group_Windt132k\Shared\ANICO\SMA\Implementation CLewis\2026_05_31\~$ANICO SMA GAAP GL Recon 05.31.26.xlsm" 
"2026-07-08 05:00:00",INFO: The system global flag 'maintain objects list' needs 
"2026-07-08 05:00:00",      to be enabled to see local opened files. 
"2026-07-08 05:00:00",      See Openfiles /? for more information. 
"2026-07-08 05:00:00",Files opened remotely via local share points: 
"2026-07-08 05:00:00",--------------------------------------------- 
"2026-07-08 05:00:00","Hostname","ID","Accessed By","Type","#Locks","Open Mode","Open File (Path\executable)" 
"2026-07-08 05:00:00","WINDT142K3","6","N/A","Windows","0","Write + Read","\PIPE\EVENTLOG" 
"2026-07-08 05:00:00","WINDT142K3","68319554","TRUSTEK","Windows","0","Read","G:\Group_Windt132k\Shared\ANICO\SMA\Implementation CLewis\2026_04_30" 
"2026-07-08 05:00:00","WINDT142K3","68319574","TRUSTEK","Windows","0","Read","G:\Group_Windt132k\Shared\ANICO\SMA\Implementation CLewis\2026_05_31" 
"2026-07-08 05:00:00","WINDT142K3","68319575","TRUSTEK","Windows","0","Read","G:\Group_Windt132k\Shared\ANICO\SMA\Implementation CLewis\2026_05_31" 
"2026-07-08 05:00:00","WINDT142K3","68319625","TRUSTEK","Windows","0","Write + Read","G:\Group_Windt132k\Shared\ANICO\SMA\Implementation CLewis\2026_05_31\ANICO SMA STAT GL Recon 05.31.26.xlsm" 
"2026-07-08 05:00:00","WINDT142K3","68319632","TRUSTEK","Windows","0","Write + Read","G:\Group_Windt132k\Shared\ANICO\SMA\Implementation CLewis\2026_05_31\~$ANICO SMA STAT GL Recon 05.31.26.xlsm" 
"2026-07-08 05:00:00","WINDT142K3","68320707","TRUSTEK","Windows","0","Write + Read","G:\Group_Windt132k\Shared\ANICO\SMA\Implementation CLewis\2026_05_31\ANICO SMA GAAP GL Recon 05.31.26.xlsm" 
"2026-07-08 05:00:00","WINDT142K3","68320716","TRUSTEK","Windows","0","Write + Read","G:\Group_Windt132k\Shared\ANICO\SMA\Implementation CLewis\2026_05_31\~$ANICO SMA GAAP GL Recon 05.31.26.xlsm" 
"2026-07-08 06:00:00",INFO: The system global flag 'maintain objects list' needs 
"2026-07-08 06:00:00",      to be enabled to see local opened files. 
"2026-07-08 06:00:00",      See Openfiles /? for more information. 
"2026-07-08 06:00:00",Files opened remotely via local share points: 
"2026-07-08 06:00:00",--------------------------------------------- 
"2026-07-08 06:00:00","Hostname","ID","Accessed By","Type","#Locks","Open Mode","Open File (Path\executable)" 
"2026-07-08 06:00:00","WINDT142K3","6","N/A","Windows","0","Write + Read","\PIPE\EVENTLOG" 
"2026-07-08 06:00:00","WINDT142K3","68319554","TRUSTEK","Windows","0","Read","G:\Group_Windt132k\Shared\ANICO\SMA\Implementation CLewis\2026_04_30" 
"2026-07-08 06:00:00","WINDT142K3","68319574","TRUSTEK","Windows","0","Read","G:\Group_Windt132k\Shared\ANICO\SMA\Implementation CLewis\2026_05_31" 
"2026-07-08 06:00:00","WINDT142K3","68319575","TRUSTEK","Windows","0","Read","G:\Group_Windt132k\Shared\ANICO\SMA\Implementation CLewis\2026_05_31" 
"2026-07-08 06:00:00","WINDT142K3","68319625","TRUSTEK","Windows","0","Write + Read","G:\Group_Windt132k\Shared\ANICO\SMA\Implementation CLewis\2026_05_31\ANICO SMA STAT GL Recon 05.31.26.xlsm" 
"2026-07-08 06:00:00","WINDT142K3","68319632","TRUSTEK","Windows","0","Write + Read","G:\Group_Windt132k\Shared\ANICO\SMA\Implementation CLewis\2026_05_31\~$ANICO SMA STAT GL Recon 05.31.26.xlsm" 
"2026-07-08 06:00:00","WINDT142K3","68320707","TRUSTEK","Windows","0","Write + Read","G:\Group_Windt132k\Shared\ANICO\SMA\Implementation CLewis\2026_05_31\ANICO SMA GAAP GL Recon 05.31.26.xlsm" 
"2026-07-08 06:00:00","WINDT142K3","68320716","TRUSTEK","Windows","0","Write + Read","G:\Group_Windt132k\Shared\ANICO\SMA\Implementation CLewis\2026_05_31\~$ANICO SMA GAAP GL Recon 05.31.26.xlsm" 
"2026-07-08 06:00:00","WINDT142K3","68321132","NLUKONIS","Windows","0","Read","G:\Group_Windt132k\Shared\ANICO\Derivatives CLewis\6.30.2026" 
"2026-07-08 06:00:00","WINDT142K3","68321133","NLUKONIS","Windows","0","Read","G:\Group_Windt132k\Shared\ANICO\Derivatives CLewis\6.30.2026" 
"2026-07-08 07:00:00",INFO: The system global flag 'maintain objects list' needs 
"2026-07-08 07:00:00",      to be enabled to see local opened files. 
"2026-07-08 07:00:00",      See Openfiles /? for more information. 
"2026-07-08 07:00:00",Files opened remotely via local share points: 
"2026-07-08 07:00:00",--------------------------------------------- 
"2026-07-08 07:00:00","Hostname","ID","Accessed By","Type","#Locks","Open Mode","Open File (Path\executable)" 
"2026-07-08 07:00:00","WINDT142K3","6","N/A","Windows","0","Write + Read","\PIPE\EVENTLOG" 
"2026-07-08 07:00:00","WINDT142K3","68321682","NLUKONIS","Windows","0","Write + Read","G:\Group_Windt132k\Shared\ANICO\Derivatives CLewis\6.30.2026\ANICO Options Mth End Procedures June 2026.xlsx" 
"2026-07-08 07:00:00","WINDT142K3","68321685","NLUKONIS","Windows","0","Write + Read","G:\Group_Windt132k\Shared\ANICO\Derivatives CLewis\6.30.2026\~$ANICO Options Mth End Procedures June 2026.xlsx" 
"2026-07-08 07:00:00","WINDT142K3","68321734","NLUKONIS","Windows","0","Read","G:\Group_Windt132k\Shared\ANICO\Derivatives CLewis\6.30.2026\Work (Month End)\Valuations" 
"2026-07-08 07:00:00","WINDT142K3","68321735","NLUKONIS","Windows","0","Read","G:\Group_Windt132k\Shared\ANICO\Derivatives CLewis\6.30.2026\Work (Month End)\Valuations" 
"2026-07-08 07:00:00","WINDT142K3","68321773","NLUKONIS","Windows","0","Write + Read","G:\Group_Windt132k\Shared\ANICO\Derivatives CLewis\6.30.2026\Work (Month End)\Valuations\Counterparty - ANIC Valuation 06302026_FINAL- Work.xlsx" 
"2026-07-08 07:00:00","WINDT142K3","68321776","NLUKONIS","Windows","0","Write + Read","G:\Group_Windt132k\Shared\ANICO\Derivatives CLewis\6.30.2026\Work (Month End)\Valuations\~$Counterparty - ANIC Valuation 06302026_FINAL- Work.xlsx" 
"2026-07-08 07:00:00","WINDT142K3","68321868","NLUKONIS","Windows","0","Write + Read","G:\Group_Windt132k\Shared\ANICO\Derivatives CLewis\6.30.2026\Work (Month End)\Valuations\~$Independent - ANIC Valuation 06302026_FINAL- Work.xlsx" 
"2026-07-08 07:00:00","WINDT142K3","68322052","NLUKONIS","Windows","0","Write + Read","G:\Group_Windt132k\Shared\ANICO\Derivatives CLewis\6.30.2026\Work (Month End)\Valuations\Independent - ANIC Valuation 06302026_FINAL- Work.xlsx" 
"2026-07-08 08:00:00",INFO: The system global flag 'maintain objects list' needs 
"2026-07-08 08:00:00",      to be enabled to see local opened files. 
"2026-07-08 08:00:00",      See Openfiles /? for more information. 
"2026-07-08 08:00:00",Files opened remotely via local share points: 
"2026-07-08 08:00:00",--------------------------------------------- 
"2026-07-08 08:00:00","Hostname","ID","Accessed By","Type","#Locks","Open Mode","Open File (Path\executable)" 
"2026-07-08 08:00:00","WINDT142K3","6","N/A","Windows","0","Write + Read","\PIPE\EVENTLOG" 
"2026-07-08 08:00:00","WINDT142K3","68321685","NLUKONIS","Windows","0","Write + Read","G:\Group_Windt132k\Shared\ANICO\Derivatives CLewis\6.30.2026\~$ANICO Options Mth End Procedures June 2026.xlsx" 
"2026-07-08 08:00:00","WINDT142K3","68321734","NLUKONIS","Windows","0","Read","G:\Group_Windt132k\Shared\ANICO\Derivatives CLewis\6.30.2026\Work (Month End)\Valuations" 
"2026-07-08 08:00:00","WINDT142K3","68321735","NLUKONIS","Windows","0","Read","G:\Group_Windt132k\Shared\ANICO\Derivatives CLewis\6.30.2026\Work (Month End)\Valuations" 
"2026-07-08 08:00:00","WINDT142K3","68324580","MMCMANUS","Windows","0","Read","G:\Group_Windt132k\Shared\REIT Team\SG Capital\Purchases\DLRes\2026\07.07.2026" 
"2026-07-08 08:00:00","WINDT142K3","68324581","MMCMANUS","Windows","0","Read","G:\Group_Windt132k\Shared\REIT Team\SG Capital\Purchases\DLRes\2026\07.07.2026" 
"2026-07-08 08:00:00","WINDT142K3","68324605","NLUKONIS","Windows","0","Write + Read","G:\Group_Windt132k\Shared\ANICO\Derivatives CLewis\6.30.2026\ANICO Options Mth End Procedures June 2026.xlsx" 
"2026-07-08 09:00:00",INFO: The system global flag 'maintain objects list' needs 
"2026-07-08 09:00:00",      to be enabled to see local opened files. 
"2026-07-08 09:00:00",      See Openfiles /? for more information. 
"2026-07-08 09:00:00",Files opened remotely via local share points: 
"2026-07-08 09:00:00",--------------------------------------------- 
"2026-07-08 09:00:00","Hostname","ID","Accessed By","Type","#Locks","Open Mode","Open File (Path\executable)" 
"2026-07-08 09:00:00","WINDT142K3","6","N/A","Windows","0","Write + Read","\PIPE\EVENTLOG" 
"2026-07-08 09:00:00","WINDT142K3","68321685","NLUKONIS","Windows","0","Write + Read","G:\Group_Windt132k\Shared\ANICO\Derivatives CLewis\6.30.2026\~$ANICO Options Mth End Procedures June 2026.xlsx" 
"2026-07-08 09:00:00","WINDT142K3","68321734","NLUKONIS","Windows","0","Read","G:\Group_Windt132k\Shared\ANICO\Derivatives CLewis\6.30.2026\Work (Month End)\Valuations" 
"2026-07-08 09:00:00","WINDT142K3","68321735","NLUKONIS","Windows","0","Read","G:\Group_Windt132k\Shared\ANICO\Derivatives CLewis\6.30.2026\Work (Month End)\Valuations" 
"2026-07-08 09:00:00","WINDT142K3","68325110","NLUKONIS","Windows","0","Read","G:\Group_Windt132k\Shared\ANICO\Derivatives CLewis\6.30.2026" 
"2026-07-08 09:00:00","WINDT142K3","68325111","NLUKONIS","Windows","0","Read","G:\Group_Windt132k\Shared\ANICO\Derivatives CLewis\6.30.2026" 
"2026-07-08 09:00:00","WINDT142K3","68325459","NLUKONIS","Windows","0","Write + Read","G:\Group_Windt132k\Shared\ANICO\Derivatives CLewis\6.30.2026\ANICO Options Mth End Procedures June 2026.xlsx" 
"2026-07-08 09:00:00","WINDT142K3","68326195","JCACCAVA","Windows","0","Write + Read","G:\Group_Windt132k\Shared\REIT Team\SG Capital\Monthly Report\2026\MoO\06.30.26\EOM\SGCAP Final PnL and Recon Endeavor 6.30.2026 Working.xlsx" 
"2026-07-08 09:00:00","WINDT142K3","68326200","JCACCAVA","Windows","0","Write + Read","G:\Group_Windt132k\Shared\REIT Team\SG Capital\Monthly Report\2026\MoO\06.30.26\EOM\~$SGCAP Final PnL and Recon Endeavor 6.30.2026 Working.xlsx" 
"2026-07-08 09:00:00","WINDT142K3","68326319","MMCMANUS","Windows","0","Read","G:\Group_Windt132k\Shared\REIT Team\SG Capital\Monthly Report\2026\MoO\06.30.26\EOM" 
"2026-07-08 09:00:00","WINDT142K3","68326320","MMCMANUS","Windows","0","Read","G:\Group_Windt132k\Shared\REIT Team\SG Capital\Monthly Report\2026\MoO\06.30.26\EOM" 
"2026-07-08 09:00:00","WINDT142K3","68326685","JCACCAVA","Windows","0","Write + Read","G:\Group_Windt132k\Shared\REIT Team\SG Capital\Monthly Report\2026\MoO\05.31.26\EOM\SGCAP Final PnL and Recon Endeavor 5.31.2026 Working.xlsx" 
"2026-07-08 09:00:00","WINDT142K3","68326702","JCACCAVA","Windows","0","Write + Read","G:\Group_Windt132k\Shared\REIT Team\SG Capital\Monthly Report\2026\MoO\05.31.26\EOM\~$SGCAP Final PnL and Recon Endeavor 5.31.2026 Working.xlsx" 
"2026-07-08 09:00:00","WINDT142K3","68326766","JCACCAVA","Windows","0","Read","G:\Group_Windt132k\Shared\REIT Team\SG Capital\Monthly Report\2026\MoO\05.31.26\EOM" 
"2026-07-08 09:00:00","WINDT142K3","68326767","JCACCAVA","Windows","0","Read","G:\Group_Windt132k\Shared\REIT Team\SG Capital\Monthly Report\2026\MoO\05.31.26\EOM" 
"2026-07-08 10:00:00",INFO: The system global flag 'maintain objects list' needs 
"2026-07-08 10:00:00",      to be enabled to see local opened files. 
"2026-07-08 10:00:00",      See Openfiles /? for more information. 
"2026-07-08 10:00:00",Files opened remotely via local share points: 
"2026-07-08 10:00:00",--------------------------------------------- 
"2026-07-08 10:00:00","Hostname","ID","Accessed By","Type","#Locks","Open Mode","Open File (Path\executable)" 
"2026-07-08 10:00:00","WINDT142K3","6","N/A","Windows","0","Write + Read","\PIPE\EVENTLOG" 
"2026-07-08 10:00:00","WINDT142K3","68321685","NLUKONIS","Windows","0","Write + Read","G:\Group_Windt132k\Shared\ANICO\Derivatives CLewis\6.30.2026\~$ANICO Options Mth End Procedures June 2026.xlsx" 
"2026-07-08 10:00:00","WINDT142K3","68325110","NLUKONIS","Windows","0","Read","G:\Group_Windt132k\Shared\ANICO\Derivatives CLewis\6.30.2026" 
"2026-07-08 10:00:00","WINDT142K3","68325111","NLUKONIS","Windows","0","Read","G:\Group_Windt132k\Shared\ANICO\Derivatives CLewis\6.30.2026" 
"2026-07-08 10:00:00","WINDT142K3","68325459","NLUKONIS","Windows","0","Write + Read","G:\Group_Windt132k\Shared\ANICO\Derivatives CLewis\6.30.2026\ANICO Options Mth End Procedures June 2026.xlsx" 
"2026-07-08 10:00:00","WINDT142K3","68326195","JCACCAVA","Windows","0","Write + Read","G:\Group_Windt132k\Shared\REIT Team\SG Capital\Monthly Report\2026\MoO\06.30.26\EOM\SGCAP Final PnL and Recon Endeavor 6.30.2026 Working.xlsx" 
"2026-07-08 10:00:00","WINDT142K3","68326200","JCACCAVA","Windows","0","Write + Read","G:\Group_Windt132k\Shared\REIT Team\SG Capital\Monthly Report\2026\MoO\06.30.26\EOM\~$SGCAP Final PnL and Recon Endeavor 6.30.2026 Working.xlsx" 
"2026-07-08 10:00:00","WINDT142K3","68326685","JCACCAVA","Windows","0","Write + Read","G:\Group_Windt132k\Shared\REIT Team\SG Capital\Monthly Report\2026\MoO\05.31.26\EOM\SGCAP Final PnL and Recon Endeavor 5.31.2026 Working.xlsx" 
"2026-07-08 10:00:00","WINDT142K3","68326702","JCACCAVA","Windows","0","Write + Read","G:\Group_Windt132k\Shared\REIT Team\SG Capital\Monthly Report\2026\MoO\05.31.26\EOM\~$SGCAP Final PnL and Recon Endeavor 5.31.2026 Working.xlsx" 
"2026-07-08 10:00:00","WINDT142K3","68326945","WEI.JIANG","Windows","0","Read","G:\Group_Windt132k\shared\REIT Team\Rompsen\Loans" 
"2026-07-08 10:00:00","WINDT142K3","68326946","WEI.JIANG","Windows","0","Read","G:\Group_Windt132k\shared\REIT Team\Rompsen\Loans" 
"2026-07-08 10:00:00","WINDT142K3","68326947","WEI.JIANG","Windows","0","Read","G:\Group_Windt132k\shared\REIT Team\Rompsen" 
"2026-07-08 10:00:00","WINDT142K3","68326948","WEI.JIANG","Windows","0","Read","G:\Group_Windt132k\shared\REIT Team\Rompsen" 
"2026-07-08 10:00:00","WINDT142K3","68326949","WEI.JIANG","Windows","0","Read","G:\Group_Windt132k\shared\REIT Team\Romspen CAD Shadow" 
"2026-07-08 10:00:00","WINDT142K3","68326950","WEI.JIANG","Windows","0","Read","G:\Group_Windt132k\shared\REIT Team\Romspen CAD Shadow" 
"2026-07-08 10:00:00","WINDT142K3","68326951","WEI.JIANG","Windows","0","Read","G:\Group_Windt132k\shared\REIT Team" 
"2026-07-08 10:00:00","WINDT142K3","68326952","WEI.JIANG","Windows","0","Read","G:\Group_Windt132k\shared\REIT Team" 
"2026-07-08 10:00:00","WINDT142K3","68326953","WEI.JIANG","Windows","0","Read","G:\Group_Windt132k\shared\REIT Team\Post Road" 
"2026-07-08 10:00:00","WINDT142K3","68326954","WEI.JIANG","Windows","0","Read","G:\Group_Windt132k\shared\REIT Team\Post Road" 
"2026-07-08 10:00:00","WINDT142K3","68326955","WEI.JIANG","Windows","0","Read","G:\Group_Windt132k\shared\REIT Team\Valley National Bank\Syndication Loan" 
"2026-07-08 10:00:00","WINDT142K3","68326956","WEI.JIANG","Windows","0","Read","G:\Group_Windt132k\shared\REIT Team\Valley National Bank\Syndication Loan" 
"2026-07-08 10:00:00","WINDT142K3","68326957","WEI.JIANG","Windows","0","Read","G:\Group_Windt132k\shared\REIT Team\Valley National Bank\Synd Bought Loan" 
"2026-07-08 10:00:00","WINDT142K3","68326958","WEI.JIANG","Windows","0","Read","G:\Group_Windt132k\shared\REIT Team\Valley National Bank\Synd Bought Loan" 
"2026-07-08 10:00:00","WINDT142K3","68326959","WEI.JIANG","Windows","0","Read","G:\Group_Windt132k\shared\REIT Team\Valley National Bank\Participation Sold Loan" 
"2026-07-08 10:00:00","WINDT142K3","68326960","WEI.JIANG","Windows","0","Read","G:\Group_Windt132k\shared\REIT Team\Valley National Bank\Participation Sold Loan" 
"2026-07-08 10:00:00","WINDT142K3","68326961","WEI.JIANG","Windows","0","Read","G:\Group_Windt132k\shared\REIT Team\Valley National Bank" 
"2026-07-08 10:00:00","WINDT142K3","68326962","WEI.JIANG","Windows","0","Read","G:\Group_Windt132k\shared\REIT Team\Valley National Bank" 
"2026-07-08 10:00:00","WINDT142K3","68326963","WEI.JIANG","Windows","0","Read","G:\Group_Windt132k\shared\REIT Team\Peachtree\Cadence Bank Transactions" 
"2026-07-08 10:00:00","WINDT142K3","68326964","WEI.JIANG","Windows","0","Read","G:\Group_Windt132k\shared\REIT Team\Peachtree\Cadence Bank Transactions" 
"2026-07-08 10:00:00","WINDT142K3","68326965","WEI.JIANG","Windows","0","Read","G:\Group_Windt132k\shared\REIT Team\Peachtree\PCFIV" 
"2026-07-08 10:00:00","WINDT142K3","68326966","WEI.JIANG","Windows","0","Read","G:\Group_Windt132k\shared\REIT Team\Peachtree\PCFIV" 
"2026-07-08 10:00:00","WINDT142K3","68326967","WEI.JIANG","Windows","0","Read","G:\Group_Windt132k\shared\REIT Team\Peachtree\Non Fund (NF) - Loans in PDOF" 
"2026-07-08 10:00:00","WINDT142K3","68326968","WEI.JIANG","Windows","0","Read","G:\Group_Windt132k\shared\REIT Team\Peachtree\Non Fund (NF) - Loans in PDOF" 
"2026-07-08 10:00:00","WINDT142K3","68326969","WEI.JIANG","Windows","0","Read","G:\Group_Windt132k\shared\REIT Team\Peachtree\PSOF\Billing Statement" 
"2026-07-08 10:00:00","WINDT142K3","68326970","WEI.JIANG","Windows","0","Read","G:\Group_Windt132k\shared\REIT Team\Peachtree\PSOF\Billing Statement" 
"2026-07-08 10:00:00","WINDT142K3","68326971","WEI.JIANG","Windows","0","Read","G:\Group_Windt132k\shared\REIT Team\Peachtree\PSOF" 
"2026-07-08 10:00:00","WINDT142K3","68326972","WEI.JIANG","Windows","0","Read","G:\Group_Windt132k\shared\REIT Team\Peachtree\PSOF" 
"2026-07-08 10:00:00","WINDT142K3","68326973","WEI.JIANG","Windows","0","Read","G:\Group_Windt132k\shared\REIT Team\Peachtree\PDOF\Billing Statements" 
"2026-07-08 10:00:00","WINDT142K3","68326974","WEI.JIANG","Windows","0","Read","G:\Group_Windt132k\shared\REIT Team\Peachtree\PDOF\Billing Statements" 
"2026-07-08 10:00:00","WINDT142K3","68326975","WEI.JIANG","Windows","0","Read","G:\Group_Windt132k\shared\REIT Team\Peachtree\PDOF" 
"2026-07-08 10:00:00","WINDT142K3","68326976","WEI.JIANG","Windows","0","Read","G:\Group_Windt132k\shared\REIT Team\Peachtree\PDOF" 
"2026-07-08 10:00:00","WINDT142K3","68326977","WEI.JIANG","Windows","0","Read","G:\Group_Windt132k\shared\REIT Team\Peachtree\FUND III" 
"2026-07-08 10:00:00","WINDT142K3","68326978","WEI.JIANG","Windows","0","Read","G:\Group_Windt132k\shared\REIT Team\Peachtree\FUND III" 
"2026-07-08 10:00:00","WINDT142K3","68326979","WEI.JIANG","Windows","0","Read","G:\Group_Windt132k\shared\REIT Team\Peachtree\FUND II" 
"2026-07-08 10:00:00","WINDT142K3","68326980","WEI.JIANG","Windows","0","Read","G:\Group_Windt132k\shared\REIT Team\Peachtree\FUND II" 
"2026-07-08 10:00:00","WINDT142K3","68326981","WEI.JIANG","Windows","0","Read","G:\Group_Windt132k\shared\REIT Team\Peachtree" 
"2026-07-08 10:00:00","WINDT142K3","68326982","WEI.JIANG","Windows","0","Read","G:\Group_Windt132k\shared\REIT Team\Peachtree" 
"2026-07-08 10:00:00","WINDT142K3","68326983","WEI.JIANG","Windows","0","Read","G:\Group_Windt132k\shared\REIT Team\Rompsen\WF Transactions" 
"2026-07-08 10:00:00","WINDT142K3","68326984","WEI.JIANG","Windows","0","Read","G:\Group_Windt132k\shared\REIT Team\Rompsen\WF Transactions" 
"2026-07-08 10:00:00","WINDT142K3","68326985","WEI.JIANG","Windows","0","Read","G:\Group_Windt132k\shared\REIT Team\Rompsen\Loan expense to be reimbursed by borrower" 
"2026-07-08 10:00:00","WINDT142K3","68326987","WEI.JIANG","Windows","0","Read","G:\Group_Windt132k\shared\REIT Team\Rompsen\Loan expense to be reimbursed by borrower" 
"2026-07-08 10:00:00","WINDT142K3","68326988","WEI.JIANG","Windows","0","Read","G:\Group_Windt132k\shared\REIT Team\Rompsen\Mortgage Statement" 
"2026-07-08 10:00:00","WINDT142K3","68326989","WEI.JIANG","Windows","0","Read","G:\Group_Windt132k\shared\REIT Team\Rompsen\Mortgage Statement" 
"2026-07-08 10:00:00","WINDT142K3","68326990","WEI.JIANG","Windows","0","Read","G:\Group_Windt132k\shared\REIT Team\Rompsen\Monthly Report" 
"2026-07-08 10:00:00","WINDT142K3","68326991","WEI.JIANG","Windows","0","Read","G:\Group_Windt132k\shared\REIT Team\Rompsen\Monthly Report" 
"2026-07-08 10:00:00","WINDT142K3","68327329","BMCADOO","Windows","0","Read","G:\Group_Windt132k\Shared\KofC\KofC 2026\26.06\FH Reports" 
"2026-07-08 10:00:00","WINDT142K3","68327332","BMCADOO","Windows","0","Read","G:\Group_Windt132k\Shared\KofC\KofC 2026\26.06\FH Reports" 
"2026-07-08 10:00:00","WINDT142K3","68327581","BMCADOO","Windows","0","Write + Read","G:\Group_Windt132k\Shared\KofC\KofC 2026\26.06\FH Reports\KofC Transactions Report as of 6-30-26v3.xlsx" 
"2026-07-08 10:00:00","WINDT142K3","68327586","BMCADOO","Windows","0","Write + Read","G:\Group_Windt132k\Shared\KofC\KofC 2026\26.06\FH Reports\~$KofC Transactions Report as of 6-30-26v3.xlsx" 
"2026-07-08 10:00:00","WINDT142K3","68327645","BMCADOO","Windows","0","Write + Read","G:\Group_Windt132k\Shared\KofC\KofC 2026\26.06\FH Reports\KofC Valuations Report as of 6-30-26v4.xlsx" 
"2026-07-08 10:00:00","WINDT142K3","68327649","BMCADOO","Windows","0","Write + Read","G:\Group_Windt132k\Shared\KofC\KofC 2026\26.06\FH Reports\~$KofC Valuations Report as of 6-30-26v4.xlsx" 
"2026-07-08 10:00:00","WINDT142K3","68327935","KCARTA","Windows","0","Write + Read","G:\Group_Windt132k\Shared\REIT Team\Saluda Grade\Loan Servicing\2026\06 June 2026\June 2026 Checklist.xlsx" 
"2026-07-08 10:00:00","WINDT142K3","68327939","KCARTA","Windows","0","Write + Read","G:\Group_Windt132k\Shared\REIT Team\Saluda Grade\Loan Servicing\2026\06 June 2026\~$June 2026 Checklist.xlsx" 
"2026-07-08 10:00:00","WINDT142K3","68328580","KCARTA","Windows","0","Write + Read","G:\Group_Windt132k\Shared\REIT Team\Saluda Grade\Loan Servicing\2026\06 June 2026\Remits\Fay\Remittance_AYH_2026_05_31 working.xlsx" 
"2026-07-08 10:00:00","WINDT142K3","68328583","KCARTA","Windows","0","Write + Read","G:\Group_Windt132k\Shared\REIT Team\Saluda Grade\Loan Servicing\2026\06 June 2026\Remits\Fay\~$Remittance_AYH_2026_05_31 working.xlsx" 
"2026-07-08 10:00:00","WINDT142K3","68329275","JCACCAVA","Windows","0","Read","G:\Group_Windt132k\Shared\REIT Team\SG Capital\Monthly Report\2026\MoO\04.30.26\Remit" 
"2026-07-08 10:00:00","WINDT142K3","68329276","JCACCAVA","Windows","0","Read","G:\Group_Windt132k\Shared\REIT Team\SG Capital\Monthly Report\2026\MoO\04.30.26\Remit" 
"2026-07-08 10:00:00","WINDT142K3","68329382","KCARTA","Windows","0","Read","G:\Group_Windt132k\Shared\REIT Team\Saluda Grade\Loan Servicing\2026\06 June 2026\Remits\Fay" 
"2026-07-08 10:00:00","WINDT142K3","68329383","KCARTA","Windows","0","Read","G:\Group_Windt132k\Shared\REIT Team\Saluda Grade\Loan Servicing\2026\06 June 2026\Remits\Fay" 
"2026-07-08 10:00:00","WINDT142K3","68329843","MMCMANUS","Windows","0","Read","G:\Group_Windt132k\Shared\REIT Team\SG Capital\Monthly Report\2026\MoO\06.30.26\EOM" 
"2026-07-08 10:00:00","WINDT142K3","68329844","MMCMANUS","Windows","0","Read","G:\Group_Windt132k\Shared\REIT Team\SG Capital\Monthly Report\2026\MoO\06.30.26\EOM" 
"2026-07-08 10:00:00","WINDT142K3","68329973","KZIADIE","Windows","0","Read","G:\Group_Windt132k\Shared\REIT Team\Peachtree\Cortland\2026\06 Jun 2026" 
"2026-07-08 10:00:00","WINDT142K3","68329974","KZIADIE","Windows","0","Read","G:\Group_Windt132k\Shared\REIT Team\Peachtree\Cortland\2026\06 Jun 2026" 
"2026-07-08 10:00:00","WINDT142K3","68330336","NLUKONIS","Windows","0","Read","G:\Group_Windt132k\Shared\ANICO\Derivatives CLewis\AMSQuery" 
"2026-07-08 10:00:00","WINDT142K3","68330337","NLUKONIS","Windows","0","Read","G:\Group_Windt132k\Shared\ANICO\Derivatives CLewis\AMSQuery" 
"2026-07-08 10:00:00","WINDT142K3","68330339","RKUMAR3","Windows","0","Write + Read","G:\Group_Windt132k\Shared\ANICO\Derivatives CLewis\AMSQuery\SPX Rates For Month.dqy" 
"2026-07-08 11:00:00",INFO: The system global flag 'maintain objects list' needs 
"2026-07-08 11:00:00",      to be enabled to see local opened files. 
"2026-07-08 11:00:00",      See Openfiles /? for more information. 
"2026-07-08 11:00:00",Files opened remotely via local share points: 
"2026-07-08 11:00:00",--------------------------------------------- 
"2026-07-08 11:00:00","Hostname","ID","Accessed By","Type","#Locks","Open Mode","Open File (Path\executable)" 
"2026-07-08 11:00:00","WINDT142K3","6","N/A","Windows","0","Write + Read","\PIPE\EVENTLOG" 
"2026-07-08 11:00:00","WINDT142K3","68321685","NLUKONIS","Windows","0","Write + Read","G:\Group_Windt132k\Shared\ANICO\Derivatives CLewis\6.30.2026\~$ANICO Options Mth End Procedures June 2026.xlsx" 
"2026-07-08 11:00:00","WINDT142K3","68325110","NLUKONIS","Windows","0","Read","G:\Group_Windt132k\Shared\ANICO\Derivatives CLewis\6.30.2026" 
"2026-07-08 11:00:00","WINDT142K3","68325111","NLUKONIS","Windows","0","Read","G:\Group_Windt132k\Shared\ANICO\Derivatives CLewis\6.30.2026" 
"2026-07-08 11:00:00","WINDT142K3","68325459","NLUKONIS","Windows","0","Write + Read","G:\Group_Windt132k\Shared\ANICO\Derivatives CLewis\6.30.2026\ANICO Options Mth End Procedures June 2026.xlsx" 
"2026-07-08 11:00:00","WINDT142K3","68326945","WEI.JIANG","Windows","0","Read","G:\Group_Windt132k\shared\REIT Team\Rompsen\Loans" 
"2026-07-08 11:00:00","WINDT142K3","68326946","WEI.JIANG","Windows","0","Read","G:\Group_Windt132k\shared\REIT Team\Rompsen\Loans" 
"2026-07-08 11:00:00","WINDT142K3","68326947","WEI.JIANG","Windows","0","Read","G:\Group_Windt132k\shared\REIT Team\Rompsen" 
"2026-07-08 11:00:00","WINDT142K3","68326948","WEI.JIANG","Windows","0","Read","G:\Group_Windt132k\shared\REIT Team\Rompsen" 
"2026-07-08 11:00:00","WINDT142K3","68326949","WEI.JIANG","Windows","0","Read","G:\Group_Windt132k\shared\REIT Team\Romspen CAD Shadow" 
"2026-07-08 11:00:00","WINDT142K3","68326950","WEI.JIANG","Windows","0","Read","G:\Group_Windt132k\shared\REIT Team\Romspen CAD Shadow" 
"2026-07-08 11:00:00","WINDT142K3","68326951","WEI.JIANG","Windows","0","Read","G:\Group_Windt132k\shared\REIT Team" 
"2026-07-08 11:00:00","WINDT142K3","68326952","WEI.JIANG","Windows","0","Read","G:\Group_Windt132k\shared\REIT Team" 
"2026-07-08 11:00:00","WINDT142K3","68326953","WEI.JIANG","Windows","0","Read","G:\Group_Windt132k\shared\REIT Team\Post Road" 
"2026-07-08 11:00:00","WINDT142K3","68326954","WEI.JIANG","Windows","0","Read","G:\Group_Windt132k\shared\REIT Team\Post Road" 
"2026-07-08 11:00:00","WINDT142K3","68326955","WEI.JIANG","Windows","0","Read","G:\Group_Windt132k\shared\REIT Team\Valley National Bank\Syndication Loan" 
"2026-07-08 11:00:00","WINDT142K3","68326956","WEI.JIANG","Windows","0","Read","G:\Group_Windt132k\shared\REIT Team\Valley National Bank\Syndication Loan" 
"2026-07-08 11:00:00","WINDT142K3","68326957","WEI.JIANG","Windows","0","Read","G:\Group_Windt132k\shared\REIT Team\Valley National Bank\Synd Bought Loan" 
"2026-07-08 11:00:00","WINDT142K3","68326958","WEI.JIANG","Windows","0","Read","G:\Group_Windt132k\shared\REIT Team\Valley National Bank\Synd Bought Loan" 
"2026-07-08 11:00:00","WINDT142K3","68326959","WEI.JIANG","Windows","0","Read","G:\Group_Windt132k\shared\REIT Team\Valley National Bank\Participation Sold Loan" 
"2026-07-08 11:00:00","WINDT142K3","68326960","WEI.JIANG","Windows","0","Read","G:\Group_Windt132k\shared\REIT Team\Valley National Bank\Participation Sold Loan" 
"2026-07-08 11:00:00","WINDT142K3","68326961","WEI.JIANG","Windows","0","Read","G:\Group_Windt132k\shared\REIT Team\Valley National Bank" 
"2026-07-08 11:00:00","WINDT142K3","68326962","WEI.JIANG","Windows","0","Read","G:\Group_Windt132k\shared\REIT Team\Valley National Bank" 
"2026-07-08 11:00:00","WINDT142K3","68326963","WEI.JIANG","Windows","0","Read","G:\Group_Windt132k\shared\REIT Team\Peachtree\Cadence Bank Transactions" 
"2026-07-08 11:00:00","WINDT142K3","68326964","WEI.JIANG","Windows","0","Read","G:\Group_Windt132k\shared\REIT Team\Peachtree\Cadence Bank Transactions" 
"2026-07-08 11:00:00","WINDT142K3","68326965","WEI.JIANG","Windows","0","Read","G:\Group_Windt132k\shared\REIT Team\Peachtree\PCFIV" 
"2026-07-08 11:00:00","WINDT142K3","68326966","WEI.JIANG","Windows","0","Read","G:\Group_Windt132k\shared\REIT Team\Peachtree\PCFIV" 
"2026-07-08 11:00:00","WINDT142K3","68326967","WEI.JIANG","Windows","0","Read","G:\Group_Windt132k\shared\REIT Team\Peachtree\Non Fund (NF) - Loans in PDOF" 
"2026-07-08 11:00:00","WINDT142K3","68326968","WEI.JIANG","Windows","0","Read","G:\Group_Windt132k\shared\REIT Team\Peachtree\Non Fund (NF) - Loans in PDOF" 
"2026-07-08 11:00:00","WINDT142K3","68326969","WEI.JIANG","Windows","0","Read","G:\Group_Windt132k\shared\REIT Team\Peachtree\PSOF\Billing Statement" 
"2026-07-08 11:00:00","WINDT142K3","68326970","WEI.JIANG","Windows","0","Read","G:\Group_Windt132k\shared\REIT Team\Peachtree\PSOF\Billing Statement" 
"2026-07-08 11:00:00","WINDT142K3","68326971","WEI.JIANG","Windows","0","Read","G:\Group_Windt132k\shared\REIT Team\Peachtree\PSOF" 
"2026-07-08 11:00:00","WINDT142K3","68326972","WEI.JIANG","Windows","0","Read","G:\Group_Windt132k\shared\REIT Team\Peachtree\PSOF" 
"2026-07-08 11:00:00","WINDT142K3","68326973","WEI.JIANG","Windows","0","Read","G:\Group_Windt132k\shared\REIT Team\Peachtree\PDOF\Billing Statements" 
"2026-07-08 11:00:00","WINDT142K3","68326974","WEI.JIANG","Windows","0","Read","G:\Group_Windt132k\shared\REIT Team\Peachtree\PDOF\Billing Statements" 
"2026-07-08 11:00:00","WINDT142K3","68326975","WEI.JIANG","Windows","0","Read","G:\Group_Windt132k\shared\REIT Team\Peachtree\PDOF" 
"2026-07-08 11:00:00","WINDT142K3","68326976","WEI.JIANG","Windows","0","Read","G:\Group_Windt132k\shared\REIT Team\Peachtree\PDOF" 
"2026-07-08 11:00:00","WINDT142K3","68326977","WEI.JIANG","Windows","0","Read","G:\Group_Windt132k\shared\REIT Team\Peachtree\FUND III" 
"2026-07-08 11:00:00","WINDT142K3","68326978","WEI.JIANG","Windows","0","Read","G:\Group_Windt132k\shared\REIT Team\Peachtree\FUND III" 
"2026-07-08 11:00:00","WINDT142K3","68326979","WEI.JIANG","Windows","0","Read","G:\Group_Windt132k\shared\REIT Team\Peachtree\FUND II" 
"2026-07-08 11:00:00","WINDT142K3","68326980","WEI.JIANG","Windows","0","Read","G:\Group_Windt132k\shared\REIT Team\Peachtree\FUND II" 
"2026-07-08 11:00:00","WINDT142K3","68326981","WEI.JIANG","Windows","0","Read","G:\Group_Windt132k\shared\REIT Team\Peachtree" 
"2026-07-08 11:00:00","WINDT142K3","68326982","WEI.JIANG","Windows","0","Read","G:\Group_Windt132k\shared\REIT Team\Peachtree" 
"2026-07-08 11:00:00","WINDT142K3","68326983","WEI.JIANG","Windows","0","Read","G:\Group_Windt132k\shared\REIT Team\Rompsen\WF Transactions" 
"2026-07-08 11:00:00","WINDT142K3","68326984","WEI.JIANG","Windows","0","Read","G:\Group_Windt132k\shared\REIT Team\Rompsen\WF Transactions" 
"2026-07-08 11:00:00","WINDT142K3","68326985","WEI.JIANG","Windows","0","Read","G:\Group_Windt132k\shared\REIT Team\Rompsen\Loan expense to be reimbursed by borrower" 
"2026-07-08 11:00:00","WINDT142K3","68326987","WEI.JIANG","Windows","0","Read","G:\Group_Windt132k\shared\REIT Team\Rompsen\Loan expense to be reimbursed by borrower" 
"2026-07-08 11:00:00","WINDT142K3","68326988","WEI.JIANG","Windows","0","Read","G:\Group_Windt132k\shared\REIT Team\Rompsen\Mortgage Statement" 
"2026-07-08 11:00:00","WINDT142K3","68326989","WEI.JIANG","Windows","0","Read","G:\Group_Windt132k\shared\REIT Team\Rompsen\Mortgage Statement" 
"2026-07-08 11:00:00","WINDT142K3","68326990","WEI.JIANG","Windows","0","Read","G:\Group_Windt132k\shared\REIT Team\Rompsen\Monthly Report" 
"2026-07-08 11:00:00","WINDT142K3","68326991","WEI.JIANG","Windows","0","Read","G:\Group_Windt132k\shared\REIT Team\Rompsen\Monthly Report" 
"2026-07-08 11:00:00","WINDT142K3","68327581","BMCADOO","Windows","0","Write + Read","G:\Group_Windt132k\Shared\KofC\KofC 2026\26.06\FH Reports\KofC Transactions Report as of 6-30-26v3.xlsx" 
"2026-07-08 11:00:00","WINDT142K3","68327586","BMCADOO","Windows","0","Write + Read","G:\Group_Windt132k\Shared\KofC\KofC 2026\26.06\FH Reports\~$KofC Transactions Report as of 6-30-26v3.xlsx" 
"2026-07-08 11:00:00","WINDT142K3","68327645","BMCADOO","Windows","0","Write + Read","G:\Group_Windt132k\Shared\KofC\KofC 2026\26.06\FH Reports\KofC Valuations Report as of 6-30-26v4.xlsx" 
"2026-07-08 11:00:00","WINDT142K3","68327649","BMCADOO","Windows","0","Write + Read","G:\Group_Windt132k\Shared\KofC\KofC 2026\26.06\FH Reports\~$KofC Valuations Report as of 6-30-26v4.xlsx" 
"2026-07-08 11:00:00","WINDT142K3","68327935","KCARTA","Windows","0","Write + Read","G:\Group_Windt132k\Shared\REIT Team\Saluda Grade\Loan Servicing\2026\06 June 2026\June 2026 Checklist.xlsx" 
"2026-07-08 11:00:00","WINDT142K3","68327939","KCARTA","Windows","0","Write + Read","G:\Group_Windt132k\Shared\REIT Team\Saluda Grade\Loan Servicing\2026\06 June 2026\~$June 2026 Checklist.xlsx" 
"2026-07-08 11:00:00","WINDT142K3","68330867","MMCMANUS","Windows","0","Write + Read","G:\Group_Windt132k\Shared\REIT Team\SG Capital\Monthly Report\2026\MoO\06.30.26\EOM\~$SGCAP Final PnL and Recon Endeavor 6.30.2026 Working.xlsx" 
"2026-07-08 11:00:00","WINDT142K3","68331066","JCACCAVA","Windows","0","Read","G:\Group_Windt132k\Shared\REIT Team\SG Capital\Monthly Report\2026\MoO\06.30.26\EOM" 
"2026-07-08 11:00:00","WINDT142K3","68331072","JCACCAVA","Windows","0","Read","G:\Group_Windt132k\Shared\REIT Team\SG Capital\Monthly Report\2026\MoO\06.30.26\EOM" 
"2026-07-08 11:00:00","WINDT142K3","68331135","KCARTA","Windows","0","Read","G:\Group_Windt132k\Shared\REIT Team\Saluda Grade\Loan Servicing\2026\05 May 2026\Remit Recons\Reviewed" 
"2026-07-08 11:00:00","WINDT142K3","68331136","KCARTA","Windows","0","Read","G:\Group_Windt132k\Shared\REIT Team\Saluda Grade\Loan Servicing\2026\05 May 2026\Remit Recons\Reviewed" 
"2026-07-08 11:00:00","WINDT142K3","68331610","MMCMANUS","Windows","0","Write + Read","G:\Group_Windt132k\Shared\REIT Team\SG Capital\Monthly Report\2026\MoO\06.30.26\EOM\SGCAP Final PnL and Recon Endeavor 6.30.2026 Working.xlsx" 
"2026-07-08 11:00:00","WINDT142K3","68333145","NLUKONIS","Windows","0","Write + Read","G:\Group_Windt132k\Shared\ANICO\Derivatives CLewis\6.30.2026\Work (Month End)\GL Recon\~$ANICO Options STAT Recon 6.30.26 - Work.xlsx" 
"2026-07-08 11:00:00","WINDT142K3","68333184","NLUKONIS","Windows","0","Write + Read","G:\Group_Windt132k\Shared\ANICO\Derivatives CLewis\6.30.2026\Work (Month End)\GL Recon\ANICO Options STAT Recon 6.30.26 - Work.xlsx" 
"2026-07-08 11:00:00","WINDT142K3","68334813","MMCMANUS","Windows","0","Read","G:\Group_Windt132k\Shared\REIT Team\SG Capital\Monthly Report\2026\MoO\06.30.26\EOM" 
"2026-07-08 11:00:00","WINDT142K3","68334816","MMCMANUS","Windows","0","Read","G:\Group_Windt132k\Shared\REIT Team\SG Capital\Monthly Report\2026\MoO\06.30.26\EOM" 
"2026-07-08 11:00:00","WINDT142K3","68334945","MMCMANUS","Windows","0","Write + Read","G:\Group_Windt132k\Shared\REIT Team\SG Capital\Monthly Report\2026\MoO\06.30.26\EOM\~$SGCAP Final PnL and Recon 6.30.2026 M Fund Working.xlsx" 
"2026-07-08 11:00:00","WINDT142K3","68335004","KZIADIE","Windows","0","Write + Read","G:\Group_Windt132k\Shared\REIT Team\Peachtree\PCFIV\26006P4N DoubleTree - Deerfield Beach, FL\Loan Mod\DT - Deerfield Beach_Interest Calculations Post Mod Peachtree 4.30.26.xlsx" 
"2026-07-08 11:00:00","WINDT142K3","68335010","KZIADIE","Windows","0","Write + Read","G:\Group_Windt132k\Shared\REIT Team\Peachtree\PCFIV\26006P4N DoubleTree - Deerfield Beach, FL\Loan Mod\~$DT - Deerfield Beach_Interest Calculations Post Mod Peachtree 4.30.26.xlsx" 
"2026-07-08 11:00:00","WINDT142K3","68335113","NLUKONIS","Windows","0","Read","G:\Group_Windt132k\Shared\ANICO\Derivatives CLewis" 
"2026-07-08 11:00:00","WINDT142K3","68335114","NLUKONIS","Windows","0","Read","G:\Group_Windt132k\Shared\ANICO\Derivatives CLewis" 
"2026-07-08 11:00:00","WINDT142K3","68335335","BMCADOO","Windows","0","Read","G:\Group_Windt132k\Shared\KofC\KofC 2026\26.01" 
"2026-07-08 11:00:00","WINDT142K3","68335337","BMCADOO","Windows","0","Read","G:\Group_Windt132k\Shared\KofC\KofC 2026\26.01" 
"2026-07-08 11:00:00","WINDT142K3","68335540","BMCADOO","Windows","0","Write + Read","G:\Group_Windt132k\Shared\KofC\KofC 2026\26.01\KOFC LP Control GAAP and STAT EMA_January 2026_Alt Method_v2.xlsx" 
"2026-07-08 11:00:00","WINDT142K3","68335565","BMCADOO","Windows","0","Write + Read","G:\Group_Windt132k\Shared\KofC\KofC 2026\26.01\~$KOFC LP Control GAAP and STAT EMA_January 2026_Alt Method_v2.xlsx" 
"2026-07-08 11:00:00","WINDT142K3","68335692","KCARTA","Windows","0","Read","G:\Group_Windt132k\Shared\REIT Team\Saluda Grade\Loan Servicing\2026\06 June 2026\Remit Recons" 
"2026-07-08 11:00:00","WINDT142K3","68335694","KCARTA","Windows","0","Read","G:\Group_Windt132k\Shared\REIT Team\Saluda Grade\Loan Servicing\2026\06 June 2026\Remit Recons" 
"2026-07-08 11:00:00","WINDT142K3","68336149","TFEBLES","Windows","0","Read","G:\Group_Windt132k\Shared\REIT Team\Rompsen\Monthly Report\07.31.2026" 
"2026-07-08 11:00:00","WINDT142K3","68336151","TFEBLES","Windows","0","Read","G:\Group_Windt132k\Shared\REIT Team\Rompsen\Monthly Report\07.31.2026" 
"2026-07-08 11:00:00","WINDT142K3","68336518","KZIADIE","Windows","0","Write + Read","G:\Group_Windt132k\Shared\REIT Team\Peachtree\PCFIV\Billing Statement\2026\01.01.2026\MortgageBillingStatement_Peachtree_PCFIV_01.01.2026_26006P4N Loan Mod.xlsx" 
"2026-07-08 11:00:00","WINDT142K3","68336523","KZIADIE","Windows","0","Write + Read","G:\Group_Windt132k\Shared\REIT Team\Peachtree\PCFIV\Billing Statement\2026\01.01.2026\~$MortgageBillingStatement_Peachtree_PCFIV_01.01.2026_26006P4N Loan Mod.xlsx" 
"2026-07-08 11:00:00","WINDT142K3","68336628","KZIADIE","Windows","0","Read","G:\Group_Windt132k\Shared\REIT Team\Peachtree\PCFIV\Billing Statement\2026\01.01.2026" 
"2026-07-08 11:00:00","WINDT142K3","68336629","KZIADIE","Windows","0","Read","G:\Group_Windt132k\Shared\REIT Team\Peachtree\PCFIV\Billing Statement\2026\01.01.2026" 
"2026-07-08 11:00:00","WINDT142K3","68336743","DBETTERS","Windows","0","Read","G:\Group_Windt132k\Shared\ANICO\SMA\Implementation CLewis\2026_06_30" 
"2026-07-08 11:00:00","WINDT142K3","68336744","DBETTERS","Windows","0","Read","G:\Group_Windt132k\Shared\ANICO\SMA\Implementation CLewis\2026_06_30" 
"2026-07-08 11:00:00","WINDT142K3","68336796","MMCMANUS","Windows","0","Write + Read","G:\Group_Windt132k\Shared\REIT Team\SG Capital\Monthly Report\2026\MoO\06.30.26\EOM\SGCAP Final PnL and Recon 6.30.2026 M Fund Working.xlsx" 
"2026-07-08 12:00:00",INFO: The system global flag 'maintain objects list' needs 
"2026-07-08 12:00:00",      to be enabled to see local opened files. 
"2026-07-08 12:00:00",      See Openfiles /? for more information. 
"2026-07-08 12:00:00",Files opened remotely via local share points: 
"2026-07-08 12:00:00",--------------------------------------------- 
"2026-07-08 12:00:00","Hostname","ID","Accessed By","Type","#Locks","Open Mode","Open File (Path\executable)" 
"2026-07-08 12:00:00","WINDT142K3","6","N/A","Windows","0","Write + Read","\PIPE\EVENTLOG" 
"2026-07-08 12:00:00","WINDT142K3","68321685","NLUKONIS","Windows","0","Write + Read","G:\Group_Windt132k\Shared\ANICO\Derivatives CLewis\6.30.2026\~$ANICO Options Mth End Procedures June 2026.xlsx" 
"2026-07-08 12:00:00","WINDT142K3","68325459","NLUKONIS","Windows","0","Write + Read","G:\Group_Windt132k\Shared\ANICO\Derivatives CLewis\6.30.2026\ANICO Options Mth End Procedures June 2026.xlsx" 
"2026-07-08 12:00:00","WINDT142K3","68327581","BMCADOO","Windows","0","Write + Read","G:\Group_Windt132k\Shared\KofC\KofC 2026\26.06\FH Reports\KofC Transactions Report as of 6-30-26v3.xlsx" 
"2026-07-08 12:00:00","WINDT142K3","68327586","BMCADOO","Windows","0","Write + Read","G:\Group_Windt132k\Shared\KofC\KofC 2026\26.06\FH Reports\~$KofC Transactions Report as of 6-30-26v3.xlsx" 
"2026-07-08 12:00:00","WINDT142K3","68327645","BMCADOO","Windows","0","Write + Read","G:\Group_Windt132k\Shared\KofC\KofC 2026\26.06\FH Reports\KofC Valuations Report as of 6-30-26v4.xlsx" 
"2026-07-08 12:00:00","WINDT142K3","68327649","BMCADOO","Windows","0","Write + Read","G:\Group_Windt132k\Shared\KofC\KofC 2026\26.06\FH Reports\~$KofC Valuations Report as of 6-30-26v4.xlsx" 
"2026-07-08 12:00:00","WINDT142K3","68327935","KCARTA","Windows","0","Write + Read","G:\Group_Windt132k\Shared\REIT Team\Saluda Grade\Loan Servicing\2026\06 June 2026\June 2026 Checklist.xlsx" 
"2026-07-08 12:00:00","WINDT142K3","68327939","KCARTA","Windows","0","Write + Read","G:\Group_Windt132k\Shared\REIT Team\Saluda Grade\Loan Servicing\2026\06 June 2026\~$June 2026 Checklist.xlsx" 
"2026-07-08 12:00:00","WINDT142K3","68331135","KCARTA","Windows","0","Read","G:\Group_Windt132k\Shared\REIT Team\Saluda Grade\Loan Servicing\2026\05 May 2026\Remit Recons\Reviewed" 
"2026-07-08 12:00:00","WINDT142K3","68331136","KCARTA","Windows","0","Read","G:\Group_Windt132k\Shared\REIT Team\Saluda Grade\Loan Servicing\2026\05 May 2026\Remit Recons\Reviewed" 
"2026-07-08 12:00:00","WINDT142K3","68335540","BMCADOO","Windows","0","Write + Read","G:\Group_Windt132k\Shared\KofC\KofC 2026\26.01\KOFC LP Control GAAP and STAT EMA_January 2026_Alt Method_v2.xlsx" 
"2026-07-08 12:00:00","WINDT142K3","68335565","BMCADOO","Windows","0","Write + Read","G:\Group_Windt132k\Shared\KofC\KofC 2026\26.01\~$KOFC LP Control GAAP and STAT EMA_January 2026_Alt Method_v2.xlsx" 
"2026-07-08 12:00:00","WINDT142K3","68338226","KZIADIE","Windows","0","Read","G:\Group_Windt132k\Shared\REIT Team\Peachtree\PCFIV\Billing Statement\2026\01.01.2026\Part IV" 
"2026-07-08 12:00:00","WINDT142K3","68338234","KZIADIE","Windows","0","Read","G:\Group_Windt132k\Shared\REIT Team\Peachtree\PCFIV\Billing Statement\2026\01.01.2026\Part IV" 
"2026-07-08 12:00:00","WINDT142K3","68342024","WEI.JIANG","Windows","0","Read","G:\Group_Windt132k\shared\REIT Team\Rompsen\Loans" 
"2026-07-08 12:00:00","WINDT142K3","68342025","WEI.JIANG","Windows","0","Read","G:\Group_Windt132k\shared\REIT Team\Rompsen\Loans" 
"2026-07-08 12:00:00","WINDT142K3","68342026","WEI.JIANG","Windows","0","Read","G:\Group_Windt132k\shared\REIT Team\Rompsen" 
"2026-07-08 12:00:00","WINDT142K3","68342027","WEI.JIANG","Windows","0","Read","G:\Group_Windt132k\shared\REIT Team\Rompsen" 
"2026-07-08 12:00:00","WINDT142K3","68342028","WEI.JIANG","Windows","0","Read","G:\Group_Windt132k\shared\REIT Team\Romspen CAD Shadow" 
"2026-07-08 12:00:00","WINDT142K3","68342029","WEI.JIANG","Windows","0","Read","G:\Group_Windt132k\shared\REIT Team\Romspen CAD Shadow" 
"2026-07-08 12:00:00","WINDT142K3","68342030","WEI.JIANG","Windows","0","Read","G:\Group_Windt132k\shared\REIT Team" 
"2026-07-08 12:00:00","WINDT142K3","68342031","WEI.JIANG","Windows","0","Read","G:\Group_Windt132k\shared\REIT Team" 
"2026-07-08 12:00:00","WINDT142K3","68342032","WEI.JIANG","Windows","0","Read","G:\Group_Windt132k\shared\REIT Team\Post Road" 
"2026-07-08 12:00:00","WINDT142K3","68342033","WEI.JIANG","Windows","0","Read","G:\Group_Windt132k\shared\REIT Team\Post Road" 
"2026-07-08 12:00:00","WINDT142K3","68342034","WEI.JIANG","Windows","0","Read","G:\Group_Windt132k\shared\REIT Team\Valley National Bank\Syndication Loan" 
"2026-07-08 12:00:00","WINDT142K3","68342035","WEI.JIANG","Windows","0","Read","G:\Group_Windt132k\shared\REIT Team\Valley National Bank\Syndication Loan" 
"2026-07-08 12:00:00","WINDT142K3","68342036","WEI.JIANG","Windows","0","Read","G:\Group_Windt132k\shared\REIT Team\Valley National Bank\Synd Bought Loan" 
"2026-07-08 12:00:00","WINDT142K3","68342037","WEI.JIANG","Windows","0","Read","G:\Group_Windt132k\shared\REIT Team\Valley National Bank\Synd Bought Loan" 
"2026-07-08 12:00:00","WINDT142K3","68342038","WEI.JIANG","Windows","0","Read","G:\Group_Windt132k\shared\REIT Team\Valley National Bank\Participation Sold Loan" 
"2026-07-08 12:00:00","WINDT142K3","68342039","WEI.JIANG","Windows","0","Read","G:\Group_Windt132k\shared\REIT Team\Valley National Bank\Participation Sold Loan" 
"2026-07-08 12:00:00","WINDT142K3","68342040","WEI.JIANG","Windows","0","Read","G:\Group_Windt132k\shared\REIT Team\Valley National Bank" 
"2026-07-08 12:00:00","WINDT142K3","68342041","WEI.JIANG","Windows","0","Read","G:\Group_Windt132k\shared\REIT Team\Valley National Bank" 
"2026-07-08 12:00:00","WINDT142K3","68342042","WEI.JIANG","Windows","0","Read","G:\Group_Windt132k\shared\REIT Team\Peachtree\Cadence Bank Transactions" 
"2026-07-08 12:00:00","WINDT142K3","68342043","WEI.JIANG","Windows","0","Read","G:\Group_Windt132k\shared\REIT Team\Peachtree\Cadence Bank Transactions" 
"2026-07-08 12:00:00","WINDT142K3","68342044","WEI.JIANG","Windows","0","Read","G:\Group_Windt132k\shared\REIT Team\Peachtree\PCFIV" 
"2026-07-08 12:00:00","WINDT142K3","68342045","WEI.JIANG","Windows","0","Read","G:\Group_Windt132k\shared\REIT Team\Peachtree\PCFIV" 
"2026-07-08 12:00:00","WINDT142K3","68342046","WEI.JIANG","Windows","0","Read","G:\Group_Windt132k\shared\REIT Team\Peachtree\Non Fund (NF) - Loans in PDOF" 
"2026-07-08 12:00:00","WINDT142K3","68342047","WEI.JIANG","Windows","0","Read","G:\Group_Windt132k\shared\REIT Team\Peachtree\Non Fund (NF) - Loans in PDOF" 
"2026-07-08 12:00:00","WINDT142K3","68342048","WEI.JIANG","Windows","0","Read","G:\Group_Windt132k\shared\REIT Team\Peachtree\PSOF\Billing Statement" 
"2026-07-08 12:00:00","WINDT142K3","68342049","WEI.JIANG","Windows","0","Read","G:\Group_Windt132k\shared\REIT Team\Peachtree\PSOF\Billing Statement" 
"2026-07-08 12:00:00","WINDT142K3","68342050","WEI.JIANG","Windows","0","Read","G:\Group_Windt132k\shared\REIT Team\Peachtree\PSOF" 
"2026-07-08 12:00:00","WINDT142K3","68342051","WEI.JIANG","Windows","0","Read","G:\Group_Windt132k\shared\REIT Team\Peachtree\PSOF" 
"2026-07-08 12:00:00","WINDT142K3","68342052","WEI.JIANG","Windows","0","Read","G:\Group_Windt132k\shared\REIT Team\Peachtree\PDOF\Billing Statements" 
"2026-07-08 12:00:00","WINDT142K3","68342053","WEI.JIANG","Windows","0","Read","G:\Group_Windt132k\shared\REIT Team\Peachtree\PDOF\Billing Statements" 
"2026-07-08 12:00:00","WINDT142K3","68342054","WEI.JIANG","Windows","0","Read","G:\Group_Windt132k\shared\REIT Team\Peachtree\PDOF" 
"2026-07-08 12:00:00","WINDT142K3","68342055","WEI.JIANG","Windows","0","Read","G:\Group_Windt132k\shared\REIT Team\Peachtree\PDOF" 
"2026-07-08 12:00:00","WINDT142K3","68342056","WEI.JIANG","Windows","0","Read","G:\Group_Windt132k\shared\REIT Team\Peachtree\FUND III" 
"2026-07-08 12:00:00","WINDT142K3","68342057","WEI.JIANG","Windows","0","Read","G:\Group_Windt132k\shared\REIT Team\Peachtree\FUND III" 
"2026-07-08 12:00:00","WINDT142K3","68342058","WEI.JIANG","Windows","0","Read","G:\Group_Windt132k\shared\REIT Team\Peachtree\FUND II" 
"2026-07-08 12:00:00","WINDT142K3","68342059","WEI.JIANG","Windows","0","Read","G:\Group_Windt132k\shared\REIT Team\Peachtree\FUND II" 
"2026-07-08 12:00:00","WINDT142K3","68342060","WEI.JIANG","Windows","0","Read","G:\Group_Windt132k\shared\REIT Team\Peachtree" 
"2026-07-08 12:00:00","WINDT142K3","68342061","WEI.JIANG","Windows","0","Read","G:\Group_Windt132k\shared\REIT Team\Peachtree" 
"2026-07-08 12:00:00","WINDT142K3","68342062","WEI.JIANG","Windows","0","Read","G:\Group_Windt132k\shared\REIT Team\Rompsen\WF Transactions" 
"2026-07-08 12:00:00","WINDT142K3","68342063","WEI.JIANG","Windows","0","Read","G:\Group_Windt132k\shared\REIT Team\Rompsen\WF Transactions" 
"2026-07-08 12:00:00","WINDT142K3","68342064","WEI.JIANG","Windows","0","Read","G:\Group_Windt132k\shared\REIT Team\Rompsen\Loan expense to be reimbursed by borrower" 
"2026-07-08 12:00:00","WINDT142K3","68342065","WEI.JIANG","Windows","0","Read","G:\Group_Windt132k\shared\REIT Team\Rompsen\Loan expense to be reimbursed by borrower" 
"2026-07-08 12:00:00","WINDT142K3","68342066","WEI.JIANG","Windows","0","Read","G:\Group_Windt132k\shared\REIT Team\Rompsen\Mortgage Statement" 
"2026-07-08 12:00:00","WINDT142K3","68342067","WEI.JIANG","Windows","0","Read","G:\Group_Windt132k\shared\REIT Team\Rompsen\Mortgage Statement" 
"2026-07-08 12:00:00","WINDT142K3","68342068","WEI.JIANG","Windows","0","Read","G:\Group_Windt132k\shared\REIT Team\Rompsen\Monthly Report" 
"2026-07-08 12:00:00","WINDT142K3","68342069","WEI.JIANG","Windows","0","Read","G:\Group_Windt132k\shared\REIT Team\Rompsen\Monthly Report" 
"2026-07-08 12:00:00","WINDT142K3","68342121","JCACCAVA","Windows","0","Read","G:\Group_Windt132k\Shared\REIT Team\Saluda Grade\Loan Servicing\2026\05 May 2026\Month End\Client Deliverable" 
"2026-07-08 12:00:00","WINDT142K3","68342122","JCACCAVA","Windows","0","Read","G:\Group_Windt132k\Shared\REIT Team\Saluda Grade\Loan Servicing\2026\05 May 2026\Month End\Client Deliverable" 
"2026-07-08 12:00:00","WINDT142K3","68342454","BMCADOO","Windows","0","Read","G:\Group_Windt132k\Shared\KofC\KofC 2026\26.01" 
"2026-07-08 12:00:00","WINDT142K3","68342457","BMCADOO","Windows","0","Read","G:\Group_Windt132k\Shared\KofC\KofC 2026\26.01" 
"2026-07-08 12:00:00","WINDT142K3","68342711","KCARTA","Windows","0","Read","G:\Group_Windt132k\Shared\REIT Team\Saluda Grade\Loan Servicing\2026\06 June 2026\Remit Recons" 
"2026-07-08 12:00:00","WINDT142K3","68342716","KCARTA","Windows","0","Read","G:\Group_Windt132k\Shared\REIT Team\Saluda Grade\Loan Servicing\2026\06 June 2026\Remit Recons" 
"2026-07-08 12:00:00","WINDT142K3","68342837","DBETTERS","Windows","0","Write + Read","G:\Group_Windt132k\Shared\MarylandCare\2026.06.30\MLC Daily Mth End Steps (Ongoing) 05.31.2026.xlsx" 
"2026-07-08 12:00:00","WINDT142K3","68342875","DBETTERS","Windows","0","Write + Read","G:\Group_Windt132k\Shared\MarylandCare\2026.06.30\~$MLC Daily Mth End Steps (Ongoing) 05.31.2026.xlsx" 
"2026-07-08 12:00:00","WINDT142K3","68342968","MMCMANUS","Windows","0","Write + Read","G:\Group_Windt132k\Shared\REIT Team\SG Capital\Monthly Report\2026\G1001\06.30.26\EOM\~$SGCAP Final PnL and Recon 6.30.2026 G1001 Fund Working.xlsx" 
"2026-07-08 12:00:00","WINDT142K3","68343892","NLUKONIS","Windows","0","Read","G:\Group_Windt132k\Shared\ANICO\Derivatives CLewis\6.30.2026" 
"2026-07-08 12:00:00","WINDT142K3","68343894","NLUKONIS","Windows","0","Read","G:\Group_Windt132k\Shared\ANICO\Derivatives CLewis\6.30.2026" 
"2026-07-08 12:00:00","WINDT142K3","68343896","NLUKONIS","Windows","0","Read","G:\Group_Windt132k\Shared\ANICO\Derivatives CLewis\6.30.2026\Work (Month End)\Valuations" 
"2026-07-08 12:00:00","WINDT142K3","68343899","NLUKONIS","Windows","0","Read","G:\Group_Windt132k\Shared\ANICO\Derivatives CLewis\6.30.2026\Work (Month End)\Valuations" 
"2026-07-08 12:00:00","WINDT142K3","68344758","DBETTERS","Windows","0","Write + Read","G:\Group_Windt132k\Shared\MarylandCare\2026.06.30\Work\GL Recon\~$MCMI GL Recon GAAP 06.30.26.xlsm" 
"2026-07-08 12:00:00","WINDT142K3","68344873","DBETTERS","Windows","0","Write + Read","G:\Group_Windt132k\Shared\MarylandCare\2026.06.30\Work\GL Recon\MCMI GL Recon GAAP 06.30.26.xlsm" 
"2026-07-08 12:00:00","WINDT142K3","68345073","MMCMANUS","Windows","0","Write + Read","G:\Group_Windt132k\Shared\REIT Team\SG Capital\Monthly Report\2026\G1001\06.30.26\EOM\SGCAP Final PnL and Recon 6.30.2026 G1001 Fund Working.xlsx" 
"2026-07-08 12:00:00","WINDT142K3","68345083","TFEBLES","Windows","0","Read","G:\Group_Windt132k\Shared\REIT Team\Rompsen\Monthly Report\07.31.2026" 
"2026-07-08 12:00:00","WINDT142K3","68345084","TFEBLES","Windows","0","Read","G:\Group_Windt132k\Shared\REIT Team\Rompsen\Monthly Report\07.31.2026" 
"2026-07-08 12:00:00","WINDT142K3","68345405","DBETTERS","Windows","0","Read","G:\Group_Windt132k\Shared\MarylandCare\2026.06.30" 
"2026-07-08 12:00:00","WINDT142K3","68345406","DBETTERS","Windows","0","Read","G:\Group_Windt132k\Shared\MarylandCare\2026.06.30" 
"2026-07-08 13:00:00",INFO: The system global flag 'maintain objects list' needs 
"2026-07-08 13:00:00",      to be enabled to see local opened files. 
"2026-07-08 13:00:00",      See Openfiles /? for more information. 
"2026-07-08 13:00:00",Files opened remotely via local share points: 
"2026-07-08 13:00:00",--------------------------------------------- 
"2026-07-08 13:00:00","Hostname","ID","Accessed By","Type","#Locks","Open Mode","Open File (Path\executable)" 
"2026-07-08 13:00:00","WINDT142K3","6","N/A","Windows","0","Write + Read","\PIPE\EVENTLOG" 
"2026-07-08 13:00:00","WINDT142K3","68321685","NLUKONIS","Windows","0","Write + Read","G:\Group_Windt132k\Shared\ANICO\Derivatives CLewis\6.30.2026\~$ANICO Options Mth End Procedures June 2026.xlsx" 
"2026-07-08 13:00:00","WINDT142K3","68325459","NLUKONIS","Windows","0","Write + Read","G:\Group_Windt132k\Shared\ANICO\Derivatives CLewis\6.30.2026\ANICO Options Mth End Procedures June 2026.xlsx" 
"2026-07-08 13:00:00","WINDT142K3","68327581","BMCADOO","Windows","0","Write + Read","G:\Group_Windt132k\Shared\KofC\KofC 2026\26.06\FH Reports\KofC Transactions Report as of 6-30-26v3.xlsx" 
"2026-07-08 13:00:00","WINDT142K3","68327586","BMCADOO","Windows","0","Write + Read","G:\Group_Windt132k\Shared\KofC\KofC 2026\26.06\FH Reports\~$KofC Transactions Report as of 6-30-26v3.xlsx" 
"2026-07-08 13:00:00","WINDT142K3","68327645","BMCADOO","Windows","0","Write + Read","G:\Group_Windt132k\Shared\KofC\KofC 2026\26.06\FH Reports\KofC Valuations Report as of 6-30-26v4.xlsx" 
"2026-07-08 13:00:00","WINDT142K3","68327649","BMCADOO","Windows","0","Write + Read","G:\Group_Windt132k\Shared\KofC\KofC 2026\26.06\FH Reports\~$KofC Valuations Report as of 6-30-26v4.xlsx" 
"2026-07-08 13:00:00","WINDT142K3","68327935","KCARTA","Windows","0","Write + Read","G:\Group_Windt132k\Shared\REIT Team\Saluda Grade\Loan Servicing\2026\06 June 2026\June 2026 Checklist.xlsx" 
"2026-07-08 13:00:00","WINDT142K3","68327939","KCARTA","Windows","0","Write + Read","G:\Group_Windt132k\Shared\REIT Team\Saluda Grade\Loan Servicing\2026\06 June 2026\~$June 2026 Checklist.xlsx" 
"2026-07-08 13:00:00","WINDT142K3","68335540","BMCADOO","Windows","0","Write + Read","G:\Group_Windt132k\Shared\KofC\KofC 2026\26.01\KOFC LP Control GAAP and STAT EMA_January 2026_Alt Method_v2.xlsx" 
"2026-07-08 13:00:00","WINDT142K3","68335565","BMCADOO","Windows","0","Write + Read","G:\Group_Windt132k\Shared\KofC\KofC 2026\26.01\~$KOFC LP Control GAAP and STAT EMA_January 2026_Alt Method_v2.xlsx" 
"2026-07-08 13:00:00","WINDT142K3","68342024","WEI.JIANG","Windows","0","Read","G:\Group_Windt132k\shared\REIT Team\Rompsen\Loans" 
"2026-07-08 13:00:00","WINDT142K3","68342025","WEI.JIANG","Windows","0","Read","G:\Group_Windt132k\shared\REIT Team\Rompsen\Loans" 
"2026-07-08 13:00:00","WINDT142K3","68342026","WEI.JIANG","Windows","0","Read","G:\Group_Windt132k\shared\REIT Team\Rompsen" 
"2026-07-08 13:00:00","WINDT142K3","68342027","WEI.JIANG","Windows","0","Read","G:\Group_Windt132k\shared\REIT Team\Rompsen" 
"2026-07-08 13:00:00","WINDT142K3","68342028","WEI.JIANG","Windows","0","Read","G:\Group_Windt132k\shared\REIT Team\Romspen CAD Shadow" 
"2026-07-08 13:00:00","WINDT142K3","68342029","WEI.JIANG","Windows","0","Read","G:\Group_Windt132k\shared\REIT Team\Romspen CAD Shadow" 
"2026-07-08 13:00:00","WINDT142K3","68342030","WEI.JIANG","Windows","0","Read","G:\Group_Windt132k\shared\REIT Team" 
"2026-07-08 13:00:00","WINDT142K3","68342031","WEI.JIANG","Windows","0","Read","G:\Group_Windt132k\shared\REIT Team" 
"2026-07-08 13:00:00","WINDT142K3","68342032","WEI.JIANG","Windows","0","Read","G:\Group_Windt132k\shared\REIT Team\Post Road" 
"2026-07-08 13:00:00","WINDT142K3","68342033","WEI.JIANG","Windows","0","Read","G:\Group_Windt132k\shared\REIT Team\Post Road" 
"2026-07-08 13:00:00","WINDT142K3","68342034","WEI.JIANG","Windows","0","Read","G:\Group_Windt132k\shared\REIT Team\Valley National Bank\Syndication Loan" 
"2026-07-08 13:00:00","WINDT142K3","68342035","WEI.JIANG","Windows","0","Read","G:\Group_Windt132k\shared\REIT Team\Valley National Bank\Syndication Loan" 
"2026-07-08 13:00:00","WINDT142K3","68342036","WEI.JIANG","Windows","0","Read","G:\Group_Windt132k\shared\REIT Team\Valley National Bank\Synd Bought Loan" 
"2026-07-08 13:00:00","WINDT142K3","68342037","WEI.JIANG","Windows","0","Read","G:\Group_Windt132k\shared\REIT Team\Valley National Bank\Synd Bought Loan" 
"2026-07-08 13:00:00","WINDT142K3","68342038","WEI.JIANG","Windows","0","Read","G:\Group_Windt132k\shared\REIT Team\Valley National Bank\Participation Sold Loan" 
"2026-07-08 13:00:00","WINDT142K3","68342039","WEI.JIANG","Windows","0","Read","G:\Group_Windt132k\shared\REIT Team\Valley National Bank\Participation Sold Loan" 
"2026-07-08 13:00:00","WINDT142K3","68342040","WEI.JIANG","Windows","0","Read","G:\Group_Windt132k\shared\REIT Team\Valley National Bank" 
"2026-07-08 13:00:00","WINDT142K3","68342041","WEI.JIANG","Windows","0","Read","G:\Group_Windt132k\shared\REIT Team\Valley National Bank" 
"2026-07-08 13:00:00","WINDT142K3","68342042","WEI.JIANG","Windows","0","Read","G:\Group_Windt132k\shared\REIT Team\Peachtree\Cadence Bank Transactions" 
"2026-07-08 13:00:00","WINDT142K3","68342043","WEI.JIANG","Windows","0","Read","G:\Group_Windt132k\shared\REIT Team\Peachtree\Cadence Bank Transactions" 
"2026-07-08 13:00:00","WINDT142K3","68342044","WEI.JIANG","Windows","0","Read","G:\Group_Windt132k\shared\REIT Team\Peachtree\PCFIV" 
"2026-07-08 13:00:00","WINDT142K3","68342045","WEI.JIANG","Windows","0","Read","G:\Group_Windt132k\shared\REIT Team\Peachtree\PCFIV" 
"2026-07-08 13:00:00","WINDT142K3","68342046","WEI.JIANG","Windows","0","Read","G:\Group_Windt132k\shared\REIT Team\Peachtree\Non Fund (NF) - Loans in PDOF" 
"2026-07-08 13:00:00","WINDT142K3","68342047","WEI.JIANG","Windows","0","Read","G:\Group_Windt132k\shared\REIT Team\Peachtree\Non Fund (NF) - Loans in PDOF" 
"2026-07-08 13:00:00","WINDT142K3","68342048","WEI.JIANG","Windows","0","Read","G:\Group_Windt132k\shared\REIT Team\Peachtree\PSOF\Billing Statement" 
"2026-07-08 13:00:00","WINDT142K3","68342049","WEI.JIANG","Windows","0","Read","G:\Group_Windt132k\shared\REIT Team\Peachtree\PSOF\Billing Statement" 
"2026-07-08 13:00:00","WINDT142K3","68342050","WEI.JIANG","Windows","0","Read","G:\Group_Windt132k\shared\REIT Team\Peachtree\PSOF" 
"2026-07-08 13:00:00","WINDT142K3","68342051","WEI.JIANG","Windows","0","Read","G:\Group_Windt132k\shared\REIT Team\Peachtree\PSOF" 
"2026-07-08 13:00:00","WINDT142K3","68342052","WEI.JIANG","Windows","0","Read","G:\Group_Windt132k\shared\REIT Team\Peachtree\PDOF\Billing Statements" 
"2026-07-08 13:00:00","WINDT142K3","68342053","WEI.JIANG","Windows","0","Read","G:\Group_Windt132k\shared\REIT Team\Peachtree\PDOF\Billing Statements" 
"2026-07-08 13:00:00","WINDT142K3","68342054","WEI.JIANG","Windows","0","Read","G:\Group_Windt132k\shared\REIT Team\Peachtree\PDOF" 
"2026-07-08 13:00:00","WINDT142K3","68342055","WEI.JIANG","Windows","0","Read","G:\Group_Windt132k\shared\REIT Team\Peachtree\PDOF" 
"2026-07-08 13:00:00","WINDT142K3","68342056","WEI.JIANG","Windows","0","Read","G:\Group_Windt132k\shared\REIT Team\Peachtree\FUND III" 
"2026-07-08 13:00:00","WINDT142K3","68342057","WEI.JIANG","Windows","0","Read","G:\Group_Windt132k\shared\REIT Team\Peachtree\FUND III" 
"2026-07-08 13:00:00","WINDT142K3","68342058","WEI.JIANG","Windows","0","Read","G:\Group_Windt132k\shared\REIT Team\Peachtree\FUND II" 
"2026-07-08 13:00:00","WINDT142K3","68342059","WEI.JIANG","Windows","0","Read","G:\Group_Windt132k\shared\REIT Team\Peachtree\FUND II" 
"2026-07-08 13:00:00","WINDT142K3","68342060","WEI.JIANG","Windows","0","Read","G:\Group_Windt132k\shared\REIT Team\Peachtree" 
"2026-07-08 13:00:00","WINDT142K3","68342061","WEI.JIANG","Windows","0","Read","G:\Group_Windt132k\shared\REIT Team\Peachtree" 
"2026-07-08 13:00:00","WINDT142K3","68342062","WEI.JIANG","Windows","0","Read","G:\Group_Windt132k\shared\REIT Team\Rompsen\WF Transactions" 
"2026-07-08 13:00:00","WINDT142K3","68342063","WEI.JIANG","Windows","0","Read","G:\Group_Windt132k\shared\REIT Team\Rompsen\WF Transactions" 
"2026-07-08 13:00:00","WINDT142K3","68342064","WEI.JIANG","Windows","0","Read","G:\Group_Windt132k\shared\REIT Team\Rompsen\Loan expense to be reimbursed by borrower" 
"2026-07-08 13:00:00","WINDT142K3","68342065","WEI.JIANG","Windows","0","Read","G:\Group_Windt132k\shared\REIT Team\Rompsen\Loan expense to be reimbursed by borrower" 
"2026-07-08 13:00:00","WINDT142K3","68342066","WEI.JIANG","Windows","0","Read","G:\Group_Windt132k\shared\REIT Team\Rompsen\Mortgage Statement" 
"2026-07-08 13:00:00","WINDT142K3","68342067","WEI.JIANG","Windows","0","Read","G:\Group_Windt132k\shared\REIT Team\Rompsen\Mortgage Statement" 
"2026-07-08 13:00:00","WINDT142K3","68342068","WEI.JIANG","Windows","0","Read","G:\Group_Windt132k\shared\REIT Team\Rompsen\Monthly Report" 
"2026-07-08 13:00:00","WINDT142K3","68342069","WEI.JIANG","Windows","0","Read","G:\Group_Windt132k\shared\REIT Team\Rompsen\Monthly Report" 
"2026-07-08 13:00:00","WINDT142K3","68342454","BMCADOO","Windows","0","Read","G:\Group_Windt132k\Shared\KofC\KofC 2026\26.01" 
"2026-07-08 13:00:00","WINDT142K3","68342457","BMCADOO","Windows","0","Read","G:\Group_Windt132k\Shared\KofC\KofC 2026\26.01" 
"2026-07-08 13:00:00","WINDT142K3","68342837","DBETTERS","Windows","0","Write + Read","G:\Group_Windt132k\Shared\MarylandCare\2026.06.30\MLC Daily Mth End Steps (Ongoing) 05.31.2026.xlsx" 
"2026-07-08 13:00:00","WINDT142K3","68342875","DBETTERS","Windows","0","Write + Read","G:\Group_Windt132k\Shared\MarylandCare\2026.06.30\~$MLC Daily Mth End Steps (Ongoing) 05.31.2026.xlsx" 
"2026-07-08 13:00:00","WINDT142K3","68342968","MMCMANUS","Windows","0","Write + Read","G:\Group_Windt132k\Shared\REIT Team\SG Capital\Monthly Report\2026\G1001\06.30.26\EOM\~$SGCAP Final PnL and Recon 6.30.2026 G1001 Fund Working.xlsx" 
"2026-07-08 13:00:00","WINDT142K3","68344758","DBETTERS","Windows","0","Write + Read","G:\Group_Windt132k\Shared\MarylandCare\2026.06.30\Work\GL Recon\~$MCMI GL Recon GAAP 06.30.26.xlsm" 
"2026-07-08 13:00:00","WINDT142K3","68344873","DBETTERS","Windows","0","Write + Read","G:\Group_Windt132k\Shared\MarylandCare\2026.06.30\Work\GL Recon\MCMI GL Recon GAAP 06.30.26.xlsm" 
"2026-07-08 13:00:00","WINDT142K3","68345083","TFEBLES","Windows","0","Read","G:\Group_Windt132k\Shared\REIT Team\Rompsen\Monthly Report\07.31.2026" 
"2026-07-08 13:00:00","WINDT142K3","68345084","TFEBLES","Windows","0","Read","G:\Group_Windt132k\Shared\REIT Team\Rompsen\Monthly Report\07.31.2026" 
"2026-07-08 13:00:00","WINDT142K3","68345547","KCARTA","Windows","0","Read","G:\Group_Windt132k\Shared\REIT Team\Saluda Grade\Loan Servicing\2026\06 June 2026\Remit Recons" 
"2026-07-08 13:00:00","WINDT142K3","68345548","KCARTA","Windows","0","Read","G:\Group_Windt132k\Shared\REIT Team\Saluda Grade\Loan Servicing\2026\06 June 2026\Remit Recons" 
"2026-07-08 13:00:00","WINDT142K3","68345549","KCARTA","Windows","0","Read","G:\Group_Windt132k\Shared\REIT Team\Saluda Grade\Loan Servicing\2026\05 May 2026\Remit Recons\Reviewed" 
"2026-07-08 13:00:00","WINDT142K3","68345550","KCARTA","Windows","0","Read","G:\Group_Windt132k\Shared\REIT Team\Saluda Grade\Loan Servicing\2026\05 May 2026\Remit Recons\Reviewed" 
"2026-07-08 13:00:00","WINDT142K3","68346161","BMCADOO","Windows","0","Read","G:\Group_Windt132k\Shared\ANICO\LPs\ANICO LP Production\ANICO LP 2Q26" 
"2026-07-08 13:00:00","WINDT142K3","68346162","BMCADOO","Windows","0","Read","G:\Group_Windt132k\Shared\ANICO\LPs\ANICO LP Production\ANICO LP 2Q26" 
"2026-07-08 13:00:00","WINDT142K3","68346369","BMCADOO","Windows","0","Write + Read","G:\Group_Windt132k\Shared\ANICO\LPs\ANICO LP Production\ANICO LP 2Q26\ANIC June 2026 LP Control GAAP and STAT EMA.xlsx" 
"2026-07-08 13:00:00","WINDT142K3","68346442","BMCADOO","Windows","0","Write + Read","G:\Group_Windt132k\Shared\ANICO\LPs\ANICO LP Production\ANICO LP 2Q26\~$ANIC June 2026 LP Control GAAP and STAT EMA.xlsx" 
"2026-07-08 13:00:00","WINDT142K3","68346582","MMCMANUS","Windows","0","Write + Read","G:\Group_Windt132k\Shared\REIT Team\SG Capital\Monthly Report\2026\G1001\06.30.26\EOM\SGCAP Final PnL and Recon 6.30.2026 G1001 Fund Working.xlsx" 
"2026-07-08 13:00:00","WINDT142K3","68347119","NLUKONIS","Windows","0","Read","G:\Group_Windt132k\Shared\ANICO\Derivatives CLewis\5.31.2026\Work (Month End)\Controls" 
"2026-07-08 13:00:00","WINDT142K3","68347120","NLUKONIS","Windows","0","Read","G:\Group_Windt132k\Shared\ANICO\Derivatives CLewis\5.31.2026\Work (Month End)\Controls" 
"2026-07-08 13:00:00","WINDT142K3","68347396","NLUKONIS","Windows","0","Read","G:\Group_Windt132k\Shared\ANICO\Derivatives CLewis\6.30.2026\Work (Month End)\Reports\STAT" 
"2026-07-08 13:00:00","WINDT142K3","68347397","NLUKONIS","Windows","0","Read","G:\Group_Windt132k\Shared\ANICO\Derivatives CLewis\6.30.2026\Work (Month End)\Reports\STAT" 
"2026-07-08 13:00:00","WINDT142K3","68350365","NLUKONIS","Windows","0","Write + Read","G:\Group_Windt132k\Shared\ANICO\Derivatives CLewis\6.30.2026\Work (Month End)\GL Recon\~$ANICO Options STAT Recon 6.30.26 - Work.xlsx" 
"2026-07-08 13:00:00","WINDT142K3","68350780","TFEBLES","Windows","0","Read","G:\Group_Windt132k\Shared\REIT Team\Rompsen\Loans\8913 - 10073 Urban Capital Partners LLC\Payoff\07.08.2026" 
"2026-07-08 13:00:00","WINDT142K3","68350781","TFEBLES","Windows","0","Read","G:\Group_Windt132k\Shared\REIT Team\Rompsen\Loans\8913 - 10073 Urban Capital Partners LLC\Payoff\07.08.2026" 
"2026-07-08 13:00:00","WINDT142K3","68350830","TFEBLES","Windows","0","Read","G:\Group_Windt132k\Shared\REIT Team\Rompsen\Loans\8913 - 10073 Urban Capital Partners LLC\Payoff\07.08.2026\Romspen_Loan statement_Urban Capital Partners ,LLC 07.08.2026.pdf" 
"2026-07-08 13:00:00","WINDT142K3","68351057","MMCMANUS","Windows","0","Read","G:\Group_Windt132k\Shared\REIT Team\SG Capital\Monthly Report\2026\G1001\06.30.26\EOM" 
"2026-07-08 13:00:00","WINDT142K3","68351059","MMCMANUS","Windows","0","Read","G:\Group_Windt132k\Shared\REIT Team\SG Capital\Monthly Report\2026\G1001\06.30.26\EOM" 
"2026-07-08 13:00:00","WINDT142K3","68351125","MMCMANUS","Windows","0","Write + Read","G:\Group_Windt132k\Shared\REIT Team\SG Capital\Monthly Report\2026\G1001\06.30.26\EOM\~$Accrued Int Break June.xlsx" 
"2026-07-08 13:00:00","WINDT142K3","68351278","NLUKONIS","Windows","0","Write + Read","G:\Group_Windt132k\Shared\ANICO\Derivatives CLewis\6.30.2026\Work (Month End)\GL Recon\ANICO Options STAT Recon 6.30.26 - Work.xlsx" 
"2026-07-08 13:00:00","WINDT142K3","68351480","KZIADIE","Windows","0","Read","G:\Group_Windt132k\Shared\REIT Team\Peachtree\Cortland\2026\05 May 2026" 
"2026-07-08 13:00:00","WINDT142K3","68351482","KZIADIE","Windows","0","Read","G:\Group_Windt132k\Shared\REIT Team\Peachtree\Cortland\2026\05 May 2026" 
"2026-07-08 13:00:00","WINDT142K3","68351685","KZIADIE","Windows","0","Write + Read","G:\Group_Windt132k\Shared\REIT Team\Peachtree\Cortland\2026\06 Jun 2026\DistributionPayment_Peachtree_PSOF54_06.30.2026.xlsx" 
"2026-07-08 13:00:00","WINDT142K3","68351692","KZIADIE","Windows","0","Write + Read","G:\Group_Windt132k\Shared\REIT Team\Peachtree\Cortland\2026\06 Jun 2026\~$DistributionPayment_Peachtree_PSOF54_06.30.2026.xlsx" 
"2026-07-08 13:00:00","WINDT142K3","68351803","KZIADIE","Windows","0","Write + Read","G:\Group_Windt132k\Shared\REIT Team\Peachtree\Cortland\2026\05 May 2026\DistributionPayment_Peachtree_PSOF54_05.31.2026.xlsx" 
"2026-07-08 13:00:00","WINDT142K3","68351814","KZIADIE","Windows","0","Write + Read","G:\Group_Windt132k\Shared\REIT Team\Peachtree\Cortland\2026\05 May 2026\~$DistributionPayment_Peachtree_PSOF54_05.31.2026.xlsx" 
"2026-07-08 13:00:00","WINDT142K3","68352399","MMCMANUS","Windows","0","Write + Read","G:\Group_Windt132k\Shared\REIT Team\SG Capital\Monthly Report\2026\G1001\06.30.26\EOM\Accrued Int Break June.xlsx" 
"2026-07-08 14:00:00",INFO: The system global flag 'maintain objects list' needs 
"2026-07-08 14:00:00",      to be enabled to see local opened files. 
"2026-07-08 14:00:00",      See Openfiles /? for more information. 
"2026-07-08 14:00:00",Files opened remotely via local share points: 
"2026-07-08 14:00:00",--------------------------------------------- 
"2026-07-08 14:00:00","Hostname","ID","Accessed By","Type","#Locks","Open Mode","Open File (Path\executable)" 
"2026-07-08 14:00:00","WINDT142K3","6","N/A","Windows","0","Write + Read","\PIPE\EVENTLOG" 
"2026-07-08 14:00:00","WINDT142K3","68321685","NLUKONIS","Windows","0","Write + Read","G:\Group_Windt132k\Shared\ANICO\Derivatives CLewis\6.30.2026\~$ANICO Options Mth End Procedures June 2026.xlsx" 
"2026-07-08 14:00:00","WINDT142K3","68325459","NLUKONIS","Windows","0","Write + Read","G:\Group_Windt132k\Shared\ANICO\Derivatives CLewis\6.30.2026\ANICO Options Mth End Procedures June 2026.xlsx" 
"2026-07-08 14:00:00","WINDT142K3","68327581","BMCADOO","Windows","0","Write + Read","G:\Group_Windt132k\Shared\KofC\KofC 2026\26.06\FH Reports\KofC Transactions Report as of 6-30-26v3.xlsx" 
"2026-07-08 14:00:00","WINDT142K3","68327586","BMCADOO","Windows","0","Write + Read","G:\Group_Windt132k\Shared\KofC\KofC 2026\26.06\FH Reports\~$KofC Transactions Report as of 6-30-26v3.xlsx" 
"2026-07-08 14:00:00","WINDT142K3","68327645","BMCADOO","Windows","0","Write + Read","G:\Group_Windt132k\Shared\KofC\KofC 2026\26.06\FH Reports\KofC Valuations Report as of 6-30-26v4.xlsx" 
"2026-07-08 14:00:00","WINDT142K3","68327649","BMCADOO","Windows","0","Write + Read","G:\Group_Windt132k\Shared\KofC\KofC 2026\26.06\FH Reports\~$KofC Valuations Report as of 6-30-26v4.xlsx" 
"2026-07-08 14:00:00","WINDT142K3","68327935","KCARTA","Windows","0","Write + Read","G:\Group_Windt132k\Shared\REIT Team\Saluda Grade\Loan Servicing\2026\06 June 2026\June 2026 Checklist.xlsx" 
"2026-07-08 14:00:00","WINDT142K3","68327939","KCARTA","Windows","0","Write + Read","G:\Group_Windt132k\Shared\REIT Team\Saluda Grade\Loan Servicing\2026\06 June 2026\~$June 2026 Checklist.xlsx" 
"2026-07-08 14:00:00","WINDT142K3","68335540","BMCADOO","Windows","0","Write + Read","G:\Group_Windt132k\Shared\KofC\KofC 2026\26.01\KOFC LP Control GAAP and STAT EMA_January 2026_Alt Method_v2.xlsx" 
"2026-07-08 14:00:00","WINDT142K3","68335565","BMCADOO","Windows","0","Write + Read","G:\Group_Windt132k\Shared\KofC\KofC 2026\26.01\~$KOFC LP Control GAAP and STAT EMA_January 2026_Alt Method_v2.xlsx" 
"2026-07-08 14:00:00","WINDT142K3","68342024","WEI.JIANG","Windows","0","Read","G:\Group_Windt132k\shared\REIT Team\Rompsen\Loans" 
"2026-07-08 14:00:00","WINDT142K3","68342025","WEI.JIANG","Windows","0","Read","G:\Group_Windt132k\shared\REIT Team\Rompsen\Loans" 
"2026-07-08 14:00:00","WINDT142K3","68342026","WEI.JIANG","Windows","0","Read","G:\Group_Windt132k\shared\REIT Team\Rompsen" 
"2026-07-08 14:00:00","WINDT142K3","68342027","WEI.JIANG","Windows","0","Read","G:\Group_Windt132k\shared\REIT Team\Rompsen" 
"2026-07-08 14:00:00","WINDT142K3","68342028","WEI.JIANG","Windows","0","Read","G:\Group_Windt132k\shared\REIT Team\Romspen CAD Shadow" 
"2026-07-08 14:00:00","WINDT142K3","68342029","WEI.JIANG","Windows","0","Read","G:\Group_Windt132k\shared\REIT Team\Romspen CAD Shadow" 
"2026-07-08 14:00:00","WINDT142K3","68342030","WEI.JIANG","Windows","0","Read","G:\Group_Windt132k\shared\REIT Team" 
"2026-07-08 14:00:00","WINDT142K3","68342031","WEI.JIANG","Windows","0","Read","G:\Group_Windt132k\shared\REIT Team" 
"2026-07-08 14:00:00","WINDT142K3","68342032","WEI.JIANG","Windows","0","Read","G:\Group_Windt132k\shared\REIT Team\Post Road" 
"2026-07-08 14:00:00","WINDT142K3","68342033","WEI.JIANG","Windows","0","Read","G:\Group_Windt132k\shared\REIT Team\Post Road" 
"2026-07-08 14:00:00","WINDT142K3","68342034","WEI.JIANG","Windows","0","Read","G:\Group_Windt132k\shared\REIT Team\Valley National Bank\Syndication Loan" 
"2026-07-08 14:00:00","WINDT142K3","68342035","WEI.JIANG","Windows","0","Read","G:\Group_Windt132k\shared\REIT Team\Valley National Bank\Syndication Loan" 
"2026-07-08 14:00:00","WINDT142K3","68342036","WEI.JIANG","Windows","0","Read","G:\Group_Windt132k\shared\REIT Team\Valley National Bank\Synd Bought Loan" 
"2026-07-08 14:00:00","WINDT142K3","68342037","WEI.JIANG","Windows","0","Read","G:\Group_Windt132k\shared\REIT Team\Valley National Bank\Synd Bought Loan" 
"2026-07-08 14:00:00","WINDT142K3","68342038","WEI.JIANG","Windows","0","Read","G:\Group_Windt132k\shared\REIT Team\Valley National Bank\Participation Sold Loan" 
"2026-07-08 14:00:00","WINDT142K3","68342039","WEI.JIANG","Windows","0","Read","G:\Group_Windt132k\shared\REIT Team\Valley National Bank\Participation Sold Loan" 
"2026-07-08 14:00:00","WINDT142K3","68342040","WEI.JIANG","Windows","0","Read","G:\Group_Windt132k\shared\REIT Team\Valley National Bank" 
"2026-07-08 14:00:00","WINDT142K3","68342041","WEI.JIANG","Windows","0","Read","G:\Group_Windt132k\shared\REIT Team\Valley National Bank" 
"2026-07-08 14:00:00","WINDT142K3","68342042","WEI.JIANG","Windows","0","Read","G:\Group_Windt132k\shared\REIT Team\Peachtree\Cadence Bank Transactions" 
"2026-07-08 14:00:00","WINDT142K3","68342043","WEI.JIANG","Windows","0","Read","G:\Group_Windt132k\shared\REIT Team\Peachtree\Cadence Bank Transactions" 
"2026-07-08 14:00:00","WINDT142K3","68342044","WEI.JIANG","Windows","0","Read","G:\Group_Windt132k\shared\REIT Team\Peachtree\PCFIV" 
"2026-07-08 14:00:00","WINDT142K3","68342045","WEI.JIANG","Windows","0","Read","G:\Group_Windt132k\shared\REIT Team\Peachtree\PCFIV" 
"2026-07-08 14:00:00","WINDT142K3","68342046","WEI.JIANG","Windows","0","Read","G:\Group_Windt132k\shared\REIT Team\Peachtree\Non Fund (NF) - Loans in PDOF" 
"2026-07-08 14:00:00","WINDT142K3","68342047","WEI.JIANG","Windows","0","Read","G:\Group_Windt132k\shared\REIT Team\Peachtree\Non Fund (NF) - Loans in PDOF" 
"2026-07-08 14:00:00","WINDT142K3","68342048","WEI.JIANG","Windows","0","Read","G:\Group_Windt132k\shared\REIT Team\Peachtree\PSOF\Billing Statement" 
"2026-07-08 14:00:00","WINDT142K3","68342049","WEI.JIANG","Windows","0","Read","G:\Group_Windt132k\shared\REIT Team\Peachtree\PSOF\Billing Statement" 
"2026-07-08 14:00:00","WINDT142K3","68342050","WEI.JIANG","Windows","0","Read","G:\Group_Windt132k\shared\REIT Team\Peachtree\PSOF" 
"2026-07-08 14:00:00","WINDT142K3","68342051","WEI.JIANG","Windows","0","Read","G:\Group_Windt132k\shared\REIT Team\Peachtree\PSOF" 
"2026-07-08 14:00:00","WINDT142K3","68342052","WEI.JIANG","Windows","0","Read","G:\Group_Windt132k\shared\REIT Team\Peachtree\PDOF\Billing Statements" 
"2026-07-08 14:00:00","WINDT142K3","68342053","WEI.JIANG","Windows","0","Read","G:\Group_Windt132k\shared\REIT Team\Peachtree\PDOF\Billing Statements" 
"2026-07-08 14:00:00","WINDT142K3","68342054","WEI.JIANG","Windows","0","Read","G:\Group_Windt132k\shared\REIT Team\Peachtree\PDOF" 
"2026-07-08 14:00:00","WINDT142K3","68342055","WEI.JIANG","Windows","0","Read","G:\Group_Windt132k\shared\REIT Team\Peachtree\PDOF" 
"2026-07-08 14:00:00","WINDT142K3","68342056","WEI.JIANG","Windows","0","Read","G:\Group_Windt132k\shared\REIT Team\Peachtree\FUND III" 
"2026-07-08 14:00:00","WINDT142K3","68342057","WEI.JIANG","Windows","0","Read","G:\Group_Windt132k\shared\REIT Team\Peachtree\FUND III" 
"2026-07-08 14:00:00","WINDT142K3","68342058","WEI.JIANG","Windows","0","Read","G:\Group_Windt132k\shared\REIT Team\Peachtree\FUND II" 
"2026-07-08 14:00:00","WINDT142K3","68342059","WEI.JIANG","Windows","0","Read","G:\Group_Windt132k\shared\REIT Team\Peachtree\FUND II" 
"2026-07-08 14:00:00","WINDT142K3","68342060","WEI.JIANG","Windows","0","Read","G:\Group_Windt132k\shared\REIT Team\Peachtree" 
"2026-07-08 14:00:00","WINDT142K3","68342061","WEI.JIANG","Windows","0","Read","G:\Group_Windt132k\shared\REIT Team\Peachtree" 
"2026-07-08 14:00:00","WINDT142K3","68342062","WEI.JIANG","Windows","0","Read","G:\Group_Windt132k\shared\REIT Team\Rompsen\WF Transactions" 
"2026-07-08 14:00:00","WINDT142K3","68342063","WEI.JIANG","Windows","0","Read","G:\Group_Windt132k\shared\REIT Team\Rompsen\WF Transactions" 
"2026-07-08 14:00:00","WINDT142K3","68342064","WEI.JIANG","Windows","0","Read","G:\Group_Windt132k\shared\REIT Team\Rompsen\Loan expense to be reimbursed by borrower" 
"2026-07-08 14:00:00","WINDT142K3","68342065","WEI.JIANG","Windows","0","Read","G:\Group_Windt132k\shared\REIT Team\Rompsen\Loan expense to be reimbursed by borrower" 
"2026-07-08 14:00:00","WINDT142K3","68342066","WEI.JIANG","Windows","0","Read","G:\Group_Windt132k\shared\REIT Team\Rompsen\Mortgage Statement" 
"2026-07-08 14:00:00","WINDT142K3","68342067","WEI.JIANG","Windows","0","Read","G:\Group_Windt132k\shared\REIT Team\Rompsen\Mortgage Statement" 
"2026-07-08 14:00:00","WINDT142K3","68342068","WEI.JIANG","Windows","0","Read","G:\Group_Windt132k\shared\REIT Team\Rompsen\Monthly Report" 
"2026-07-08 14:00:00","WINDT142K3","68342069","WEI.JIANG","Windows","0","Read","G:\Group_Windt132k\shared\REIT Team\Rompsen\Monthly Report" 
"2026-07-08 14:00:00","WINDT142K3","68342837","DBETTERS","Windows","0","Write + Read","G:\Group_Windt132k\Shared\MarylandCare\2026.06.30\MLC Daily Mth End Steps (Ongoing) 05.31.2026.xlsx" 
"2026-07-08 14:00:00","WINDT142K3","68342875","DBETTERS","Windows","0","Write + Read","G:\Group_Windt132k\Shared\MarylandCare\2026.06.30\~$MLC Daily Mth End Steps (Ongoing) 05.31.2026.xlsx" 
"2026-07-08 14:00:00","WINDT142K3","68342968","MMCMANUS","Windows","0","Write + Read","G:\Group_Windt132k\Shared\REIT Team\SG Capital\Monthly Report\2026\G1001\06.30.26\EOM\~$SGCAP Final PnL and Recon 6.30.2026 G1001 Fund Working.xlsx" 
"2026-07-08 14:00:00","WINDT142K3","68344758","DBETTERS","Windows","0","Write + Read","G:\Group_Windt132k\Shared\MarylandCare\2026.06.30\Work\GL Recon\~$MCMI GL Recon GAAP 06.30.26.xlsm" 
"2026-07-08 14:00:00","WINDT142K3","68344873","DBETTERS","Windows","0","Write + Read","G:\Group_Windt132k\Shared\MarylandCare\2026.06.30\Work\GL Recon\MCMI GL Recon GAAP 06.30.26.xlsm" 
"2026-07-08 14:00:00","WINDT142K3","68345083","TFEBLES","Windows","0","Read","G:\Group_Windt132k\Shared\REIT Team\Rompsen\Monthly Report\07.31.2026" 
"2026-07-08 14:00:00","WINDT142K3","68345084","TFEBLES","Windows","0","Read","G:\Group_Windt132k\Shared\REIT Team\Rompsen\Monthly Report\07.31.2026" 
"2026-07-08 14:00:00","WINDT142K3","68345549","KCARTA","Windows","0","Read","G:\Group_Windt132k\Shared\REIT Team\Saluda Grade\Loan Servicing\2026\05 May 2026\Remit Recons\Reviewed" 
"2026-07-08 14:00:00","WINDT142K3","68345550","KCARTA","Windows","0","Read","G:\Group_Windt132k\Shared\REIT Team\Saluda Grade\Loan Servicing\2026\05 May 2026\Remit Recons\Reviewed" 
"2026-07-08 14:00:00","WINDT142K3","68346369","BMCADOO","Windows","0","Write + Read","G:\Group_Windt132k\Shared\ANICO\LPs\ANICO LP Production\ANICO LP 2Q26\ANIC June 2026 LP Control GAAP and STAT EMA.xlsx" 
"2026-07-08 14:00:00","WINDT142K3","68346442","BMCADOO","Windows","0","Write + Read","G:\Group_Windt132k\Shared\ANICO\LPs\ANICO LP Production\ANICO LP 2Q26\~$ANIC June 2026 LP Control GAAP and STAT EMA.xlsx" 
"2026-07-08 14:00:00","WINDT142K3","68346582","MMCMANUS","Windows","0","Write + Read","G:\Group_Windt132k\Shared\REIT Team\SG Capital\Monthly Report\2026\G1001\06.30.26\EOM\SGCAP Final PnL and Recon 6.30.2026 G1001 Fund Working.xlsx" 
"2026-07-08 14:00:00","WINDT142K3","68347119","NLUKONIS","Windows","0","Read","G:\Group_Windt132k\Shared\ANICO\Derivatives CLewis\5.31.2026\Work (Month End)\Controls" 
"2026-07-08 14:00:00","WINDT142K3","68347120","NLUKONIS","Windows","0","Read","G:\Group_Windt132k\Shared\ANICO\Derivatives CLewis\5.31.2026\Work (Month End)\Controls" 
"2026-07-08 14:00:00","WINDT142K3","68347396","NLUKONIS","Windows","0","Read","G:\Group_Windt132k\Shared\ANICO\Derivatives CLewis\6.30.2026\Work (Month End)\Reports\STAT" 
"2026-07-08 14:00:00","WINDT142K3","68347397","NLUKONIS","Windows","0","Read","G:\Group_Windt132k\Shared\ANICO\Derivatives CLewis\6.30.2026\Work (Month End)\Reports\STAT" 
"2026-07-08 14:00:00","WINDT142K3","68350365","NLUKONIS","Windows","0","Write + Read","G:\Group_Windt132k\Shared\ANICO\Derivatives CLewis\6.30.2026\Work (Month End)\GL Recon\~$ANICO Options STAT Recon 6.30.26 - Work.xlsx" 
"2026-07-08 14:00:00","WINDT142K3","68350780","TFEBLES","Windows","0","Read","G:\Group_Windt132k\Shared\REIT Team\Rompsen\Loans\8913 - 10073 Urban Capital Partners LLC\Payoff\07.08.2026" 
"2026-07-08 14:00:00","WINDT142K3","68350781","TFEBLES","Windows","0","Read","G:\Group_Windt132k\Shared\REIT Team\Rompsen\Loans\8913 - 10073 Urban Capital Partners LLC\Payoff\07.08.2026" 
"2026-07-08 14:00:00","WINDT142K3","68350830","TFEBLES","Windows","0","Read","G:\Group_Windt132k\Shared\REIT Team\Rompsen\Loans\8913 - 10073 Urban Capital Partners LLC\Payoff\07.08.2026\Romspen_Loan statement_Urban Capital Partners ,LLC 07.08.2026.pdf" 
"2026-07-08 14:00:00","WINDT142K3","68351125","MMCMANUS","Windows","0","Write + Read","G:\Group_Windt132k\Shared\REIT Team\SG Capital\Monthly Report\2026\G1001\06.30.26\EOM\~$Accrued Int Break June.xlsx" 
"2026-07-08 14:00:00","WINDT142K3","68351278","NLUKONIS","Windows","0","Write + Read","G:\Group_Windt132k\Shared\ANICO\Derivatives CLewis\6.30.2026\Work (Month End)\GL Recon\ANICO Options STAT Recon 6.30.26 - Work.xlsx" 
"2026-07-08 14:00:00","WINDT142K3","68351692","KZIADIE","Windows","0","Write + Read","G:\Group_Windt132k\Shared\REIT Team\Peachtree\Cortland\2026\06 Jun 2026\~$DistributionPayment_Peachtree_PSOF54_06.30.2026.xlsx" 
"2026-07-08 14:00:00","WINDT142K3","68351803","KZIADIE","Windows","0","Write + Read","G:\Group_Windt132k\Shared\REIT Team\Peachtree\Cortland\2026\05 May 2026\DistributionPayment_Peachtree_PSOF54_05.31.2026.xlsx" 
"2026-07-08 14:00:00","WINDT142K3","68351814","KZIADIE","Windows","0","Write + Read","G:\Group_Windt132k\Shared\REIT Team\Peachtree\Cortland\2026\05 May 2026\~$DistributionPayment_Peachtree_PSOF54_05.31.2026.xlsx" 
"2026-07-08 14:00:00","WINDT142K3","68353344","NLUKONIS","Windows","3","Write + Read","G:\Group_Windt132k\Shared\ANICO\Derivatives CLewis\6.30.2026\Work (Month End)\Reports\STAT\Derivative Holdings (STAT) 06-30-26.xls" 
"2026-07-08 14:00:00","WINDT142K3","68356358","KCARTA","Windows","0","Write + Read","G:\Group_Windt132k\Shared\REIT Team\Saluda Grade\Loan Servicing\2026\06 June 2026\Remit Recons\~$Deephaven-SGLT3 6.30.26 Remittance Recon.xlsx" 
"2026-07-08 14:00:00","WINDT142K3","68356383","KCARTA","Windows","0","Read","G:\Group_Windt132k\Shared\REIT Team\Saluda Grade\Loan Servicing\2026\06 June 2026\Remits\Interim\SGLT3\Deephaven" 
"2026-07-08 14:00:00","WINDT142K3","68356385","KCARTA","Windows","0","Read","G:\Group_Windt132k\Shared\REIT Team\Saluda Grade\Loan Servicing\2026\06 June 2026\Remits\Interim\SGLT3\Deephaven" 
"2026-07-08 14:00:00","WINDT142K3","68356519","KCARTA","Windows","0","Write + Read","G:\Group_Windt132k\Shared\REIT Team\Saluda Grade\Loan Servicing\2026\06 June 2026\Remits\Interim\SGLT3\Deephaven\Deephaven Interim - 5.31.2026 - 7.2 Transfer - SGLT3 - FINAL working.xlsx" 
"2026-07-08 14:00:00","WINDT142K3","68356522","KCARTA","Windows","0","Write + Read","G:\Group_Windt132k\Shared\REIT Team\Saluda Grade\Loan Servicing\2026\06 June 2026\Remits\Interim\SGLT3\Deephaven\~$Deephaven Interim - 5.31.2026 - 7.2 Transfer - SGLT3 - FINAL working.xlsx" 
"2026-07-08 14:00:00","WINDT142K3","68356860","KCARTA","Windows","0","Write + Read","G:\Group_Windt132k\Shared\REIT Team\Saluda Grade\Loan Servicing\2026\06 June 2026\Remit Recons\Deephaven-SGLT3 6.30.26 Remittance Recon.xlsx" 
"2026-07-08 14:00:00","WINDT142K3","68356900","MMCMANUS","Windows","0","Write + Read","G:\Group_Windt132k\Shared\REIT Team\SG Capital\Monthly Report\2026\G1001\06.30.26\EOM\Accrued Int Break June.xlsx" 
"2026-07-08 14:00:00","WINDT142K3","68356986","DBETTERS","Windows","0","Read","G:\Group_Windt132k\Shared\MarylandCare\2026.06.30\Controls" 
"2026-07-08 14:00:00","WINDT142K3","68356988","DBETTERS","Windows","0","Read","G:\Group_Windt132k\Shared\MarylandCare\2026.06.30\Controls" 
"2026-07-08 14:00:00","WINDT142K3","68356997","DBETTERS","Windows","0","Write + Read","G:\Group_Windt132k\Shared\MarylandCare\2026.06.30\Controls\SSNC_Vs_CUST_Position_MV_Reconciliation-06.30.2026-Final.xlsx" 
"2026-07-08 14:00:00","WINDT142K3","68357009","DBETTERS","Windows","0","Write + Read","G:\Group_Windt132k\Shared\MarylandCare\2026.06.30\Controls\~$SSNC_Vs_CUST_Position_MV_Reconciliation-06.30.2026-Final.xlsx" 
"2026-07-08 14:00:00","WINDT142K3","68357098","KZIADIE","Windows","0","Read","G:\Group_Windt132k\Shared\REIT Team\Peachtree\PCFIV\Billing Statement\2026\07.01.2026" 
"2026-07-08 14:00:00","WINDT142K3","68357099","KZIADIE","Windows","0","Read","G:\Group_Windt132k\Shared\REIT Team\Peachtree\PCFIV\Billing Statement\2026\07.01.2026" 
"2026-07-08 14:00:00","WINDT142K3","68357148","BMCADOO","Windows","0","Read","G:\Group_Windt132k\Shared\ANICO\LPs\ANICO LP Production\ANICO LP 2Q26" 
"2026-07-08 14:00:00","WINDT142K3","68357149","BMCADOO","Windows","0","Read","G:\Group_Windt132k\Shared\ANICO\LPs\ANICO LP Production\ANICO LP 2Q26" 
"2026-07-08 14:00:00","WINDT142K3","68357150","BMCADOO","Windows","0","Read","G:\Group_Windt132k\Shared\KofC\KofC 2026\26.01" 
"2026-07-08 14:00:00","WINDT142K3","68357151","BMCADOO","Windows","0","Read","G:\Group_Windt132k\Shared\KofC\KofC 2026\26.01" 
"2026-07-08 14:00:00","WINDT142K3","68357298","KZIADIE","Windows","0","Write + Read","G:\Group_Windt132k\Shared\REIT Team\Peachtree\Cortland\2026\06 Jun 2026\DistributionPayment_Peachtree_PSOF54_06.30.2026.xlsx" 
"2026-07-08 14:00:00","WINDT142K3","68357422","TFEBLES","Windows","0","Read","G:\Group_Windt132k\Shared\REIT Team\Rompsen\Loans\8706 - 10029 Rufo Properties Portfolio 12.28.2018\Payoff\12.16.2025" 
"2026-07-08 14:00:00","WINDT142K3","68357423","TFEBLES","Windows","0","Read","G:\Group_Windt132k\Shared\REIT Team\Rompsen\Loans\8706 - 10029 Rufo Properties Portfolio 12.28.2018\Payoff\12.16.2025" 
"2026-07-08 14:00:00","WINDT142K3","68357443","TFEBLES","Windows","4","Write + Read","G:\Group_Windt132k\Shared\REIT Team\Rompsen\Loans\8706 - 10029 Rufo Properties Portfolio 12.28.2018\Payoff\12.16.2025\Email from attorney for Legal Fees.msg" 
"2026-07-08 14:00:00","WINDT142K3","68357551","MPARLAPI","Windows","0","Read","G:\Group_Windt132k\Shared\MarylandCare\2026.06.30\Controls" 
"2026-07-08 14:00:00","WINDT142K3","68357552","MPARLAPI","Windows","0","Read","G:\Group_Windt132k\Shared\MarylandCare\2026.06.30\Controls" 
"2026-07-08 14:00:00","WINDT142K3","68357707","MPARLAPI","Windows","0","Write + Read","G:\Group_Windt132k\Shared\MarylandCare\2026.06.30\Controls\~$Earned Income (Month To Month) STAT June 2026.xlsx" 
"2026-07-08 14:00:00","WINDT142K3","68357733","JCACCAVA","Windows","0","Read","G:\Group_Windt132k\shared\REIT Team" 
"2026-07-08 14:00:00","WINDT142K3","68357736","JCACCAVA","Windows","0","Read","G:\Group_Windt132k\shared\REIT Team" 
"2026-07-08 14:00:00","WINDT142K3","68357737","JCACCAVA","Windows","0","Read","G:\Group_Windt132k\Shared\REIT Team\Saluda Grade\Loan Servicing\2026\05 May 2026\Month End\Client Deliverable" 
"2026-07-08 14:00:00","WINDT142K3","68357738","JCACCAVA","Windows","0","Read","G:\Group_Windt132k\Shared\REIT Team\Saluda Grade\Loan Servicing\2026\05 May 2026\Month End\Client Deliverable" 
"2026-07-08 14:00:00","WINDT142K3","68357963","MMCMANUS","Windows","0","Read","G:\Group_Windt132k\Shared\REIT Team\SG Capital\Monthly Report\2026\G1001\06.30.26\EOM" 
"2026-07-08 14:00:00","WINDT142K3","68357964","MMCMANUS","Windows","0","Read","G:\Group_Windt132k\Shared\REIT Team\SG Capital\Monthly Report\2026\G1001\06.30.26\EOM" 
"2026-07-08 14:00:00","WINDT142K3","68358084","MPARLAPI","Windows","0","Write + Read","G:\Group_Windt132k\Shared\MarylandCare\2026.06.30\Controls\Earned Income (Month To Month) STAT June 2026.xlsx" 
"2026-07-08 14:00:00","WINDT142K3","68358171","MPARLAPI","Windows","0","Write + Read","G:\Group_Windt132k\Shared\MarylandCare\2026.06.30\Controls\~$Earned Income (Month To Month) GAAP June 2026.xlsx" 
"2026-07-08 14:00:00","WINDT142K3","68358189","MPARLAPI","Windows","0","Write","G:\Group_Windt132k\Shared\MarylandCare\2026.06.30\Controls\Earned Income (Month To Month) GAAP June 2026.xlsx" 
"2026-07-08 14:00:00","WINDT142K3","68358191","MPARLAPI","Windows","0","Write + Read","G:\Group_Windt132k\Shared\MarylandCare\2026.06.30\Controls\63570C5F.tmp" 
"2026-07-08 15:00:00",INFO: The system global flag 'maintain objects list' needs 
"2026-07-08 15:00:00",      to be enabled to see local opened files. 
"2026-07-08 15:00:00",      See Openfiles /? for more information. 
"2026-07-08 15:00:00",Files opened remotely via local share points: 
"2026-07-08 15:00:00",--------------------------------------------- 
"2026-07-08 15:00:00","Hostname","ID","Accessed By","Type","#Locks","Open Mode","Open File (Path\executable)" 
"2026-07-08 15:00:00","WINDT142K3","6","N/A","Windows","0","Write + Read","\PIPE\EVENTLOG" 
"2026-07-08 15:00:00","WINDT142K3","68321685","NLUKONIS","Windows","0","Write + Read","G:\Group_Windt132k\Shared\ANICO\Derivatives CLewis\6.30.2026\~$ANICO Options Mth End Procedures June 2026.xlsx" 
"2026-07-08 15:00:00","WINDT142K3","68325459","NLUKONIS","Windows","0","Write + Read","G:\Group_Windt132k\Shared\ANICO\Derivatives CLewis\6.30.2026\ANICO Options Mth End Procedures June 2026.xlsx" 
"2026-07-08 15:00:00","WINDT142K3","68327581","BMCADOO","Windows","0","Write + Read","G:\Group_Windt132k\Shared\KofC\KofC 2026\26.06\FH Reports\KofC Transactions Report as of 6-30-26v3.xlsx" 
"2026-07-08 15:00:00","WINDT142K3","68327586","BMCADOO","Windows","0","Write + Read","G:\Group_Windt132k\Shared\KofC\KofC 2026\26.06\FH Reports\~$KofC Transactions Report as of 6-30-26v3.xlsx" 
"2026-07-08 15:00:00","WINDT142K3","68327645","BMCADOO","Windows","0","Write + Read","G:\Group_Windt132k\Shared\KofC\KofC 2026\26.06\FH Reports\KofC Valuations Report as of 6-30-26v4.xlsx" 
"2026-07-08 15:00:00","WINDT142K3","68327649","BMCADOO","Windows","0","Write + Read","G:\Group_Windt132k\Shared\KofC\KofC 2026\26.06\FH Reports\~$KofC Valuations Report as of 6-30-26v4.xlsx" 
"2026-07-08 15:00:00","WINDT142K3","68327939","KCARTA","Windows","0","Write + Read","G:\Group_Windt132k\Shared\REIT Team\Saluda Grade\Loan Servicing\2026\06 June 2026\~$June 2026 Checklist.xlsx" 
"2026-07-08 15:00:00","WINDT142K3","68335540","BMCADOO","Windows","0","Write + Read","G:\Group_Windt132k\Shared\KofC\KofC 2026\26.01\KOFC LP Control GAAP and STAT EMA_January 2026_Alt Method_v2.xlsx" 
"2026-07-08 15:00:00","WINDT142K3","68335565","BMCADOO","Windows","0","Write + Read","G:\Group_Windt132k\Shared\KofC\KofC 2026\26.01\~$KOFC LP Control GAAP and STAT EMA_January 2026_Alt Method_v2.xlsx" 
"2026-07-08 15:00:00","WINDT142K3","68342024","WEI.JIANG","Windows","0","Read","G:\Group_Windt132k\shared\REIT Team\Rompsen\Loans" 
"2026-07-08 15:00:00","WINDT142K3","68342025","WEI.JIANG","Windows","0","Read","G:\Group_Windt132k\shared\REIT Team\Rompsen\Loans" 
"2026-07-08 15:00:00","WINDT142K3","68342026","WEI.JIANG","Windows","0","Read","G:\Group_Windt132k\shared\REIT Team\Rompsen" 
"2026-07-08 15:00:00","WINDT142K3","68342027","WEI.JIANG","Windows","0","Read","G:\Group_Windt132k\shared\REIT Team\Rompsen" 
"2026-07-08 15:00:00","WINDT142K3","68342028","WEI.JIANG","Windows","0","Read","G:\Group_Windt132k\shared\REIT Team\Romspen CAD Shadow" 
"2026-07-08 15:00:00","WINDT142K3","68342029","WEI.JIANG","Windows","0","Read","G:\Group_Windt132k\shared\REIT Team\Romspen CAD Shadow" 
"2026-07-08 15:00:00","WINDT142K3","68342030","WEI.JIANG","Windows","0","Read","G:\Group_Windt132k\shared\REIT Team" 
"2026-07-08 15:00:00","WINDT142K3","68342031","WEI.JIANG","Windows","0","Read","G:\Group_Windt132k\shared\REIT Team" 
"2026-07-08 15:00:00","WINDT142K3","68342032","WEI.JIANG","Windows","0","Read","G:\Group_Windt132k\shared\REIT Team\Post Road" 
"2026-07-08 15:00:00","WINDT142K3","68342033","WEI.JIANG","Windows","0","Read","G:\Group_Windt132k\shared\REIT Team\Post Road" 
"2026-07-08 15:00:00","WINDT142K3","68342034","WEI.JIANG","Windows","0","Read","G:\Group_Windt132k\shared\REIT Team\Valley National Bank\Syndication Loan" 
"2026-07-08 15:00:00","WINDT142K3","68342035","WEI.JIANG","Windows","0","Read","G:\Group_Windt132k\shared\REIT Team\Valley National Bank\Syndication Loan" 
"2026-07-08 15:00:00","WINDT142K3","68342036","WEI.JIANG","Windows","0","Read","G:\Group_Windt132k\shared\REIT Team\Valley National Bank\Synd Bought Loan" 
"2026-07-08 15:00:00","WINDT142K3","68342037","WEI.JIANG","Windows","0","Read","G:\Group_Windt132k\shared\REIT Team\Valley National Bank\Synd Bought Loan" 
"2026-07-08 15:00:00","WINDT142K3","68342038","WEI.JIANG","Windows","0","Read","G:\Group_Windt132k\shared\REIT Team\Valley National Bank\Participation Sold Loan" 
"2026-07-08 15:00:00","WINDT142K3","68342039","WEI.JIANG","Windows","0","Read","G:\Group_Windt132k\shared\REIT Team\Valley National Bank\Participation Sold Loan" 
"2026-07-08 15:00:00","WINDT142K3","68342040","WEI.JIANG","Windows","0","Read","G:\Group_Windt132k\shared\REIT Team\Valley National Bank" 
"2026-07-08 15:00:00","WINDT142K3","68342041","WEI.JIANG","Windows","0","Read","G:\Group_Windt132k\shared\REIT Team\Valley National Bank" 
"2026-07-08 15:00:00","WINDT142K3","68342042","WEI.JIANG","Windows","0","Read","G:\Group_Windt132k\shared\REIT Team\Peachtree\Cadence Bank Transactions" 
"2026-07-08 15:00:00","WINDT142K3","68342043","WEI.JIANG","Windows","0","Read","G:\Group_Windt132k\shared\REIT Team\Peachtree\Cadence Bank Transactions" 
"2026-07-08 15:00:00","WINDT142K3","68342044","WEI.JIANG","Windows","0","Read","G:\Group_Windt132k\shared\REIT Team\Peachtree\PCFIV" 
"2026-07-08 15:00:00","WINDT142K3","68342045","WEI.JIANG","Windows","0","Read","G:\Group_Windt132k\shared\REIT Team\Peachtree\PCFIV" 
"2026-07-08 15:00:00","WINDT142K3","68342046","WEI.JIANG","Windows","0","Read","G:\Group_Windt132k\shared\REIT Team\Peachtree\Non Fund (NF) - Loans in PDOF" 
"2026-07-08 15:00:00","WINDT142K3","68342047","WEI.JIANG","Windows","0","Read","G:\Group_Windt132k\shared\REIT Team\Peachtree\Non Fund (NF) - Loans in PDOF" 
"2026-07-08 15:00:00","WINDT142K3","68342048","WEI.JIANG","Windows","0","Read","G:\Group_Windt132k\shared\REIT Team\Peachtree\PSOF\Billing Statement" 
"2026-07-08 15:00:00","WINDT142K3","68342049","WEI.JIANG","Windows","0","Read","G:\Group_Windt132k\shared\REIT Team\Peachtree\PSOF\Billing Statement" 
"2026-07-08 15:00:00","WINDT142K3","68342050","WEI.JIANG","Windows","0","Read","G:\Group_Windt132k\shared\REIT Team\Peachtree\PSOF" 
"2026-07-08 15:00:00","WINDT142K3","68342051","WEI.JIANG","Windows","0","Read","G:\Group_Windt132k\shared\REIT Team\Peachtree\PSOF" 
"2026-07-08 15:00:00","WINDT142K3","68342052","WEI.JIANG","Windows","0","Read","G:\Group_Windt132k\shared\REIT Team\Peachtree\PDOF\Billing Statements" 
"2026-07-08 15:00:00","WINDT142K3","68342053","WEI.JIANG","Windows","0","Read","G:\Group_Windt132k\shared\REIT Team\Peachtree\PDOF\Billing Statements" 
"2026-07-08 15:00:00","WINDT142K3","68342054","WEI.JIANG","Windows","0","Read","G:\Group_Windt132k\shared\REIT Team\Peachtree\PDOF" 
"2026-07-08 15:00:00","WINDT142K3","68342055","WEI.JIANG","Windows","0","Read","G:\Group_Windt132k\shared\REIT Team\Peachtree\PDOF" 
"2026-07-08 15:00:00","WINDT142K3","68342056","WEI.JIANG","Windows","0","Read","G:\Group_Windt132k\shared\REIT Team\Peachtree\FUND III" 
"2026-07-08 15:00:00","WINDT142K3","68342057","WEI.JIANG","Windows","0","Read","G:\Group_Windt132k\shared\REIT Team\Peachtree\FUND III" 
"2026-07-08 15:00:00","WINDT142K3","68342058","WEI.JIANG","Windows","0","Read","G:\Group_Windt132k\shared\REIT Team\Peachtree\FUND II" 
"2026-07-08 15:00:00","WINDT142K3","68342059","WEI.JIANG","Windows","0","Read","G:\Group_Windt132k\shared\REIT Team\Peachtree\FUND II" 
"2026-07-08 15:00:00","WINDT142K3","68342060","WEI.JIANG","Windows","0","Read","G:\Group_Windt132k\shared\REIT Team\Peachtree" 
"2026-07-08 15:00:00","WINDT142K3","68342061","WEI.JIANG","Windows","0","Read","G:\Group_Windt132k\shared\REIT Team\Peachtree" 
"2026-07-08 15:00:00","WINDT142K3","68342062","WEI.JIANG","Windows","0","Read","G:\Group_Windt132k\shared\REIT Team\Rompsen\WF Transactions" 
"2026-07-08 15:00:00","WINDT142K3","68342063","WEI.JIANG","Windows","0","Read","G:\Group_Windt132k\shared\REIT Team\Rompsen\WF Transactions" 
"2026-07-08 15:00:00","WINDT142K3","68342064","WEI.JIANG","Windows","0","Read","G:\Group_Windt132k\shared\REIT Team\Rompsen\Loan expense to be reimbursed by borrower" 
"2026-07-08 15:00:00","WINDT142K3","68342065","WEI.JIANG","Windows","0","Read","G:\Group_Windt132k\shared\REIT Team\Rompsen\Loan expense to be reimbursed by borrower" 
"2026-07-08 15:00:00","WINDT142K3","68342066","WEI.JIANG","Windows","0","Read","G:\Group_Windt132k\shared\REIT Team\Rompsen\Mortgage Statement" 
"2026-07-08 15:00:00","WINDT142K3","68342067","WEI.JIANG","Windows","0","Read","G:\Group_Windt132k\shared\REIT Team\Rompsen\Mortgage Statement" 
"2026-07-08 15:00:00","WINDT142K3","68342068","WEI.JIANG","Windows","0","Read","G:\Group_Windt132k\shared\REIT Team\Rompsen\Monthly Report" 
"2026-07-08 15:00:00","WINDT142K3","68342069","WEI.JIANG","Windows","0","Read","G:\Group_Windt132k\shared\REIT Team\Rompsen\Monthly Report" 
"2026-07-08 15:00:00","WINDT142K3","68342968","MMCMANUS","Windows","0","Write + Read","G:\Group_Windt132k\Shared\REIT Team\SG Capital\Monthly Report\2026\G1001\06.30.26\EOM\~$SGCAP Final PnL and Recon 6.30.2026 G1001 Fund Working.xlsx" 
"2026-07-08 15:00:00","WINDT142K3","68345549","KCARTA","Windows","0","Read","G:\Group_Windt132k\Shared\REIT Team\Saluda Grade\Loan Servicing\2026\05 May 2026\Remit Recons\Reviewed" 
"2026-07-08 15:00:00","WINDT142K3","68345550","KCARTA","Windows","0","Read","G:\Group_Windt132k\Shared\REIT Team\Saluda Grade\Loan Servicing\2026\05 May 2026\Remit Recons\Reviewed" 
"2026-07-08 15:00:00","WINDT142K3","68346369","BMCADOO","Windows","0","Write + Read","G:\Group_Windt132k\Shared\ANICO\LPs\ANICO LP Production\ANICO LP 2Q26\ANIC June 2026 LP Control GAAP and STAT EMA.xlsx" 
"2026-07-08 15:00:00","WINDT142K3","68346442","BMCADOO","Windows","0","Write + Read","G:\Group_Windt132k\Shared\ANICO\LPs\ANICO LP Production\ANICO LP 2Q26\~$ANIC June 2026 LP Control GAAP and STAT EMA.xlsx" 
"2026-07-08 15:00:00","WINDT142K3","68347396","NLUKONIS","Windows","0","Read","G:\Group_Windt132k\Shared\ANICO\Derivatives CLewis\6.30.2026\Work (Month End)\Reports\STAT" 
"2026-07-08 15:00:00","WINDT142K3","68347397","NLUKONIS","Windows","0","Read","G:\Group_Windt132k\Shared\ANICO\Derivatives CLewis\6.30.2026\Work (Month End)\Reports\STAT" 
"2026-07-08 15:00:00","WINDT142K3","68350830","TFEBLES","Windows","0","Read","G:\Group_Windt132k\Shared\REIT Team\Rompsen\Loans\8913 - 10073 Urban Capital Partners LLC\Payoff\07.08.2026\Romspen_Loan statement_Urban Capital Partners ,LLC 07.08.2026.pdf" 
"2026-07-08 15:00:00","WINDT142K3","68357148","BMCADOO","Windows","0","Read","G:\Group_Windt132k\Shared\ANICO\LPs\ANICO LP Production\ANICO LP 2Q26" 
"2026-07-08 15:00:00","WINDT142K3","68357149","BMCADOO","Windows","0","Read","G:\Group_Windt132k\Shared\ANICO\LPs\ANICO LP Production\ANICO LP 2Q26" 
"2026-07-08 15:00:00","WINDT142K3","68357443","TFEBLES","Windows","4","Write + Read","G:\Group_Windt132k\Shared\REIT Team\Rompsen\Loans\8706 - 10029 Rufo Properties Portfolio 12.28.2018\Payoff\12.16.2025\Email from attorney for Legal Fees.msg" 
"2026-07-08 15:00:00","WINDT142K3","68358530","JCACCAVA","Windows","0","Read","G:\Group_Windt132k\Shared\REIT Team\SG Capital\Monthly Report\2026\MoO\04.30.26" 
"2026-07-08 15:00:00","WINDT142K3","68358531","JCACCAVA","Windows","0","Read","G:\Group_Windt132k\Shared\REIT Team\SG Capital\Monthly Report\2026\MoO\04.30.26" 
"2026-07-08 15:00:00","WINDT142K3","68358546","JCACCAVA","Windows","0","Write + Read","G:\Group_Windt132k\Shared\REIT Team\SG Capital\Monthly Report\2026\MoO\04.30.26\Endeavor Apr 2026 Checklist.xlsx" 
"2026-07-08 15:00:00","WINDT142K3","68358555","JCACCAVA","Windows","0","Write + Read","G:\Group_Windt132k\Shared\REIT Team\SG Capital\Monthly Report\2026\MoO\04.30.26\~$Endeavor Apr 2026 Checklist.xlsx" 
"2026-07-08 15:00:00","WINDT142K3","68358659","KZIADIE","Windows","0","Read","G:\Group_Windt132k\Shared\REIT Team\Peachtree\PSOF\24026P2B Altitude at 41\Payoff Request" 
"2026-07-08 15:00:00","WINDT142K3","68358660","KZIADIE","Windows","0","Read","G:\Group_Windt132k\Shared\REIT Team\Peachtree\PSOF\24026P2B Altitude at 41\Payoff Request" 
"2026-07-08 15:00:00","WINDT142K3","68358731","NLUKONIS","Windows","0","Read","G:\Group_Windt132k\Shared\ANICO\Derivatives CLewis\5.31.2026\Sent to ANICO" 
"2026-07-08 15:00:00","WINDT142K3","68358732","NLUKONIS","Windows","0","Read","G:\Group_Windt132k\Shared\ANICO\Derivatives CLewis\5.31.2026\Sent to ANICO" 
"2026-07-08 15:00:00","WINDT142K3","68359178","KCARTA","Windows","0","Read","G:\Group_Windt132k\Shared\REIT Team\Saluda Grade\Loan Servicing\2026\06 June 2026\Remit Recons" 
"2026-07-08 15:00:00","WINDT142K3","68359179","KCARTA","Windows","0","Read","G:\Group_Windt132k\Shared\REIT Team\Saluda Grade\Loan Servicing\2026\06 June 2026\Remit Recons" 
"2026-07-08 15:00:00","WINDT142K3","68359451","KCARTA","Windows","0","Write + Read","G:\Group_Windt132k\Shared\REIT Team\Saluda Grade\Loan Servicing\2026\06 June 2026\June 2026 Checklist.xlsx" 
"2026-07-08 15:00:00","WINDT142K3","68360332","MMCMANUS","Windows","0","Write + Read","G:\Group_Windt132k\Shared\REIT Team\SG Capital\Monthly Report\2026\G1001\06.30.26\EOM\SGCAP Final PnL and Recon 6.30.2026 G1001 Fund Working.xlsx" 
"2026-07-08 15:00:00","WINDT142K3","68360338","MPARLAPI","Windows","0","Read","G:\Group_Windt132k\Shared\MarylandCare\2026.06.30\Controls" 
"2026-07-08 15:00:00","WINDT142K3","68360339","MPARLAPI","Windows","0","Read","G:\Group_Windt132k\Shared\MarylandCare\2026.06.30\Controls" 
"2026-07-08 15:00:00","WINDT142K3","68360419","MMCMANUS","Windows","0","Read","G:\Group_Windt132k\Shared\REIT Team\SG Capital\Monthly Report\2026\G1001\06.30.26\EOM" 
"2026-07-08 15:00:00","WINDT142K3","68360420","MMCMANUS","Windows","0","Read","G:\Group_Windt132k\Shared\REIT Team\SG Capital\Monthly Report\2026\G1001\06.30.26\EOM" 
"2026-07-08 15:00:00","WINDT142K3","68360463","NLUKONIS","Windows","0","Write + Read","G:\Group_Windt132k\Shared\ANICO\Derivatives CLewis\5.31.2026\Sent to ANICO\ANICO Options GAAP Recon 5.31.26 - Final.xlsx" 
"2026-07-08 15:00:00","WINDT142K3","68360466","NLUKONIS","Windows","0","Write + Read","G:\Group_Windt132k\Shared\ANICO\Derivatives CLewis\5.31.2026\Sent to ANICO\~$ANICO Options GAAP Recon 5.31.26 - Final.xlsx" 
"2026-07-08 15:00:00","WINDT142K3","68360580","TFEBLES","Windows","0","Read","G:\Group_Windt132k\Shared\REIT Team\Rompsen\Loans\8706 - 10029 Rufo Properties Portfolio 12.28.2018\Payoff\12.16.2025" 
"2026-07-08 15:00:00","WINDT142K3","68360581","TFEBLES","Windows","0","Read","G:\Group_Windt132k\Shared\REIT Team\Rompsen\Loans\8706 - 10029 Rufo Properties Portfolio 12.28.2018\Payoff\12.16.2025" 
"2026-07-08 15:00:00","WINDT142K3","68360582","TFEBLES","Windows","0","Read","G:\Group_Windt132k\Shared\REIT Team\Rompsen\Loans\8913 - 10073 Urban Capital Partners LLC\Payoff\07.08.2026" 
"2026-07-08 15:00:00","WINDT142K3","68360583","TFEBLES","Windows","0","Read","G:\Group_Windt132k\Shared\REIT Team\Rompsen\Loans\8913 - 10073 Urban Capital Partners LLC\Payoff\07.08.2026" 
"2026-07-08 15:00:00","WINDT142K3","68360585","TFEBLES","Windows","0","Read","G:\Group_Windt132k\Shared\REIT Team\Rompsen\Monthly Report\07.31.2026" 
"2026-07-08 15:00:00","WINDT142K3","68360586","TFEBLES","Windows","0","Read","G:\Group_Windt132k\Shared\REIT Team\Rompsen\Monthly Report\07.31.2026" 
"2026-07-08 15:00:00","WINDT142K3","68360638","NLUKONIS","Windows","0","Read","G:\Group_Windt132k\Shared\ANICO\Derivatives CLewis\6.30.2026\Work (Month End)" 
"2026-07-08 15:00:00","WINDT142K3","68360640","NLUKONIS","Windows","0","Read","G:\Group_Windt132k\Shared\ANICO\Derivatives CLewis\6.30.2026\Work (Month End)" 
"2026-07-08 15:00:00","WINDT142K3","68360655","NLUKONIS","Windows","0","Read","G:\Group_Windt132k\Shared\ANICO\Derivatives CLewis\6.30.2026\Work (Month End)\GL Recon" 
"2026-07-08 15:00:00","WINDT142K3","68360657","NLUKONIS","Windows","0","Read","G:\Group_Windt132k\Shared\ANICO\Derivatives CLewis\6.30.2026\Work (Month End)\GL Recon" 
"2026-07-08 15:00:00","WINDT142K3","68360660","NLUKONIS","Windows","0","Read","G:\Group_Windt132k\Shared\ANICO\Derivatives CLewis\6.30.2026\Work (Month End)\GL Recon" 
"2026-07-08 16:00:00",INFO: The system global flag 'maintain objects list' needs 
"2026-07-08 16:00:00",      to be enabled to see local opened files. 
"2026-07-08 16:00:00",      See Openfiles /? for more information. 
"2026-07-08 16:00:00",Files opened remotely via local share points: 
"2026-07-08 16:00:00",--------------------------------------------- 
"2026-07-08 16:00:00","Hostname","ID","Accessed By","Type","#Locks","Open Mode","Open File (Path\executable)" 
"2026-07-08 16:00:00","WINDT142K3","6","N/A","Windows","0","Write + Read","\PIPE\EVENTLOG" 
"2026-07-08 16:00:00","WINDT142K3","68321685","NLUKONIS","Windows","0","Write + Read","G:\Group_Windt132k\Shared\ANICO\Derivatives CLewis\6.30.2026\~$ANICO Options Mth End Procedures June 2026.xlsx" 
"2026-07-08 16:00:00","WINDT142K3","68325459","NLUKONIS","Windows","0","Write + Read","G:\Group_Windt132k\Shared\ANICO\Derivatives CLewis\6.30.2026\ANICO Options Mth End Procedures June 2026.xlsx" 
"2026-07-08 16:00:00","WINDT142K3","68327581","BMCADOO","Windows","0","Write + Read","G:\Group_Windt132k\Shared\KofC\KofC 2026\26.06\FH Reports\KofC Transactions Report as of 6-30-26v3.xlsx" 
"2026-07-08 16:00:00","WINDT142K3","68327586","BMCADOO","Windows","0","Write + Read","G:\Group_Windt132k\Shared\KofC\KofC 2026\26.06\FH Reports\~$KofC Transactions Report as of 6-30-26v3.xlsx" 
"2026-07-08 16:00:00","WINDT142K3","68327645","BMCADOO","Windows","0","Write + Read","G:\Group_Windt132k\Shared\KofC\KofC 2026\26.06\FH Reports\KofC Valuations Report as of 6-30-26v4.xlsx" 
"2026-07-08 16:00:00","WINDT142K3","68327649","BMCADOO","Windows","0","Write + Read","G:\Group_Windt132k\Shared\KofC\KofC 2026\26.06\FH Reports\~$KofC Valuations Report as of 6-30-26v4.xlsx" 
"2026-07-08 16:00:00","WINDT142K3","68327939","KCARTA","Windows","0","Write + Read","G:\Group_Windt132k\Shared\REIT Team\Saluda Grade\Loan Servicing\2026\06 June 2026\~$June 2026 Checklist.xlsx" 
"2026-07-08 16:00:00","WINDT142K3","68335540","BMCADOO","Windows","0","Write + Read","G:\Group_Windt132k\Shared\KofC\KofC 2026\26.01\KOFC LP Control GAAP and STAT EMA_January 2026_Alt Method_v2.xlsx" 
"2026-07-08 16:00:00","WINDT142K3","68335565","BMCADOO","Windows","0","Write + Read","G:\Group_Windt132k\Shared\KofC\KofC 2026\26.01\~$KOFC LP Control GAAP and STAT EMA_January 2026_Alt Method_v2.xlsx" 
"2026-07-08 16:00:00","WINDT142K3","68342968","MMCMANUS","Windows","0","Write + Read","G:\Group_Windt132k\Shared\REIT Team\SG Capital\Monthly Report\2026\G1001\06.30.26\EOM\~$SGCAP Final PnL and Recon 6.30.2026 G1001 Fund Working.xlsx" 
"2026-07-08 16:00:00","WINDT142K3","68345549","KCARTA","Windows","0","Read","G:\Group_Windt132k\Shared\REIT Team\Saluda Grade\Loan Servicing\2026\05 May 2026\Remit Recons\Reviewed" 
"2026-07-08 16:00:00","WINDT142K3","68345550","KCARTA","Windows","0","Read","G:\Group_Windt132k\Shared\REIT Team\Saluda Grade\Loan Servicing\2026\05 May 2026\Remit Recons\Reviewed" 
"2026-07-08 16:00:00","WINDT142K3","68346369","BMCADOO","Windows","0","Write + Read","G:\Group_Windt132k\Shared\ANICO\LPs\ANICO LP Production\ANICO LP 2Q26\ANIC June 2026 LP Control GAAP and STAT EMA.xlsx" 
"2026-07-08 16:00:00","WINDT142K3","68346442","BMCADOO","Windows","0","Write + Read","G:\Group_Windt132k\Shared\ANICO\LPs\ANICO LP Production\ANICO LP 2Q26\~$ANIC June 2026 LP Control GAAP and STAT EMA.xlsx" 
"2026-07-08 16:00:00","WINDT142K3","68350830","TFEBLES","Windows","0","Read","G:\Group_Windt132k\Shared\REIT Team\Rompsen\Loans\8913 - 10073 Urban Capital Partners LLC\Payoff\07.08.2026\Romspen_Loan statement_Urban Capital Partners ,LLC 07.08.2026.pdf" 
"2026-07-08 16:00:00","WINDT142K3","68357148","BMCADOO","Windows","0","Read","G:\Group_Windt132k\Shared\ANICO\LPs\ANICO LP Production\ANICO LP 2Q26" 
"2026-07-08 16:00:00","WINDT142K3","68357149","BMCADOO","Windows","0","Read","G:\Group_Windt132k\Shared\ANICO\LPs\ANICO LP Production\ANICO LP 2Q26" 
"2026-07-08 16:00:00","WINDT142K3","68357443","TFEBLES","Windows","4","Write + Read","G:\Group_Windt132k\Shared\REIT Team\Rompsen\Loans\8706 - 10029 Rufo Properties Portfolio 12.28.2018\Payoff\12.16.2025\Email from attorney for Legal Fees.msg" 
"2026-07-08 16:00:00","WINDT142K3","68358530","JCACCAVA","Windows","0","Read","G:\Group_Windt132k\Shared\REIT Team\SG Capital\Monthly Report\2026\MoO\04.30.26" 
"2026-07-08 16:00:00","WINDT142K3","68358531","JCACCAVA","Windows","0","Read","G:\Group_Windt132k\Shared\REIT Team\SG Capital\Monthly Report\2026\MoO\04.30.26" 
"2026-07-08 16:00:00","WINDT142K3","68358546","JCACCAVA","Windows","0","Write + Read","G:\Group_Windt132k\Shared\REIT Team\SG Capital\Monthly Report\2026\MoO\04.30.26\Endeavor Apr 2026 Checklist.xlsx" 
"2026-07-08 16:00:00","WINDT142K3","68358555","JCACCAVA","Windows","0","Write + Read","G:\Group_Windt132k\Shared\REIT Team\SG Capital\Monthly Report\2026\MoO\04.30.26\~$Endeavor Apr 2026 Checklist.xlsx" 
"2026-07-08 16:00:00","WINDT142K3","68358731","NLUKONIS","Windows","0","Read","G:\Group_Windt132k\Shared\ANICO\Derivatives CLewis\5.31.2026\Sent to ANICO" 
"2026-07-08 16:00:00","WINDT142K3","68358732","NLUKONIS","Windows","0","Read","G:\Group_Windt132k\Shared\ANICO\Derivatives CLewis\5.31.2026\Sent to ANICO" 
"2026-07-08 16:00:00","WINDT142K3","68359451","KCARTA","Windows","0","Write + Read","G:\Group_Windt132k\Shared\REIT Team\Saluda Grade\Loan Servicing\2026\06 June 2026\June 2026 Checklist.xlsx" 
"2026-07-08 16:00:00","WINDT142K3","68360338","MPARLAPI","Windows","0","Read","G:\Group_Windt132k\Shared\MarylandCare\2026.06.30\Controls" 
"2026-07-08 16:00:00","WINDT142K3","68360339","MPARLAPI","Windows","0","Read","G:\Group_Windt132k\Shared\MarylandCare\2026.06.30\Controls" 
"2026-07-08 16:00:00","WINDT142K3","68360580","TFEBLES","Windows","0","Read","G:\Group_Windt132k\Shared\REIT Team\Rompsen\Loans\8706 - 10029 Rufo Properties Portfolio 12.28.2018\Payoff\12.16.2025" 
"2026-07-08 16:00:00","WINDT142K3","68360581","TFEBLES","Windows","0","Read","G:\Group_Windt132k\Shared\REIT Team\Rompsen\Loans\8706 - 10029 Rufo Properties Portfolio 12.28.2018\Payoff\12.16.2025" 
"2026-07-08 16:00:00","WINDT142K3","68360582","TFEBLES","Windows","0","Read","G:\Group_Windt132k\Shared\REIT Team\Rompsen\Loans\8913 - 10073 Urban Capital Partners LLC\Payoff\07.08.2026" 
"2026-07-08 16:00:00","WINDT142K3","68360583","TFEBLES","Windows","0","Read","G:\Group_Windt132k\Shared\REIT Team\Rompsen\Loans\8913 - 10073 Urban Capital Partners LLC\Payoff\07.08.2026" 
"2026-07-08 16:00:00","WINDT142K3","68360585","TFEBLES","Windows","0","Read","G:\Group_Windt132k\Shared\REIT Team\Rompsen\Monthly Report\07.31.2026" 
"2026-07-08 16:00:00","WINDT142K3","68360586","TFEBLES","Windows","0","Read","G:\Group_Windt132k\Shared\REIT Team\Rompsen\Monthly Report\07.31.2026" 
"2026-07-08 16:00:00","WINDT142K3","68360730","NLUKONIS","Windows","0","Write + Read","G:\Group_Windt132k\Shared\ANICO\Derivatives CLewis\6.30.2026\Work (Month End)\GL Recon\~$ANICO Options GAAP Recon 6.30.26 - Work.xlsx" 
"2026-07-08 16:00:00","WINDT142K3","68360964","NLUKONIS","Windows","0","Read","G:\Group_Windt132k\Shared\ANICO\Derivatives CLewis\6.30.2026\Work (Month End)\Reports" 
"2026-07-08 16:00:00","WINDT142K3","68360965","NLUKONIS","Windows","0","Read","G:\Group_Windt132k\Shared\ANICO\Derivatives CLewis\6.30.2026\Work (Month End)\Reports" 
"2026-07-08 16:00:00","WINDT142K3","68362570","TFEBLES","Windows","0","Write + Read","G:\Group_Windt132k\Shared\REIT Team\Rompsen\Monthly Report\07.31.2026\~$Daily Cash Entries_07.02.2026.xlsx" 
"2026-07-08 16:00:00","WINDT142K3","68363551","TFEBLES","Windows","0","Write + Read","G:\Group_Windt132k\Shared\REIT Team\Rompsen\Monthly Report\07.31.2026\Daily Cash Entries_07.02.2026.xlsx" 
"2026-07-08 16:00:00","WINDT142K3","68363796","KZIADIE","Windows","0","Write + Read","G:\Group_Windt132k\Shared\REIT Team\Peachtree\PCFIV\26043P4B Seahaven Apartments - Panama City Beach, FL - Force Fund 3.5.27\Voya - Participation & Loan Sale\Seahaven Apartments - Voya Participation Split Peachtree.xlsx" 
"2026-07-08 16:00:00","WINDT142K3","68363802","KZIADIE","Windows","0","Write + Read","G:\Group_Windt132k\Shared\REIT Team\Peachtree\PCFIV\26043P4B Seahaven Apartments - Panama City Beach, FL - Force Fund 3.5.27\Voya - Participation & Loan Sale\~$Seahaven Apartments - Voya Participation Split Peachtree.xlsx" 
"2026-07-08 16:00:00","WINDT142K3","68365938","NLUKONIS","Windows","0","Write + Read","G:\Group_Windt132k\Shared\ANICO\Derivatives CLewis\5.31.2026\Sent to ANICO\ANICO Options GAAP Recon 5.31.26 - Final.xlsx" 
"2026-07-08 16:00:00","WINDT142K3","68365954","NLUKONIS","Windows","0","Write + Read","G:\Group_Windt132k\Shared\ANICO\Derivatives CLewis\5.31.2026\Sent to ANICO\~$ANICO Options GAAP Recon 5.31.26 - Final.xlsx" 
"2026-07-08 16:00:00","WINDT142K3","68366934","MMCMANUS","Windows","0","Read","G:\Group_Windt132k\Shared\REIT Team\SG Capital\Monthly Report\2026\G1001\05.31.26\EOM" 
"2026-07-08 16:00:00","WINDT142K3","68366939","MMCMANUS","Windows","0","Read","G:\Group_Windt132k\Shared\REIT Team\SG Capital\Monthly Report\2026\G1001\05.31.26\EOM" 
"2026-07-08 16:00:00","WINDT142K3","68367438","MMCMANUS","Windows","0","Write + Read","G:\Group_Windt132k\Shared\REIT Team\SG Capital\Monthly Report\2026\G1001\06.30.26\EOM\SGCAP Final PnL and Recon 6.30.2026 G1001 Fund Working.xlsx" 
"2026-07-08 16:00:00","WINDT142K3","68368147","WEI.JIANG","Windows","0","Read","G:\Group_Windt132k\shared\REIT Team\Rompsen\Loans" 
"2026-07-08 16:00:00","WINDT142K3","68368150","WEI.JIANG","Windows","0","Read","G:\Group_Windt132k\shared\REIT Team\Rompsen\Loans" 
"2026-07-08 16:00:00","WINDT142K3","68368153","WEI.JIANG","Windows","0","Read","G:\Group_Windt132k\shared\REIT Team\Rompsen" 
"2026-07-08 16:00:00","WINDT142K3","68368156","WEI.JIANG","Windows","0","Read","G:\Group_Windt132k\shared\REIT Team\Rompsen" 
"2026-07-08 16:00:00","WINDT142K3","68368159","WEI.JIANG","Windows","0","Read","G:\Group_Windt132k\shared\REIT Team\Romspen CAD Shadow" 
"2026-07-08 16:00:00","WINDT142K3","68368162","WEI.JIANG","Windows","0","Read","G:\Group_Windt132k\shared\REIT Team\Romspen CAD Shadow" 
"2026-07-08 16:00:00","WINDT142K3","68368164","WEI.JIANG","Windows","0","Read","G:\Group_Windt132k\shared\REIT Team" 
"2026-07-08 16:00:00","WINDT142K3","68368167","WEI.JIANG","Windows","0","Read","G:\Group_Windt132k\shared\REIT Team" 
"2026-07-08 16:00:00","WINDT142K3","68368170","WEI.JIANG","Windows","0","Read","G:\Group_Windt132k\shared\REIT Team\Post Road" 
"2026-07-08 16:00:00","WINDT142K3","68368173","WEI.JIANG","Windows","0","Read","G:\Group_Windt132k\shared\REIT Team\Post Road" 
"2026-07-08 16:00:00","WINDT142K3","68368176","WEI.JIANG","Windows","0","Read","G:\Group_Windt132k\shared\REIT Team\Valley National Bank\Syndication Loan" 
"2026-07-08 16:00:00","WINDT142K3","68368179","WEI.JIANG","Windows","0","Read","G:\Group_Windt132k\shared\REIT Team\Valley National Bank\Syndication Loan" 
"2026-07-08 16:00:00","WINDT142K3","68368181","WEI.JIANG","Windows","0","Read","G:\Group_Windt132k\shared\REIT Team\Valley National Bank\Synd Bought Loan" 
"2026-07-08 16:00:00","WINDT142K3","68368184","WEI.JIANG","Windows","0","Read","G:\Group_Windt132k\shared\REIT Team\Valley National Bank\Synd Bought Loan" 
"2026-07-08 16:00:00","WINDT142K3","68368187","WEI.JIANG","Windows","0","Read","G:\Group_Windt132k\shared\REIT Team\Valley National Bank\Participation Sold Loan" 
"2026-07-08 16:00:00","WINDT142K3","68368191","WEI.JIANG","Windows","0","Read","G:\Group_Windt132k\shared\REIT Team\Valley National Bank\Participation Sold Loan" 
"2026-07-08 16:00:00","WINDT142K3","68368194","WEI.JIANG","Windows","0","Read","G:\Group_Windt132k\shared\REIT Team\Valley National Bank" 
"2026-07-08 16:00:00","WINDT142K3","68368197","WEI.JIANG","Windows","0","Read","G:\Group_Windt132k\shared\REIT Team\Valley National Bank" 
"2026-07-08 16:00:00","WINDT142K3","68368199","WEI.JIANG","Windows","0","Read","G:\Group_Windt132k\shared\REIT Team\Peachtree\Cadence Bank Transactions" 
"2026-07-08 16:00:00","WINDT142K3","68368202","WEI.JIANG","Windows","0","Read","G:\Group_Windt132k\shared\REIT Team\Peachtree\Cadence Bank Transactions" 
"2026-07-08 16:00:00","WINDT142K3","68368206","WEI.JIANG","Windows","0","Read","G:\Group_Windt132k\shared\REIT Team\Peachtree\PCFIV" 
"2026-07-08 16:00:00","WINDT142K3","68368209","WEI.JIANG","Windows","0","Read","G:\Group_Windt132k\shared\REIT Team\Peachtree\PCFIV" 
"2026-07-08 16:00:00","WINDT142K3","68368211","WEI.JIANG","Windows","0","Read","G:\Group_Windt132k\shared\REIT Team\Peachtree\Non Fund (NF) - Loans in PDOF" 
"2026-07-08 16:00:00","WINDT142K3","68368215","WEI.JIANG","Windows","0","Read","G:\Group_Windt132k\shared\REIT Team\Peachtree\Non Fund (NF) - Loans in PDOF" 
"2026-07-08 16:00:00","WINDT142K3","68368217","WEI.JIANG","Windows","0","Read","G:\Group_Windt132k\shared\REIT Team\Peachtree\PSOF\Billing Statement" 
"2026-07-08 16:00:00","WINDT142K3","68368220","WEI.JIANG","Windows","0","Read","G:\Group_Windt132k\shared\REIT Team\Peachtree\PSOF\Billing Statement" 
"2026-07-08 16:00:00","WINDT142K3","68368224","WEI.JIANG","Windows","0","Read","G:\Group_Windt132k\shared\REIT Team\Peachtree\PSOF" 
"2026-07-08 16:00:00","WINDT142K3","68368227","WEI.JIANG","Windows","0","Read","G:\Group_Windt132k\shared\REIT Team\Peachtree\PSOF" 
"2026-07-08 16:00:00","WINDT142K3","68368229","WEI.JIANG","Windows","0","Read","G:\Group_Windt132k\shared\REIT Team\Peachtree\PDOF\Billing Statements" 
"2026-07-08 16:00:00","WINDT142K3","68368233","WEI.JIANG","Windows","0","Read","G:\Group_Windt132k\shared\REIT Team\Peachtree\PDOF\Billing Statements" 
"2026-07-08 16:00:00","WINDT142K3","68368235","WEI.JIANG","Windows","0","Read","G:\Group_Windt132k\shared\REIT Team\Peachtree\PDOF" 
"2026-07-08 16:00:00","WINDT142K3","68368239","WEI.JIANG","Windows","0","Read","G:\Group_Windt132k\shared\REIT Team\Peachtree\PDOF" 
"2026-07-08 16:00:00","WINDT142K3","68368242","WEI.JIANG","Windows","0","Read","G:\Group_Windt132k\shared\REIT Team\Peachtree\FUND III" 
"2026-07-08 16:00:00","WINDT142K3","68368246","WEI.JIANG","Windows","0","Read","G:\Group_Windt132k\shared\REIT Team\Peachtree\FUND III" 
"2026-07-08 16:00:00","WINDT142K3","68368248","WEI.JIANG","Windows","0","Read","G:\Group_Windt132k\shared\REIT Team\Peachtree\FUND II" 
"2026-07-08 16:00:00","WINDT142K3","68368251","WEI.JIANG","Windows","0","Read","G:\Group_Windt132k\shared\REIT Team\Peachtree\FUND II" 
"2026-07-08 16:00:00","WINDT142K3","68368253","WEI.JIANG","Windows","0","Read","G:\Group_Windt132k\shared\REIT Team\Peachtree" 
"2026-07-08 16:00:00","WINDT142K3","68368256","WEI.JIANG","Windows","0","Read","G:\Group_Windt132k\shared\REIT Team\Peachtree" 
"2026-07-08 16:00:00","WINDT142K3","68368260","WEI.JIANG","Windows","0","Read","G:\Group_Windt132k\shared\REIT Team\Rompsen\WF Transactions" 
"2026-07-08 16:00:00","WINDT142K3","68368263","WEI.JIANG","Windows","0","Read","G:\Group_Windt132k\shared\REIT Team\Rompsen\WF Transactions" 
"2026-07-08 16:00:00","WINDT142K3","68368266","WEI.JIANG","Windows","0","Read","G:\Group_Windt132k\shared\REIT Team\Rompsen\Loan expense to be reimbursed by borrower" 
"2026-07-08 16:00:00","WINDT142K3","68368269","WEI.JIANG","Windows","0","Read","G:\Group_Windt132k\shared\REIT Team\Rompsen\Loan expense to be reimbursed by borrower" 
"2026-07-08 16:00:00","WINDT142K3","68368270","WEI.JIANG","Windows","0","Read","G:\Group_Windt132k\shared\REIT Team\Rompsen\Mortgage Statement" 
"2026-07-08 16:00:00","WINDT142K3","68368273","WEI.JIANG","Windows","0","Read","G:\Group_Windt132k\shared\REIT Team\Rompsen\Mortgage Statement" 
"2026-07-08 16:00:00","WINDT142K3","68368275","WEI.JIANG","Windows","0","Read","G:\Group_Windt132k\shared\REIT Team\Rompsen\Monthly Report" 
"2026-07-08 16:00:00","WINDT142K3","68368277","WEI.JIANG","Windows","0","Read","G:\Group_Windt132k\shared\REIT Team\Rompsen\Monthly Report" 
"2026-07-08 16:00:00","WINDT142K3","68369328","KZIADIE","Windows","0","Write + Read","G:\Group_Windt132k\Shared\REIT Team\Peachtree\PCFIV\26043P4B Seahaven Apartments - Panama City Beach, FL - Force Fund 3.5.27\Seahaven Apartments - Panama City Beach, FL - New Loan Onboarding Checklist.xlsx" 
"2026-07-08 16:00:00","WINDT142K3","68369340","KZIADIE","Windows","0","Write + Read","G:\Group_Windt132k\Shared\REIT Team\Peachtree\PCFIV\26043P4B Seahaven Apartments - Panama City Beach, FL - Force Fund 3.5.27\~$Seahaven Apartments - Panama City Beach, FL - New Loan Onboarding Checklist.xlsx" 
"2026-07-08 16:00:00","WINDT142K3","68369392","KZIADIE","Windows","0","Read","G:\Group_Windt132k\Shared\REIT Team\Peachtree\PCFIV\26053P4N National Dr. Apts. (Project Bella) - Los Angeles, CA" 
"2026-07-08 16:00:00","WINDT142K3","68369395","KZIADIE","Windows","0","Read","G:\Group_Windt132k\Shared\REIT Team\Peachtree\PCFIV\26053P4N National Dr. Apts. (Project Bella) - Los Angeles, CA" 
"2026-07-08 16:00:00","WINDT142K3","68369522","KZIADIE","Windows","0","Write + Read","G:\Group_Windt132k\Shared\REIT Team\Peachtree\PCFIV\26053P4N National Dr. Apts. (Project Bella) - Los Angeles, CA\National Dr. Apts. (Project Bella) - Los Angeles, CA - New Loan Onboarding Checklist.xlsx" 
"2026-07-08 16:00:00","WINDT142K3","68369548","KZIADIE","Windows","0","Write + Read","G:\Group_Windt132k\Shared\REIT Team\Peachtree\PCFIV\26053P4N National Dr. Apts. (Project Bella) - Los Angeles, CA\~$National Dr. Apts. (Project Bella) - Los Angeles, CA - New Loan Onboarding Checklist.xlsx" 
"2026-07-08 16:00:00","WINDT142K3","68369861","NLUKONIS","Windows","0","Read","G:\Group_Windt132k\Shared\ANICO\Derivatives CLewis\6.30.2026\Work (Month End)\GL Recon" 
"2026-07-08 16:00:00","WINDT142K3","68369862","NLUKONIS","Windows","0","Read","G:\Group_Windt132k\Shared\ANICO\Derivatives CLewis\6.30.2026\Work (Month End)\GL Recon" 
"2026-07-08 16:00:00","WINDT142K3","68370066","DBETTERS","Windows","0","Read","G:\Group_Windt132k\Shared\MarylandCare\2026.06.30\Controls" 
"2026-07-08 16:00:00","WINDT142K3","68370067","DBETTERS","Windows","0","Read","G:\Group_Windt132k\Shared\MarylandCare\2026.06.30\Controls" 
"2026-07-08 16:00:00","WINDT142K3","68370123","DBETTERS","Windows","0","Write + Read","G:\Group_Windt132k\Shared\MarylandCare\2026.06.30\Controls\Earned Income (Month To Month) GAAP June 2026.xlsx" 
"2026-07-08 16:00:00","WINDT142K3","68370134","DBETTERS","Windows","0","Write + Read","G:\Group_Windt132k\Shared\MarylandCare\2026.06.30\Controls\~$Earned Income (Month To Month) GAAP June 2026.xlsx" 
"2026-07-08 16:00:00","WINDT142K3","68370359","NLUKONIS","Windows","0","Write + Read","G:\Group_Windt132k\Shared\ANICO\Derivatives CLewis\6.30.2026\Work (Month End)\GL Recon\ANICO Options GAAP Recon 6.30.26 - Work.xlsx" 
"2026-07-08 16:00:00","WINDT142K3","68370423","KCARTA","Windows","0","Read","G:\Group_Windt132k\Shared\REIT Team\Saluda Grade\Loan Servicing\2026\06 June 2026\Remit Recons" 
"2026-07-08 16:00:00","WINDT142K3","68370425","KCARTA","Windows","0","Read","G:\Group_Windt132k\Shared\REIT Team\Saluda Grade\Loan Servicing\2026\06 June 2026\Remit Recons" 
"2026-07-08 17:00:00",INFO: The system global flag 'maintain objects list' needs 
"2026-07-08 17:00:00",      to be enabled to see local opened files. 
"2026-07-08 17:00:00",      See Openfiles /? for more information. 
"2026-07-08 17:00:00",Files opened remotely via local share points: 
"2026-07-08 17:00:00",--------------------------------------------- 
"2026-07-08 17:00:00","Hostname","ID","Accessed By","Type","#Locks","Open Mode","Open File (Path\executable)" 
"2026-07-08 17:00:00","WINDT142K3","6","N/A","Windows","0","Write + Read","\PIPE\EVENTLOG" 
"2026-07-08 17:00:00","WINDT142K3","68321685","NLUKONIS","Windows","0","Write + Read","G:\Group_Windt132k\Shared\ANICO\Derivatives CLewis\6.30.2026\~$ANICO Options Mth End Procedures June 2026.xlsx" 
"2026-07-08 17:00:00","WINDT142K3","68325459","NLUKONIS","Windows","0","Write + Read","G:\Group_Windt132k\Shared\ANICO\Derivatives CLewis\6.30.2026\ANICO Options Mth End Procedures June 2026.xlsx" 
"2026-07-08 17:00:00","WINDT142K3","68327581","BMCADOO","Windows","0","Write + Read","G:\Group_Windt132k\Shared\KofC\KofC 2026\26.06\FH Reports\KofC Transactions Report as of 6-30-26v3.xlsx" 
"2026-07-08 17:00:00","WINDT142K3","68327586","BMCADOO","Windows","0","Write + Read","G:\Group_Windt132k\Shared\KofC\KofC 2026\26.06\FH Reports\~$KofC Transactions Report as of 6-30-26v3.xlsx" 
"2026-07-08 17:00:00","WINDT142K3","68327645","BMCADOO","Windows","0","Write + Read","G:\Group_Windt132k\Shared\KofC\KofC 2026\26.06\FH Reports\KofC Valuations Report as of 6-30-26v4.xlsx" 
"2026-07-08 17:00:00","WINDT142K3","68327649","BMCADOO","Windows","0","Write + Read","G:\Group_Windt132k\Shared\KofC\KofC 2026\26.06\FH Reports\~$KofC Valuations Report as of 6-30-26v4.xlsx" 
"2026-07-08 17:00:00","WINDT142K3","68335540","BMCADOO","Windows","0","Write + Read","G:\Group_Windt132k\Shared\KofC\KofC 2026\26.01\KOFC LP Control GAAP and STAT EMA_January 2026_Alt Method_v2.xlsx" 
"2026-07-08 17:00:00","WINDT142K3","68335565","BMCADOO","Windows","0","Write + Read","G:\Group_Windt132k\Shared\KofC\KofC 2026\26.01\~$KOFC LP Control GAAP and STAT EMA_January 2026_Alt Method_v2.xlsx" 
"2026-07-08 17:00:00","WINDT142K3","68342968","MMCMANUS","Windows","0","Write + Read","G:\Group_Windt132k\Shared\REIT Team\SG Capital\Monthly Report\2026\G1001\06.30.26\EOM\~$SGCAP Final PnL and Recon 6.30.2026 G1001 Fund Working.xlsx" 
"2026-07-08 17:00:00","WINDT142K3","68346369","BMCADOO","Windows","0","Write + Read","G:\Group_Windt132k\Shared\ANICO\LPs\ANICO LP Production\ANICO LP 2Q26\ANIC June 2026 LP Control GAAP and STAT EMA.xlsx" 
"2026-07-08 17:00:00","WINDT142K3","68346442","BMCADOO","Windows","0","Write + Read","G:\Group_Windt132k\Shared\ANICO\LPs\ANICO LP Production\ANICO LP 2Q26\~$ANIC June 2026 LP Control GAAP and STAT EMA.xlsx" 
"2026-07-08 17:00:00","WINDT142K3","68350830","TFEBLES","Windows","0","Read","G:\Group_Windt132k\Shared\REIT Team\Rompsen\Loans\8913 - 10073 Urban Capital Partners LLC\Payoff\07.08.2026\Romspen_Loan statement_Urban Capital Partners ,LLC 07.08.2026.pdf" 
"2026-07-08 17:00:00","WINDT142K3","68357443","TFEBLES","Windows","4","Write + Read","G:\Group_Windt132k\Shared\REIT Team\Rompsen\Loans\8706 - 10029 Rufo Properties Portfolio 12.28.2018\Payoff\12.16.2025\Email from attorney for Legal Fees.msg" 
"2026-07-08 17:00:00","WINDT142K3","68358530","JCACCAVA","Windows","0","Read","G:\Group_Windt132k\Shared\REIT Team\SG Capital\Monthly Report\2026\MoO\04.30.26" 
"2026-07-08 17:00:00","WINDT142K3","68358531","JCACCAVA","Windows","0","Read","G:\Group_Windt132k\Shared\REIT Team\SG Capital\Monthly Report\2026\MoO\04.30.26" 
"2026-07-08 17:00:00","WINDT142K3","68358546","JCACCAVA","Windows","0","Write + Read","G:\Group_Windt132k\Shared\REIT Team\SG Capital\Monthly Report\2026\MoO\04.30.26\Endeavor Apr 2026 Checklist.xlsx" 
"2026-07-08 17:00:00","WINDT142K3","68358555","JCACCAVA","Windows","0","Write + Read","G:\Group_Windt132k\Shared\REIT Team\SG Capital\Monthly Report\2026\MoO\04.30.26\~$Endeavor Apr 2026 Checklist.xlsx" 
"2026-07-08 17:00:00","WINDT142K3","68358731","NLUKONIS","Windows","0","Read","G:\Group_Windt132k\Shared\ANICO\Derivatives CLewis\5.31.2026\Sent to ANICO" 
"2026-07-08 17:00:00","WINDT142K3","68358732","NLUKONIS","Windows","0","Read","G:\Group_Windt132k\Shared\ANICO\Derivatives CLewis\5.31.2026\Sent to ANICO" 
"2026-07-08 17:00:00","WINDT142K3","68360580","TFEBLES","Windows","0","Read","G:\Group_Windt132k\Shared\REIT Team\Rompsen\Loans\8706 - 10029 Rufo Properties Portfolio 12.28.2018\Payoff\12.16.2025" 
"2026-07-08 17:00:00","WINDT142K3","68360581","TFEBLES","Windows","0","Read","G:\Group_Windt132k\Shared\REIT Team\Rompsen\Loans\8706 - 10029 Rufo Properties Portfolio 12.28.2018\Payoff\12.16.2025" 
"2026-07-08 17:00:00","WINDT142K3","68360582","TFEBLES","Windows","0","Read","G:\Group_Windt132k\Shared\REIT Team\Rompsen\Loans\8913 - 10073 Urban Capital Partners LLC\Payoff\07.08.2026" 
"2026-07-08 17:00:00","WINDT142K3","68360583","TFEBLES","Windows","0","Read","G:\Group_Windt132k\Shared\REIT Team\Rompsen\Loans\8913 - 10073 Urban Capital Partners LLC\Payoff\07.08.2026" 
"2026-07-08 17:00:00","WINDT142K3","68360585","TFEBLES","Windows","0","Read","G:\Group_Windt132k\Shared\REIT Team\Rompsen\Monthly Report\07.31.2026" 
"2026-07-08 17:00:00","WINDT142K3","68360586","TFEBLES","Windows","0","Read","G:\Group_Windt132k\Shared\REIT Team\Rompsen\Monthly Report\07.31.2026" 
"2026-07-08 17:00:00","WINDT142K3","68360964","NLUKONIS","Windows","0","Read","G:\Group_Windt132k\Shared\ANICO\Derivatives CLewis\6.30.2026\Work (Month End)\Reports" 
"2026-07-08 17:00:00","WINDT142K3","68360965","NLUKONIS","Windows","0","Read","G:\Group_Windt132k\Shared\ANICO\Derivatives CLewis\6.30.2026\Work (Month End)\Reports" 
"2026-07-08 17:00:00","WINDT142K3","68362570","TFEBLES","Windows","0","Write + Read","G:\Group_Windt132k\Shared\REIT Team\Rompsen\Monthly Report\07.31.2026\~$Daily Cash Entries_07.02.2026.xlsx" 
"2026-07-08 17:00:00","WINDT142K3","68363551","TFEBLES","Windows","0","Write + Read","G:\Group_Windt132k\Shared\REIT Team\Rompsen\Monthly Report\07.31.2026\Daily Cash Entries_07.02.2026.xlsx" 
"2026-07-08 17:00:00","WINDT142K3","68366934","MMCMANUS","Windows","0","Read","G:\Group_Windt132k\Shared\REIT Team\SG Capital\Monthly Report\2026\G1001\05.31.26\EOM" 
"2026-07-08 17:00:00","WINDT142K3","68366939","MMCMANUS","Windows","0","Read","G:\Group_Windt132k\Shared\REIT Team\SG Capital\Monthly Report\2026\G1001\05.31.26\EOM" 
"2026-07-08 17:00:00","WINDT142K3","68368147","WEI.JIANG","Windows","0","Read","G:\Group_Windt132k\shared\REIT Team\Rompsen\Loans" 
"2026-07-08 17:00:00","WINDT142K3","68368150","WEI.JIANG","Windows","0","Read","G:\Group_Windt132k\shared\REIT Team\Rompsen\Loans" 
"2026-07-08 17:00:00","WINDT142K3","68368153","WEI.JIANG","Windows","0","Read","G:\Group_Windt132k\shared\REIT Team\Rompsen" 
"2026-07-08 17:00:00","WINDT142K3","68368156","WEI.JIANG","Windows","0","Read","G:\Group_Windt132k\shared\REIT Team\Rompsen" 
"2026-07-08 17:00:00","WINDT142K3","68368159","WEI.JIANG","Windows","0","Read","G:\Group_Windt132k\shared\REIT Team\Romspen CAD Shadow" 
"2026-07-08 17:00:00","WINDT142K3","68368162","WEI.JIANG","Windows","0","Read","G:\Group_Windt132k\shared\REIT Team\Romspen CAD Shadow" 
"2026-07-08 17:00:00","WINDT142K3","68368164","WEI.JIANG","Windows","0","Read","G:\Group_Windt132k\shared\REIT Team" 
"2026-07-08 17:00:00","WINDT142K3","68368167","WEI.JIANG","Windows","0","Read","G:\Group_Windt132k\shared\REIT Team" 
"2026-07-08 17:00:00","WINDT142K3","68368170","WEI.JIANG","Windows","0","Read","G:\Group_Windt132k\shared\REIT Team\Post Road" 
"2026-07-08 17:00:00","WINDT142K3","68368173","WEI.JIANG","Windows","0","Read","G:\Group_Windt132k\shared\REIT Team\Post Road" 
"2026-07-08 17:00:00","WINDT142K3","68368176","WEI.JIANG","Windows","0","Read","G:\Group_Windt132k\shared\REIT Team\Valley National Bank\Syndication Loan" 
"2026-07-08 17:00:00","WINDT142K3","68368179","WEI.JIANG","Windows","0","Read","G:\Group_Windt132k\shared\REIT Team\Valley National Bank\Syndication Loan" 
"2026-07-08 17:00:00","WINDT142K3","68368181","WEI.JIANG","Windows","0","Read","G:\Group_Windt132k\shared\REIT Team\Valley National Bank\Synd Bought Loan" 
"2026-07-08 17:00:00","WINDT142K3","68368184","WEI.JIANG","Windows","0","Read","G:\Group_Windt132k\shared\REIT Team\Valley National Bank\Synd Bought Loan" 
"2026-07-08 17:00:00","WINDT142K3","68368187","WEI.JIANG","Windows","0","Read","G:\Group_Windt132k\shared\REIT Team\Valley National Bank\Participation Sold Loan" 
"2026-07-08 17:00:00","WINDT142K3","68368191","WEI.JIANG","Windows","0","Read","G:\Group_Windt132k\shared\REIT Team\Valley National Bank\Participation Sold Loan" 
"2026-07-08 17:00:00","WINDT142K3","68368194","WEI.JIANG","Windows","0","Read","G:\Group_Windt132k\shared\REIT Team\Valley National Bank" 
"2026-07-08 17:00:00","WINDT142K3","68368197","WEI.JIANG","Windows","0","Read","G:\Group_Windt132k\shared\REIT Team\Valley National Bank" 
"2026-07-08 17:00:00","WINDT142K3","68368199","WEI.JIANG","Windows","0","Read","G:\Group_Windt132k\shared\REIT Team\Peachtree\Cadence Bank Transactions" 
"2026-07-08 17:00:00","WINDT142K3","68368202","WEI.JIANG","Windows","0","Read","G:\Group_Windt132k\shared\REIT Team\Peachtree\Cadence Bank Transactions" 
"2026-07-08 17:00:00","WINDT142K3","68368206","WEI.JIANG","Windows","0","Read","G:\Group_Windt132k\shared\REIT Team\Peachtree\PCFIV" 
"2026-07-08 17:00:00","WINDT142K3","68368209","WEI.JIANG","Windows","0","Read","G:\Group_Windt132k\shared\REIT Team\Peachtree\PCFIV" 
"2026-07-08 17:00:00","WINDT142K3","68368211","WEI.JIANG","Windows","0","Read","G:\Group_Windt132k\shared\REIT Team\Peachtree\Non Fund (NF) - Loans in PDOF" 
"2026-07-08 17:00:00","WINDT142K3","68368215","WEI.JIANG","Windows","0","Read","G:\Group_Windt132k\shared\REIT Team\Peachtree\Non Fund (NF) - Loans in PDOF" 
"2026-07-08 17:00:00","WINDT142K3","68368217","WEI.JIANG","Windows","0","Read","G:\Group_Windt132k\shared\REIT Team\Peachtree\PSOF\Billing Statement" 
"2026-07-08 17:00:00","WINDT142K3","68368220","WEI.JIANG","Windows","0","Read","G:\Group_Windt132k\shared\REIT Team\Peachtree\PSOF\Billing Statement" 
"2026-07-08 17:00:00","WINDT142K3","68368224","WEI.JIANG","Windows","0","Read","G:\Group_Windt132k\shared\REIT Team\Peachtree\PSOF" 
"2026-07-08 17:00:00","WINDT142K3","68368227","WEI.JIANG","Windows","0","Read","G:\Group_Windt132k\shared\REIT Team\Peachtree\PSOF" 
"2026-07-08 17:00:00","WINDT142K3","68368229","WEI.JIANG","Windows","0","Read","G:\Group_Windt132k\shared\REIT Team\Peachtree\PDOF\Billing Statements" 
"2026-07-08 17:00:00","WINDT142K3","68368233","WEI.JIANG","Windows","0","Read","G:\Group_Windt132k\shared\REIT Team\Peachtree\PDOF\Billing Statements" 
"2026-07-08 17:00:00","WINDT142K3","68368235","WEI.JIANG","Windows","0","Read","G:\Group_Windt132k\shared\REIT Team\Peachtree\PDOF" 
"2026-07-08 17:00:00","WINDT142K3","68368239","WEI.JIANG","Windows","0","Read","G:\Group_Windt132k\shared\REIT Team\Peachtree\PDOF" 
"2026-07-08 17:00:00","WINDT142K3","68368242","WEI.JIANG","Windows","0","Read","G:\Group_Windt132k\shared\REIT Team\Peachtree\FUND III" 
"2026-07-08 17:00:00","WINDT142K3","68368246","WEI.JIANG","Windows","0","Read","G:\Group_Windt132k\shared\REIT Team\Peachtree\FUND III" 
"2026-07-08 17:00:00","WINDT142K3","68368248","WEI.JIANG","Windows","0","Read","G:\Group_Windt132k\shared\REIT Team\Peachtree\FUND II" 
"2026-07-08 17:00:00","WINDT142K3","68368251","WEI.JIANG","Windows","0","Read","G:\Group_Windt132k\shared\REIT Team\Peachtree\FUND II" 
"2026-07-08 17:00:00","WINDT142K3","68368253","WEI.JIANG","Windows","0","Read","G:\Group_Windt132k\shared\REIT Team\Peachtree" 
"2026-07-08 17:00:00","WINDT142K3","68368256","WEI.JIANG","Windows","0","Read","G:\Group_Windt132k\shared\REIT Team\Peachtree" 
"2026-07-08 17:00:00","WINDT142K3","68368260","WEI.JIANG","Windows","0","Read","G:\Group_Windt132k\shared\REIT Team\Rompsen\WF Transactions" 
"2026-07-08 17:00:00","WINDT142K3","68368263","WEI.JIANG","Windows","0","Read","G:\Group_Windt132k\shared\REIT Team\Rompsen\WF Transactions" 
"2026-07-08 17:00:00","WINDT142K3","68368266","WEI.JIANG","Windows","0","Read","G:\Group_Windt132k\shared\REIT Team\Rompsen\Loan expense to be reimbursed by borrower" 
"2026-07-08 17:00:00","WINDT142K3","68368269","WEI.JIANG","Windows","0","Read","G:\Group_Windt132k\shared\REIT Team\Rompsen\Loan expense to be reimbursed by borrower" 
"2026-07-08 17:00:00","WINDT142K3","68368270","WEI.JIANG","Windows","0","Read","G:\Group_Windt132k\shared\REIT Team\Rompsen\Mortgage Statement" 
"2026-07-08 17:00:00","WINDT142K3","68368273","WEI.JIANG","Windows","0","Read","G:\Group_Windt132k\shared\REIT Team\Rompsen\Mortgage Statement" 
"2026-07-08 17:00:00","WINDT142K3","68368275","WEI.JIANG","Windows","0","Read","G:\Group_Windt132k\shared\REIT Team\Rompsen\Monthly Report" 
"2026-07-08 17:00:00","WINDT142K3","68368277","WEI.JIANG","Windows","0","Read","G:\Group_Windt132k\shared\REIT Team\Rompsen\Monthly Report" 
"2026-07-08 17:00:00","WINDT142K3","68369522","KZIADIE","Windows","0","Write + Read","G:\Group_Windt132k\Shared\REIT Team\Peachtree\PCFIV\26053P4N National Dr. Apts. (Project Bella) - Los Angeles, CA\National Dr. Apts. (Project Bella) - Los Angeles, CA - New Loan Onboarding Checklist.xlsx" 
"2026-07-08 17:00:00","WINDT142K3","68369548","KZIADIE","Windows","0","Write + Read","G:\Group_Windt132k\Shared\REIT Team\Peachtree\PCFIV\26053P4N National Dr. Apts. (Project Bella) - Los Angeles, CA\~$National Dr. Apts. (Project Bella) - Los Angeles, CA - New Loan Onboarding Checklist.xlsx" 
"2026-07-08 17:00:00","WINDT142K3","68369861","NLUKONIS","Windows","0","Read","G:\Group_Windt132k\Shared\ANICO\Derivatives CLewis\6.30.2026\Work (Month End)\GL Recon" 
"2026-07-08 17:00:00","WINDT142K3","68369862","NLUKONIS","Windows","0","Read","G:\Group_Windt132k\Shared\ANICO\Derivatives CLewis\6.30.2026\Work (Month End)\GL Recon" 
"2026-07-08 17:00:00","WINDT142K3","68371675","BMCADOO","Windows","0","Read","G:\Group_Windt132k\Shared\ANICO\LPs\ANICO LP Production\ANICO LP 4Q25\November\7112 - Monroe IV_093025_Capital Statement_American National Insurance Company.pdf" 
"2026-07-08 17:00:00","WINDT142K3","68371902","BMCADOO","Windows","0","Read","G:\Group_Windt132k\Shared\ANICO\LPs\ANICO LP Production\ANICO LP 1Q26\March\7112 - Monroe IV_123125_Capital Statement_American National Insurance Company.pdf" 
"2026-07-08 17:00:00","WINDT142K3","68372614","NLUKONIS","Windows","0","Write + Read","G:\Group_Windt132k\Shared\ANICO\Derivatives CLewis\6.30.2026\Work (Month End)\Reports\PGAAP\~$GL (PGAAP) June 2026 MTD.xlsx" 
"2026-07-08 17:00:00","WINDT142K3","68372656","NLUKONIS","Windows","0","Write + Read","G:\Group_Windt132k\Shared\ANICO\Derivatives CLewis\6.30.2026\Work (Month End)\Reports\PGAAP\GL (PGAAP) June 2026 MTD.xlsx" 
"2026-07-08 17:00:00","WINDT142K3","68372815","DBETTERS","Windows","0","Write + Read","G:\Group_Windt132k\Shared\MarylandCare\2026.06.30\Controls\SSNC_Vs_CUST_Position_MV_Reconciliation-06.30.2026-Final.xlsx" 
"2026-07-08 17:00:00","WINDT142K3","68372828","DBETTERS","Windows","0","Write + Read","G:\Group_Windt132k\Shared\MarylandCare\2026.06.30\Controls\~$SSNC_Vs_CUST_Position_MV_Reconciliation-06.30.2026-Final.xlsx" 
"2026-07-08 17:00:00","WINDT142K3","68373027","BMCADOO","Windows","0","Read","G:\Group_Windt132k\Shared\ANICO\LPs\ANICO LP Production\ANICO LP 1Q26\March\7102 - BSP SOF II STRUCTURED NOTE L.P. Q4 2025 Partner Capital Statement.pdf" 
"2026-07-08 17:00:00","WINDT142K3","68373174","BMCADOO","Windows","0","Read","G:\Group_Windt132k\Shared\ANICO\LPs\ANICO LP Production\ANICO LP 4Q25\December\7102 - BSP SOF II STRUCTURED NOTE L.P. Distribution Notice.pdf" 
"2026-07-08 17:00:00","WINDT142K3","68373576","DBETTERS","Windows","0","Read","G:\Group_Windt132k\Shared\MarylandCare\2026.05.31\Work\GL Recon\GL Recon Reports\MCI_MPC" 
"2026-07-08 17:00:00","WINDT142K3","68373578","DBETTERS","Windows","0","Read","G:\Group_Windt132k\Shared\MarylandCare\2026.05.31\Work\GL Recon\GL Recon Reports\MCI_MPC" 
"2026-07-08 17:00:00","WINDT142K3","68374162","MMCMANUS","Windows","0","Write + Read","G:\Group_Windt132k\Shared\REIT Team\SG Capital\Monthly Report\2026\G1001\05.31.26\EOM\SGCAP Final PnL and Recon 5.31.2026 G1001 Fund Working.xlsx" 
"2026-07-08 17:00:00","WINDT142K3","68374166","MMCMANUS","Windows","0","Write + Read","G:\Group_Windt132k\Shared\REIT Team\SG Capital\Monthly Report\2026\G1001\05.31.26\EOM\~$SGCAP Final PnL and Recon 5.31.2026 G1001 Fund Working.xlsx" 
"2026-07-08 17:00:00","WINDT142K3","68374309","MPARLAPI","Windows","0","Read","G:\Group_Windt132k\Shared\MarylandCare\2026.06.30\Controls" 
"2026-07-08 17:00:00","WINDT142K3","68374310","MPARLAPI","Windows","0","Read","G:\Group_Windt132k\Shared\MarylandCare\2026.06.30\Controls" 
"2026-07-08 17:00:00","WINDT142K3","68374433","MPARLAPI","Windows","0","Write + Read","G:\Group_Windt132k\Shared\MarylandCare\2026.06.30\Controls\~$Accrual rec to Custody_MarylandCareInc BD 07.08.26.xlsx" 
"2026-07-08 17:00:00","WINDT142K3","68374480","MPARLAPI","Windows","0","Write + Read","G:\Group_Windt132k\Shared\MarylandCare\2026.06.30\Controls\Accrual rec to Custody_MarylandCareInc BD 07.08.26.xlsx" 
"2026-07-08 17:00:00","WINDT142K3","68374853","MMCMANUS","Windows","0","Write + Read","G:\Group_Windt132k\Shared\REIT Team\SG Capital\Monthly Report\2026\G1001\06.30.26\EOM\SGCAP Final PnL and Recon 6.30.2026 G1001 Fund Working.xlsx" 
"2026-07-08 17:00:00","WINDT142K3","68374952","BMCADOO","Windows","0","Read","G:\Group_Windt132k\Shared\KofC\KofC 2026\26.05\Sent Files" 
"2026-07-08 17:00:00","WINDT142K3","68374953","BMCADOO","Windows","0","Read","G:\Group_Windt132k\Shared\KofC\KofC 2026\26.05\Sent Files" 
"2026-07-08 17:00:00","WINDT142K3","68375002","BMCADOO","Windows","0","Write + Read","G:\Group_Windt132k\Shared\KofC\KofC 2026\26.05\Sent Files\KOFC LP Control GAAP and STAT EMA_May 2026_Alt Method.xlsx" 
"2026-07-08 17:00:00","WINDT142K3","68375022","BMCADOO","Windows","0","Write + Read","G:\Group_Windt132k\Shared\KofC\KofC 2026\26.05\Sent Files\~$KOFC LP Control GAAP and STAT EMA_May 2026_Alt Method.xlsx" 
"2026-07-08 17:00:00","WINDT142K3","68376179","KZIADIE","Windows","0","Read","G:\Group_Windt132k\Shared\REIT Team\Peachtree\PCFIV\26053P4N National Dr. Apts. (Project Bella) - Los Angeles, CA\Payoff Statement" 
"2026-07-08 17:00:00","WINDT142K3","68376180","KZIADIE","Windows","0","Read","G:\Group_Windt132k\Shared\REIT Team\Peachtree\PCFIV\26053P4N National Dr. Apts. (Project Bella) - Los Angeles, CA\Payoff Statement" 
"2026-07-08 18:00:00",INFO: The system global flag 'maintain objects list' needs 
"2026-07-08 18:00:00",      to be enabled to see local opened files. 
"2026-07-08 18:00:00",      See Openfiles /? for more information. 
"2026-07-08 18:00:00",Files opened remotely via local share points: 
"2026-07-08 18:00:00",--------------------------------------------- 
"2026-07-08 18:00:00","Hostname","ID","Accessed By","Type","#Locks","Open Mode","Open File (Path\executable)" 
"2026-07-08 18:00:00","WINDT142K3","6","N/A","Windows","0","Write + Read","\PIPE\EVENTLOG" 
"2026-07-08 18:00:00","WINDT142K3","68327581","BMCADOO","Windows","0","Write + Read","G:\Group_Windt132k\Shared\KofC\KofC 2026\26.06\FH Reports\KofC Transactions Report as of 6-30-26v3.xlsx" 
"2026-07-08 18:00:00","WINDT142K3","68327586","BMCADOO","Windows","0","Write + Read","G:\Group_Windt132k\Shared\KofC\KofC 2026\26.06\FH Reports\~$KofC Transactions Report as of 6-30-26v3.xlsx" 
"2026-07-08 18:00:00","WINDT142K3","68327645","BMCADOO","Windows","0","Write + Read","G:\Group_Windt132k\Shared\KofC\KofC 2026\26.06\FH Reports\KofC Valuations Report as of 6-30-26v4.xlsx" 
"2026-07-08 18:00:00","WINDT142K3","68327649","BMCADOO","Windows","0","Write + Read","G:\Group_Windt132k\Shared\KofC\KofC 2026\26.06\FH Reports\~$KofC Valuations Report as of 6-30-26v4.xlsx" 
"2026-07-08 18:00:00","WINDT142K3","68335540","BMCADOO","Windows","0","Write + Read","G:\Group_Windt132k\Shared\KofC\KofC 2026\26.01\KOFC LP Control GAAP and STAT EMA_January 2026_Alt Method_v2.xlsx" 
"2026-07-08 18:00:00","WINDT142K3","68335565","BMCADOO","Windows","0","Write + Read","G:\Group_Windt132k\Shared\KofC\KofC 2026\26.01\~$KOFC LP Control GAAP and STAT EMA_January 2026_Alt Method_v2.xlsx" 
"2026-07-08 18:00:00","WINDT142K3","68346369","BMCADOO","Windows","0","Write + Read","G:\Group_Windt132k\Shared\ANICO\LPs\ANICO LP Production\ANICO LP 2Q26\ANIC June 2026 LP Control GAAP and STAT EMA.xlsx" 
"2026-07-08 18:00:00","WINDT142K3","68346442","BMCADOO","Windows","0","Write + Read","G:\Group_Windt132k\Shared\ANICO\LPs\ANICO LP Production\ANICO LP 2Q26\~$ANIC June 2026 LP Control GAAP and STAT EMA.xlsx" 
"2026-07-08 18:00:00","WINDT142K3","68360580","TFEBLES","Windows","0","Read","G:\Group_Windt132k\Shared\REIT Team\Rompsen\Loans\8706 - 10029 Rufo Properties Portfolio 12.28.2018\Payoff\12.16.2025" 
"2026-07-08 18:00:00","WINDT142K3","68360581","TFEBLES","Windows","0","Read","G:\Group_Windt132k\Shared\REIT Team\Rompsen\Loans\8706 - 10029 Rufo Properties Portfolio 12.28.2018\Payoff\12.16.2025" 
"2026-07-08 18:00:00","WINDT142K3","68360582","TFEBLES","Windows","0","Read","G:\Group_Windt132k\Shared\REIT Team\Rompsen\Loans\8913 - 10073 Urban Capital Partners LLC\Payoff\07.08.2026" 
"2026-07-08 18:00:00","WINDT142K3","68360583","TFEBLES","Windows","0","Read","G:\Group_Windt132k\Shared\REIT Team\Rompsen\Loans\8913 - 10073 Urban Capital Partners LLC\Payoff\07.08.2026" 
"2026-07-08 18:00:00","WINDT142K3","68360585","TFEBLES","Windows","0","Read","G:\Group_Windt132k\Shared\REIT Team\Rompsen\Monthly Report\07.31.2026" 
"2026-07-08 18:00:00","WINDT142K3","68360586","TFEBLES","Windows","0","Read","G:\Group_Windt132k\Shared\REIT Team\Rompsen\Monthly Report\07.31.2026" 
"2026-07-08 18:00:00","WINDT142K3","68368147","WEI.JIANG","Windows","0","Read","G:\Group_Windt132k\shared\REIT Team\Rompsen\Loans" 
"2026-07-08 18:00:00","WINDT142K3","68368150","WEI.JIANG","Windows","0","Read","G:\Group_Windt132k\shared\REIT Team\Rompsen\Loans" 
"2026-07-08 18:00:00","WINDT142K3","68368153","WEI.JIANG","Windows","0","Read","G:\Group_Windt132k\shared\REIT Team\Rompsen" 
"2026-07-08 18:00:00","WINDT142K3","68368156","WEI.JIANG","Windows","0","Read","G:\Group_Windt132k\shared\REIT Team\Rompsen" 
"2026-07-08 18:00:00","WINDT142K3","68368159","WEI.JIANG","Windows","0","Read","G:\Group_Windt132k\shared\REIT Team\Romspen CAD Shadow" 
"2026-07-08 18:00:00","WINDT142K3","68368162","WEI.JIANG","Windows","0","Read","G:\Group_Windt132k\shared\REIT Team\Romspen CAD Shadow" 
"2026-07-08 18:00:00","WINDT142K3","68368164","WEI.JIANG","Windows","0","Read","G:\Group_Windt132k\shared\REIT Team" 
"2026-07-08 18:00:00","WINDT142K3","68368167","WEI.JIANG","Windows","0","Read","G:\Group_Windt132k\shared\REIT Team" 
"2026-07-08 18:00:00","WINDT142K3","68368170","WEI.JIANG","Windows","0","Read","G:\Group_Windt132k\shared\REIT Team\Post Road" 
"2026-07-08 18:00:00","WINDT142K3","68368173","WEI.JIANG","Windows","0","Read","G:\Group_Windt132k\shared\REIT Team\Post Road" 
"2026-07-08 18:00:00","WINDT142K3","68368176","WEI.JIANG","Windows","0","Read","G:\Group_Windt132k\shared\REIT Team\Valley National Bank\Syndication Loan" 
"2026-07-08 18:00:00","WINDT142K3","68368179","WEI.JIANG","Windows","0","Read","G:\Group_Windt132k\shared\REIT Team\Valley National Bank\Syndication Loan" 
"2026-07-08 18:00:00","WINDT142K3","68368181","WEI.JIANG","Windows","0","Read","G:\Group_Windt132k\shared\REIT Team\Valley National Bank\Synd Bought Loan" 
"2026-07-08 18:00:00","WINDT142K3","68368184","WEI.JIANG","Windows","0","Read","G:\Group_Windt132k\shared\REIT Team\Valley National Bank\Synd Bought Loan" 
"2026-07-08 18:00:00","WINDT142K3","68368187","WEI.JIANG","Windows","0","Read","G:\Group_Windt132k\shared\REIT Team\Valley National Bank\Participation Sold Loan" 
"2026-07-08 18:00:00","WINDT142K3","68368191","WEI.JIANG","Windows","0","Read","G:\Group_Windt132k\shared\REIT Team\Valley National Bank\Participation Sold Loan" 
"2026-07-08 18:00:00","WINDT142K3","68368194","WEI.JIANG","Windows","0","Read","G:\Group_Windt132k\shared\REIT Team\Valley National Bank" 
"2026-07-08 18:00:00","WINDT142K3","68368197","WEI.JIANG","Windows","0","Read","G:\Group_Windt132k\shared\REIT Team\Valley National Bank" 
"2026-07-08 18:00:00","WINDT142K3","68368199","WEI.JIANG","Windows","0","Read","G:\Group_Windt132k\shared\REIT Team\Peachtree\Cadence Bank Transactions" 
"2026-07-08 18:00:00","WINDT142K3","68368202","WEI.JIANG","Windows","0","Read","G:\Group_Windt132k\shared\REIT Team\Peachtree\Cadence Bank Transactions" 
"2026-07-08 18:00:00","WINDT142K3","68368206","WEI.JIANG","Windows","0","Read","G:\Group_Windt132k\shared\REIT Team\Peachtree\PCFIV" 
"2026-07-08 18:00:00","WINDT142K3","68368209","WEI.JIANG","Windows","0","Read","G:\Group_Windt132k\shared\REIT Team\Peachtree\PCFIV" 
"2026-07-08 18:00:00","WINDT142K3","68368211","WEI.JIANG","Windows","0","Read","G:\Group_Windt132k\shared\REIT Team\Peachtree\Non Fund (NF) - Loans in PDOF" 
"2026-07-08 18:00:00","WINDT142K3","68368215","WEI.JIANG","Windows","0","Read","G:\Group_Windt132k\shared\REIT Team\Peachtree\Non Fund (NF) - Loans in PDOF" 
"2026-07-08 18:00:00","WINDT142K3","68368217","WEI.JIANG","Windows","0","Read","G:\Group_Windt132k\shared\REIT Team\Peachtree\PSOF\Billing Statement" 
"2026-07-08 18:00:00","WINDT142K3","68368220","WEI.JIANG","Windows","0","Read","G:\Group_Windt132k\shared\REIT Team\Peachtree\PSOF\Billing Statement" 
"2026-07-08 18:00:00","WINDT142K3","68368224","WEI.JIANG","Windows","0","Read","G:\Group_Windt132k\shared\REIT Team\Peachtree\PSOF" 
"2026-07-08 18:00:00","WINDT142K3","68368227","WEI.JIANG","Windows","0","Read","G:\Group_Windt132k\shared\REIT Team\Peachtree\PSOF" 
"2026-07-08 18:00:00","WINDT142K3","68368229","WEI.JIANG","Windows","0","Read","G:\Group_Windt132k\shared\REIT Team\Peachtree\PDOF\Billing Statements" 
"2026-07-08 18:00:00","WINDT142K3","68368233","WEI.JIANG","Windows","0","Read","G:\Group_Windt132k\shared\REIT Team\Peachtree\PDOF\Billing Statements" 
"2026-07-08 18:00:00","WINDT142K3","68368235","WEI.JIANG","Windows","0","Read","G:\Group_Windt132k\shared\REIT Team\Peachtree\PDOF" 
"2026-07-08 18:00:00","WINDT142K3","68368239","WEI.JIANG","Windows","0","Read","G:\Group_Windt132k\shared\REIT Team\Peachtree\PDOF" 
"2026-07-08 18:00:00","WINDT142K3","68368242","WEI.JIANG","Windows","0","Read","G:\Group_Windt132k\shared\REIT Team\Peachtree\FUND III" 
"2026-07-08 18:00:00","WINDT142K3","68368246","WEI.JIANG","Windows","0","Read","G:\Group_Windt132k\shared\REIT Team\Peachtree\FUND III" 
"2026-07-08 18:00:00","WINDT142K3","68368248","WEI.JIANG","Windows","0","Read","G:\Group_Windt132k\shared\REIT Team\Peachtree\FUND II" 
"2026-07-08 18:00:00","WINDT142K3","68368251","WEI.JIANG","Windows","0","Read","G:\Group_Windt132k\shared\REIT Team\Peachtree\FUND II" 
"2026-07-08 18:00:00","WINDT142K3","68368253","WEI.JIANG","Windows","0","Read","G:\Group_Windt132k\shared\REIT Team\Peachtree" 
"2026-07-08 18:00:00","WINDT142K3","68368256","WEI.JIANG","Windows","0","Read","G:\Group_Windt132k\shared\REIT Team\Peachtree" 
"2026-07-08 18:00:00","WINDT142K3","68368260","WEI.JIANG","Windows","0","Read","G:\Group_Windt132k\shared\REIT Team\Rompsen\WF Transactions" 
"2026-07-08 18:00:00","WINDT142K3","68368263","WEI.JIANG","Windows","0","Read","G:\Group_Windt132k\shared\REIT Team\Rompsen\WF Transactions" 
"2026-07-08 18:00:00","WINDT142K3","68368266","WEI.JIANG","Windows","0","Read","G:\Group_Windt132k\shared\REIT Team\Rompsen\Loan expense to be reimbursed by borrower" 
"2026-07-08 18:00:00","WINDT142K3","68368269","WEI.JIANG","Windows","0","Read","G:\Group_Windt132k\shared\REIT Team\Rompsen\Loan expense to be reimbursed by borrower" 
"2026-07-08 18:00:00","WINDT142K3","68368270","WEI.JIANG","Windows","0","Read","G:\Group_Windt132k\shared\REIT Team\Rompsen\Mortgage Statement" 
"2026-07-08 18:00:00","WINDT142K3","68368273","WEI.JIANG","Windows","0","Read","G:\Group_Windt132k\shared\REIT Team\Rompsen\Mortgage Statement" 
"2026-07-08 18:00:00","WINDT142K3","68368275","WEI.JIANG","Windows","0","Read","G:\Group_Windt132k\shared\REIT Team\Rompsen\Monthly Report" 
"2026-07-08 18:00:00","WINDT142K3","68368277","WEI.JIANG","Windows","0","Read","G:\Group_Windt132k\shared\REIT Team\Rompsen\Monthly Report" 
"2026-07-08 18:00:00","WINDT142K3","68371675","BMCADOO","Windows","0","Read","G:\Group_Windt132k\Shared\ANICO\LPs\ANICO LP Production\ANICO LP 4Q25\November\7112 - Monroe IV_093025_Capital Statement_American National Insurance Company.pdf" 
"2026-07-08 18:00:00","WINDT142K3","68371902","BMCADOO","Windows","0","Read","G:\Group_Windt132k\Shared\ANICO\LPs\ANICO LP Production\ANICO LP 1Q26\March\7112 - Monroe IV_123125_Capital Statement_American National Insurance Company.pdf" 
"2026-07-08 18:00:00","WINDT142K3","68373027","BMCADOO","Windows","0","Read","G:\Group_Windt132k\Shared\ANICO\LPs\ANICO LP Production\ANICO LP 1Q26\March\7102 - BSP SOF II STRUCTURED NOTE L.P. Q4 2025 Partner Capital Statement.pdf" 
"2026-07-08 18:00:00","WINDT142K3","68373174","BMCADOO","Windows","0","Read","G:\Group_Windt132k\Shared\ANICO\LPs\ANICO LP Production\ANICO LP 4Q25\December\7102 - BSP SOF II STRUCTURED NOTE L.P. Distribution Notice.pdf" 
"2026-07-08 18:00:00","WINDT142K3","68374952","BMCADOO","Windows","0","Read","G:\Group_Windt132k\Shared\KofC\KofC 2026\26.05\Sent Files" 
"2026-07-08 18:00:00","WINDT142K3","68374953","BMCADOO","Windows","0","Read","G:\Group_Windt132k\Shared\KofC\KofC 2026\26.05\Sent Files" 
"2026-07-08 18:00:00","WINDT142K3","68375002","BMCADOO","Windows","0","Write + Read","G:\Group_Windt132k\Shared\KofC\KofC 2026\26.05\Sent Files\KOFC LP Control GAAP and STAT EMA_May 2026_Alt Method.xlsx" 
"2026-07-08 18:00:00","WINDT142K3","68375022","BMCADOO","Windows","0","Write + Read","G:\Group_Windt132k\Shared\KofC\KofC 2026\26.05\Sent Files\~$KOFC LP Control GAAP and STAT EMA_May 2026_Alt Method.xlsx" 
"2026-07-08 18:00:00","WINDT142K3","68380116","MPARLAPI","Windows","0","Read","G:\Group_Windt132k\Shared\MarylandCare\2026.06.30\Controls" 
"2026-07-08 18:00:00","WINDT142K3","68380117","MPARLAPI","Windows","0","Read","G:\Group_Windt132k\Shared\MarylandCare\2026.06.30\Controls" 
"2026-07-08 18:00:00","WINDT142K3","68380735","DBETTERS","Windows","0","Write + Read","G:\Group_Windt132k\Shared\MarylandCare\2026.06.30\Work\Carry Value Analysis\Holdings_Carry Value Analysis_June 2026.xlsx" 
"2026-07-08 18:00:00","WINDT142K3","68380752","DBETTERS","Windows","0","Write + Read","G:\Group_Windt132k\Shared\MarylandCare\2026.06.30\Work\Carry Value Analysis\~$Holdings_Carry Value Analysis_June 2026.xlsx" 
"2026-07-08 18:00:00","WINDT142K3","68381023","DBETTERS","Windows","0","Read","G:\Group_Windt132k\Shared\MarylandCare\2026.01.31\Work\Carry Value Analysis" 
"2026-07-08 18:00:00","WINDT142K3","68381024","DBETTERS","Windows","0","Read","G:\Group_Windt132k\Shared\MarylandCare\2026.01.31\Work\Carry Value Analysis" 
"2026-07-08 18:00:00","WINDT142K3","68381040","DBETTERS","Windows","0","Write + Read","G:\Group_Windt132k\Shared\MarylandCare\2026.01.31\Work\Carry Value Analysis\Holdings_Carry Value Analysis_July 2025.xlsx" 
"2026-07-08 18:00:00","WINDT142K3","68381058","DBETTERS","Windows","0","Write + Read","G:\Group_Windt132k\Shared\MarylandCare\2026.01.31\Work\Carry Value Analysis\~$Holdings_Carry Value Analysis_July 2025.xlsx" 
"2026-07-08 19:00:00",INFO: The system global flag 'maintain objects list' needs 
"2026-07-08 19:00:00",      to be enabled to see local opened files. 
"2026-07-08 19:00:00",      See Openfiles /? for more information. 
"2026-07-08 19:00:00",Files opened remotely via local share points: 
"2026-07-08 19:00:00",--------------------------------------------- 
"2026-07-08 19:00:00","Hostname","ID","Accessed By","Type","#Locks","Open Mode","Open File (Path\executable)" 
"2026-07-08 19:00:00","WINDT142K3","6","N/A","Windows","0","Write + Read","\PIPE\EVENTLOG" 
"2026-07-08 19:00:00","WINDT142K3","68327581","BMCADOO","Windows","0","Write + Read","G:\Group_Windt132k\Shared\KofC\KofC 2026\26.06\FH Reports\KofC Transactions Report as of 6-30-26v3.xlsx" 
"2026-07-08 19:00:00","WINDT142K3","68327586","BMCADOO","Windows","0","Write + Read","G:\Group_Windt132k\Shared\KofC\KofC 2026\26.06\FH Reports\~$KofC Transactions Report as of 6-30-26v3.xlsx" 
"2026-07-08 19:00:00","WINDT142K3","68327645","BMCADOO","Windows","0","Write + Read","G:\Group_Windt132k\Shared\KofC\KofC 2026\26.06\FH Reports\KofC Valuations Report as of 6-30-26v4.xlsx" 
"2026-07-08 19:00:00","WINDT142K3","68327649","BMCADOO","Windows","0","Write + Read","G:\Group_Windt132k\Shared\KofC\KofC 2026\26.06\FH Reports\~$KofC Valuations Report as of 6-30-26v4.xlsx" 
"2026-07-08 19:00:00","WINDT142K3","68335540","BMCADOO","Windows","0","Write + Read","G:\Group_Windt132k\Shared\KofC\KofC 2026\26.01\KOFC LP Control GAAP and STAT EMA_January 2026_Alt Method_v2.xlsx" 
"2026-07-08 19:00:00","WINDT142K3","68335565","BMCADOO","Windows","0","Write + Read","G:\Group_Windt132k\Shared\KofC\KofC 2026\26.01\~$KOFC LP Control GAAP and STAT EMA_January 2026_Alt Method_v2.xlsx" 
"2026-07-08 19:00:00","WINDT142K3","68360580","TFEBLES","Windows","0","Read","G:\Group_Windt132k\Shared\REIT Team\Rompsen\Loans\8706 - 10029 Rufo Properties Portfolio 12.28.2018\Payoff\12.16.2025" 
"2026-07-08 19:00:00","WINDT142K3","68360581","TFEBLES","Windows","0","Read","G:\Group_Windt132k\Shared\REIT Team\Rompsen\Loans\8706 - 10029 Rufo Properties Portfolio 12.28.2018\Payoff\12.16.2025" 
"2026-07-08 19:00:00","WINDT142K3","68360582","TFEBLES","Windows","0","Read","G:\Group_Windt132k\Shared\REIT Team\Rompsen\Loans\8913 - 10073 Urban Capital Partners LLC\Payoff\07.08.2026" 
"2026-07-08 19:00:00","WINDT142K3","68360583","TFEBLES","Windows","0","Read","G:\Group_Windt132k\Shared\REIT Team\Rompsen\Loans\8913 - 10073 Urban Capital Partners LLC\Payoff\07.08.2026" 
"2026-07-08 19:00:00","WINDT142K3","68360585","TFEBLES","Windows","0","Read","G:\Group_Windt132k\Shared\REIT Team\Rompsen\Monthly Report\07.31.2026" 
"2026-07-08 19:00:00","WINDT142K3","68360586","TFEBLES","Windows","0","Read","G:\Group_Windt132k\Shared\REIT Team\Rompsen\Monthly Report\07.31.2026" 
"2026-07-08 19:00:00","WINDT142K3","68368147","WEI.JIANG","Windows","0","Read","G:\Group_Windt132k\shared\REIT Team\Rompsen\Loans" 
"2026-07-08 19:00:00","WINDT142K3","68368150","WEI.JIANG","Windows","0","Read","G:\Group_Windt132k\shared\REIT Team\Rompsen\Loans" 
"2026-07-08 19:00:00","WINDT142K3","68368153","WEI.JIANG","Windows","0","Read","G:\Group_Windt132k\shared\REIT Team\Rompsen" 
"2026-07-08 19:00:00","WINDT142K3","68368156","WEI.JIANG","Windows","0","Read","G:\Group_Windt132k\shared\REIT Team\Rompsen" 
"2026-07-08 19:00:00","WINDT142K3","68368159","WEI.JIANG","Windows","0","Read","G:\Group_Windt132k\shared\REIT Team\Romspen CAD Shadow" 
"2026-07-08 19:00:00","WINDT142K3","68368162","WEI.JIANG","Windows","0","Read","G:\Group_Windt132k\shared\REIT Team\Romspen CAD Shadow" 
"2026-07-08 19:00:00","WINDT142K3","68368164","WEI.JIANG","Windows","0","Read","G:\Group_Windt132k\shared\REIT Team" 
"2026-07-08 19:00:00","WINDT142K3","68368167","WEI.JIANG","Windows","0","Read","G:\Group_Windt132k\shared\REIT Team" 
"2026-07-08 19:00:00","WINDT142K3","68368170","WEI.JIANG","Windows","0","Read","G:\Group_Windt132k\shared\REIT Team\Post Road" 
"2026-07-08 19:00:00","WINDT142K3","68368173","WEI.JIANG","Windows","0","Read","G:\Group_Windt132k\shared\REIT Team\Post Road" 
"2026-07-08 19:00:00","WINDT142K3","68368176","WEI.JIANG","Windows","0","Read","G:\Group_Windt132k\shared\REIT Team\Valley National Bank\Syndication Loan" 
"2026-07-08 19:00:00","WINDT142K3","68368179","WEI.JIANG","Windows","0","Read","G:\Group_Windt132k\shared\REIT Team\Valley National Bank\Syndication Loan" 
"2026-07-08 19:00:00","WINDT142K3","68368181","WEI.JIANG","Windows","0","Read","G:\Group_Windt132k\shared\REIT Team\Valley National Bank\Synd Bought Loan" 
"2026-07-08 19:00:00","WINDT142K3","68368184","WEI.JIANG","Windows","0","Read","G:\Group_Windt132k\shared\REIT Team\Valley National Bank\Synd Bought Loan" 
"2026-07-08 19:00:00","WINDT142K3","68368187","WEI.JIANG","Windows","0","Read","G:\Group_Windt132k\shared\REIT Team\Valley National Bank\Participation Sold Loan" 
"2026-07-08 19:00:00","WINDT142K3","68368191","WEI.JIANG","Windows","0","Read","G:\Group_Windt132k\shared\REIT Team\Valley National Bank\Participation Sold Loan" 
"2026-07-08 19:00:00","WINDT142K3","68368194","WEI.JIANG","Windows","0","Read","G:\Group_Windt132k\shared\REIT Team\Valley National Bank" 
"2026-07-08 19:00:00","WINDT142K3","68368197","WEI.JIANG","Windows","0","Read","G:\Group_Windt132k\shared\REIT Team\Valley National Bank" 
"2026-07-08 19:00:00","WINDT142K3","68368199","WEI.JIANG","Windows","0","Read","G:\Group_Windt132k\shared\REIT Team\Peachtree\Cadence Bank Transactions" 
"2026-07-08 19:00:00","WINDT142K3","68368202","WEI.JIANG","Windows","0","Read","G:\Group_Windt132k\shared\REIT Team\Peachtree\Cadence Bank Transactions" 
"2026-07-08 19:00:00","WINDT142K3","68368206","WEI.JIANG","Windows","0","Read","G:\Group_Windt132k\shared\REIT Team\Peachtree\PCFIV" 
"2026-07-08 19:00:00","WINDT142K3","68368209","WEI.JIANG","Windows","0","Read","G:\Group_Windt132k\shared\REIT Team\Peachtree\PCFIV" 
"2026-07-08 19:00:00","WINDT142K3","68368211","WEI.JIANG","Windows","0","Read","G:\Group_Windt132k\shared\REIT Team\Peachtree\Non Fund (NF) - Loans in PDOF" 
"2026-07-08 19:00:00","WINDT142K3","68368215","WEI.JIANG","Windows","0","Read","G:\Group_Windt132k\shared\REIT Team\Peachtree\Non Fund (NF) - Loans in PDOF" 
"2026-07-08 19:00:00","WINDT142K3","68368217","WEI.JIANG","Windows","0","Read","G:\Group_Windt132k\shared\REIT Team\Peachtree\PSOF\Billing Statement" 
"2026-07-08 19:00:00","WINDT142K3","68368220","WEI.JIANG","Windows","0","Read","G:\Group_Windt132k\shared\REIT Team\Peachtree\PSOF\Billing Statement" 
"2026-07-08 19:00:00","WINDT142K3","68368224","WEI.JIANG","Windows","0","Read","G:\Group_Windt132k\shared\REIT Team\Peachtree\PSOF" 
"2026-07-08 19:00:00","WINDT142K3","68368227","WEI.JIANG","Windows","0","Read","G:\Group_Windt132k\shared\REIT Team\Peachtree\PSOF" 
"2026-07-08 19:00:00","WINDT142K3","68368229","WEI.JIANG","Windows","0","Read","G:\Group_Windt132k\shared\REIT Team\Peachtree\PDOF\Billing Statements" 
"2026-07-08 19:00:00","WINDT142K3","68368233","WEI.JIANG","Windows","0","Read","G:\Group_Windt132k\shared\REIT Team\Peachtree\PDOF\Billing Statements" 
"2026-07-08 19:00:00","WINDT142K3","68368235","WEI.JIANG","Windows","0","Read","G:\Group_Windt132k\shared\REIT Team\Peachtree\PDOF" 
"2026-07-08 19:00:00","WINDT142K3","68368239","WEI.JIANG","Windows","0","Read","G:\Group_Windt132k\shared\REIT Team\Peachtree\PDOF" 
"2026-07-08 19:00:00","WINDT142K3","68368242","WEI.JIANG","Windows","0","Read","G:\Group_Windt132k\shared\REIT Team\Peachtree\FUND III" 
"2026-07-08 19:00:00","WINDT142K3","68368246","WEI.JIANG","Windows","0","Read","G:\Group_Windt132k\shared\REIT Team\Peachtree\FUND III" 
"2026-07-08 19:00:00","WINDT142K3","68368248","WEI.JIANG","Windows","0","Read","G:\Group_Windt132k\shared\REIT Team\Peachtree\FUND II" 
"2026-07-08 19:00:00","WINDT142K3","68368251","WEI.JIANG","Windows","0","Read","G:\Group_Windt132k\shared\REIT Team\Peachtree\FUND II" 
"2026-07-08 19:00:00","WINDT142K3","68368253","WEI.JIANG","Windows","0","Read","G:\Group_Windt132k\shared\REIT Team\Peachtree" 
"2026-07-08 19:00:00","WINDT142K3","68368256","WEI.JIANG","Windows","0","Read","G:\Group_Windt132k\shared\REIT Team\Peachtree" 
"2026-07-08 19:00:00","WINDT142K3","68368260","WEI.JIANG","Windows","0","Read","G:\Group_Windt132k\shared\REIT Team\Rompsen\WF Transactions" 
"2026-07-08 19:00:00","WINDT142K3","68368263","WEI.JIANG","Windows","0","Read","G:\Group_Windt132k\shared\REIT Team\Rompsen\WF Transactions" 
"2026-07-08 19:00:00","WINDT142K3","68368266","WEI.JIANG","Windows","0","Read","G:\Group_Windt132k\shared\REIT Team\Rompsen\Loan expense to be reimbursed by borrower" 
"2026-07-08 19:00:00","WINDT142K3","68368269","WEI.JIANG","Windows","0","Read","G:\Group_Windt132k\shared\REIT Team\Rompsen\Loan expense to be reimbursed by borrower" 
"2026-07-08 19:00:00","WINDT142K3","68368270","WEI.JIANG","Windows","0","Read","G:\Group_Windt132k\shared\REIT Team\Rompsen\Mortgage Statement" 
"2026-07-08 19:00:00","WINDT142K3","68368273","WEI.JIANG","Windows","0","Read","G:\Group_Windt132k\shared\REIT Team\Rompsen\Mortgage Statement" 
"2026-07-08 19:00:00","WINDT142K3","68368275","WEI.JIANG","Windows","0","Read","G:\Group_Windt132k\shared\REIT Team\Rompsen\Monthly Report" 
"2026-07-08 19:00:00","WINDT142K3","68368277","WEI.JIANG","Windows","0","Read","G:\Group_Windt132k\shared\REIT Team\Rompsen\Monthly Report" 
"2026-07-08 19:00:00","WINDT142K3","68371675","BMCADOO","Windows","0","Read","G:\Group_Windt132k\Shared\ANICO\LPs\ANICO LP Production\ANICO LP 4Q25\November\7112 - Monroe IV_093025_Capital Statement_American National Insurance Company.pdf" 
"2026-07-08 19:00:00","WINDT142K3","68371902","BMCADOO","Windows","0","Read","G:\Group_Windt132k\Shared\ANICO\LPs\ANICO LP Production\ANICO LP 1Q26\March\7112 - Monroe IV_123125_Capital Statement_American National Insurance Company.pdf" 
"2026-07-08 19:00:00","WINDT142K3","68373027","BMCADOO","Windows","0","Read","G:\Group_Windt132k\Shared\ANICO\LPs\ANICO LP Production\ANICO LP 1Q26\March\7102 - BSP SOF II STRUCTURED NOTE L.P. Q4 2025 Partner Capital Statement.pdf" 
"2026-07-08 19:00:00","WINDT142K3","68373174","BMCADOO","Windows","0","Read","G:\Group_Windt132k\Shared\ANICO\LPs\ANICO LP Production\ANICO LP 4Q25\December\7102 - BSP SOF II STRUCTURED NOTE L.P. Distribution Notice.pdf" 
"2026-07-08 19:00:00","WINDT142K3","68375002","BMCADOO","Windows","0","Write + Read","G:\Group_Windt132k\Shared\KofC\KofC 2026\26.05\Sent Files\KOFC LP Control GAAP and STAT EMA_May 2026_Alt Method.xlsx" 
"2026-07-08 19:00:00","WINDT142K3","68375022","BMCADOO","Windows","0","Write + Read","G:\Group_Windt132k\Shared\KofC\KofC 2026\26.05\Sent Files\~$KOFC LP Control GAAP and STAT EMA_May 2026_Alt Method.xlsx" 
"2026-07-08 19:00:00","WINDT142K3","68380752","DBETTERS","Windows","0","Write + Read","G:\Group_Windt132k\Shared\MarylandCare\2026.06.30\Work\Carry Value Analysis\~$Holdings_Carry Value Analysis_June 2026.xlsx" 
"2026-07-08 19:00:00","WINDT142K3","68381373","NLUKONIS","Windows","0","Read","G:\Group_Windt132k\Shared\ANICO\Derivatives CLewis\6.30.2026\Sent to ANICO" 
"2026-07-08 19:00:00","WINDT142K3","68381375","NLUKONIS","Windows","0","Read","G:\Group_Windt132k\Shared\ANICO\Derivatives CLewis\6.30.2026\Sent to ANICO" 
"2026-07-08 19:00:00","WINDT142K3","68381841","NLUKONIS","Windows","0","Write + Read","G:\Group_Windt132k\Shared\ANICO\Derivatives CLewis\6.30.2026\ANICO Options Mth End Procedures June 2026.xlsx" 
"2026-07-08 19:00:00","WINDT142K3","68382001","RKUMAR3","Windows","0","Read","G:\Group_Windt132k\Shared\ANICO\Derivatives CLewis\6.30.2026\Work (Month End)\GL Recon" 
"2026-07-08 19:00:00","WINDT142K3","68382002","RKUMAR3","Windows","0","Read","G:\Group_Windt132k\Shared\ANICO\Derivatives CLewis\6.30.2026\Work (Month End)\GL Recon" 
"2026-07-08 19:00:00","WINDT142K3","68382120","MPARLAPI","Windows","0","Write + Read","G:\Group_Windt132k\Shared\MarylandCare\2026.06.30\Controls\~$Earned Income (Month To Month) GAAP June 2026.xlsx" 
"2026-07-08 19:00:00","WINDT142K3","68382178","RKUMAR3","Windows","0","Read","G:\Group_Windt132k\Shared\ANICO\Derivatives CLewis\6.30.2026\Sent to ANICO" 
"2026-07-08 19:00:00","WINDT142K3","68382181","RKUMAR3","Windows","0","Read","G:\Group_Windt132k\Shared\ANICO\Derivatives CLewis\6.30.2026\Sent to ANICO" 
"2026-07-08 19:00:00","WINDT142K3","68382298","MPARLAPI","Windows","0","Write + Read","G:\Group_Windt132k\Shared\MarylandCare\2026.06.30\Controls\Earned Income (Month To Month) STAT June 2026.xlsx" 
"2026-07-08 19:00:00","WINDT142K3","68382301","MPARLAPI","Windows","0","Write + Read","G:\Group_Windt132k\Shared\MarylandCare\2026.06.30\Controls\~$Earned Income (Month To Month) STAT June 2026.xlsx" 
"2026-07-08 19:00:00","WINDT142K3","68383856","NLUKONIS","Windows","0","Write + Read","G:\Group_Windt132k\Shared\ANICO\Derivatives CLewis\6.30.2026\Sent to ANICO\ANICO Options GAAP Recon 6.30.26.xlsx" 
"2026-07-08 19:00:00","WINDT142K3","68383867","NLUKONIS","Windows","0","Write + Read","G:\Group_Windt132k\Shared\ANICO\Derivatives CLewis\6.30.2026\Sent to ANICO\~$ANICO Options GAAP Recon 6.30.26.xlsx" 
"2026-07-08 19:00:00","WINDT142K3","68383978","MPARLAPI","Windows","0","Write + Read","G:\Group_Windt132k\Shared\MarylandCare\2026.06.30\Controls\Earned Income (Month To Month) GAAP June 2026.xlsx" 
"2026-07-08 19:00:00","WINDT142K3","68384013","DBETTERS","Windows","0","Write + Read","G:\Group_Windt132k\Shared\MarylandCare\2026.06.30\Work\Carry Value Analysis\Holdings_Carry Value Analysis_June 2026.xlsx" 
"2026-07-08 19:00:00","WINDT142K3","68384046","DBETTERS","Windows","0","Write + Read","G:\Group_Windt132k\Shared\MarylandCare\2026.06.30\Work\GL Recon\MCI_MPC GL Recon GAAP 06.30.26.xlsm" 
"2026-07-08 19:00:00","WINDT142K3","68384058","DBETTERS","Windows","0","Write + Read","G:\Group_Windt132k\Shared\MarylandCare\2026.06.30\Work\GL Recon\~$MCI_MPC GL Recon GAAP 06.30.26.xlsm" 
"2026-07-08 19:00:00","WINDT142K3","68384454","BMCADOO","Windows","0","Write + Read","G:\Group_Windt132k\Shared\ANICO\LPs\ANICO LP Production\ANICO LP 2Q26\~$ANIC June 2026 LP Control GAAP and STAT EMA_v2.xlsx" 
"2026-07-08 19:00:00","WINDT142K3","68384576","BMCADOO","Windows","0","Write + Read","G:\Group_Windt132k\Shared\ANICO\LPs\ANICO LP Production\ANICO LP 2Q26\ANIC June 2026 LP Control GAAP and STAT EMA_v2.xlsx" 
"2026-07-08 19:00:00","WINDT142K3","68384692","DBETTERS","Windows","0","Read","G:\Group_Windt132k\Shared\MarylandCare\2026.06.30\Work\GL Recon" 
"2026-07-08 19:00:00","WINDT142K3","68384694","DBETTERS","Windows","0","Read","G:\Group_Windt132k\Shared\MarylandCare\2026.06.30\Work\GL Recon" 
"2026-07-08 19:00:00","WINDT142K3","68384738","DBETTERS","Windows","0","Write + Read","G:\Group_Windt132k\Shared\MarylandCare\2026.06.30\Work\GL Recon\~$MCMI GL Recon GAAP 06.30.26.xlsm" 
"2026-07-08 19:00:00","WINDT142K3","68384824","BMCADOO","Windows","0","Read","G:\Group_Windt132k\Shared\ANICO\LPs\ANICO LP Production\ANICO LP 2Q26" 
"2026-07-08 19:00:00","WINDT142K3","68384825","BMCADOO","Windows","0","Read","G:\Group_Windt132k\Shared\ANICO\LPs\ANICO LP Production\ANICO LP 2Q26" 
"2026-07-08 19:00:00","WINDT142K3","68384949","DBETTERS","Windows","0","Write + Read","G:\Group_Windt132k\Shared\MarylandCare\2026.06.30\Work\GL Recon\MCMI GL Recon GAAP 06.30.26.xlsm" 
"2026-07-08 19:00:00","WINDT142K3","68385295","MPARLAPI","Windows","0","Read","G:\Group_Windt132k" 
"2026-07-08 19:00:00","WINDT142K3","68385296","MPARLAPI","Windows","0","Read","G:\Group_Windt132k" 
"2026-07-08 20:00:00",INFO: The system global flag 'maintain objects list' needs 
"2026-07-08 20:00:00",      to be enabled to see local opened files. 
"2026-07-08 20:00:00",      See Openfiles /? for more information. 
"2026-07-08 20:00:00",Files opened remotely via local share points: 
"2026-07-08 20:00:00",--------------------------------------------- 
"2026-07-08 20:00:00","Hostname","ID","Accessed By","Type","#Locks","Open Mode","Open File (Path\executable)" 
"2026-07-08 20:00:00","WINDT142K3","6","N/A","Windows","0","Write + Read","\PIPE\EVENTLOG" 
"2026-07-08 20:00:00","WINDT142K3","68360580","TFEBLES","Windows","0","Read","G:\Group_Windt132k\Shared\REIT Team\Rompsen\Loans\8706 - 10029 Rufo Properties Portfolio 12.28.2018\Payoff\12.16.2025" 
"2026-07-08 20:00:00","WINDT142K3","68360581","TFEBLES","Windows","0","Read","G:\Group_Windt132k\Shared\REIT Team\Rompsen\Loans\8706 - 10029 Rufo Properties Portfolio 12.28.2018\Payoff\12.16.2025" 
"2026-07-08 20:00:00","WINDT142K3","68360582","TFEBLES","Windows","0","Read","G:\Group_Windt132k\Shared\REIT Team\Rompsen\Loans\8913 - 10073 Urban Capital Partners LLC\Payoff\07.08.2026" 
"2026-07-08 20:00:00","WINDT142K3","68360583","TFEBLES","Windows","0","Read","G:\Group_Windt132k\Shared\REIT Team\Rompsen\Loans\8913 - 10073 Urban Capital Partners LLC\Payoff\07.08.2026" 
"2026-07-08 20:00:00","WINDT142K3","68360585","TFEBLES","Windows","0","Read","G:\Group_Windt132k\Shared\REIT Team\Rompsen\Monthly Report\07.31.2026" 
"2026-07-08 20:00:00","WINDT142K3","68360586","TFEBLES","Windows","0","Read","G:\Group_Windt132k\Shared\REIT Team\Rompsen\Monthly Report\07.31.2026" 
"2026-07-08 20:00:00","WINDT142K3","68380752","DBETTERS","Windows","0","Write + Read","G:\Group_Windt132k\Shared\MarylandCare\2026.06.30\Work\Carry Value Analysis\~$Holdings_Carry Value Analysis_June 2026.xlsx" 
"2026-07-08 20:00:00","WINDT142K3","68384013","DBETTERS","Windows","0","Write + Read","G:\Group_Windt132k\Shared\MarylandCare\2026.06.30\Work\Carry Value Analysis\Holdings_Carry Value Analysis_June 2026.xlsx" 
"2026-07-08 20:00:00","WINDT142K3","68384058","DBETTERS","Windows","0","Write + Read","G:\Group_Windt132k\Shared\MarylandCare\2026.06.30\Work\GL Recon\~$MCI_MPC GL Recon GAAP 06.30.26.xlsm" 
"2026-07-08 20:00:00","WINDT142K3","68385295","MPARLAPI","Windows","0","Read","G:\Group_Windt132k" 
"2026-07-08 20:00:00","WINDT142K3","68385296","MPARLAPI","Windows","0","Read","G:\Group_Windt132k" 
"2026-07-08 20:00:00","WINDT142K3","68386332","MPARLAPI","Windows","0","Read","G:\Group_Windt132k\Shared\MarylandCare\2026.06.30\Controls" 
"2026-07-08 20:00:00","WINDT142K3","68386334","MPARLAPI","Windows","0","Read","G:\Group_Windt132k\Shared\MarylandCare\2026.06.30\Controls" 
"2026-07-08 20:00:00","WINDT142K3","68386689","RKUMAR3","Windows","0","Read","G:\Group_Windt132k\Shared\ANICO\Derivatives CLewis\6.30.2026" 
"2026-07-08 20:00:00","WINDT142K3","68386690","RKUMAR3","Windows","0","Read","G:\Group_Windt132k\Shared\ANICO\Derivatives CLewis\6.30.2026" 
"2026-07-08 20:00:00","WINDT142K3","68386763","WEI.JIANG","Windows","0","Read","G:\Group_Windt132k\shared\REIT Team\Rompsen\Loans" 
"2026-07-08 20:00:00","WINDT142K3","68386764","WEI.JIANG","Windows","0","Read","G:\Group_Windt132k\shared\REIT Team\Rompsen\Loans" 
"2026-07-08 20:00:00","WINDT142K3","68386765","WEI.JIANG","Windows","0","Read","G:\Group_Windt132k\shared\REIT Team\Rompsen" 
"2026-07-08 20:00:00","WINDT142K3","68386766","WEI.JIANG","Windows","0","Read","G:\Group_Windt132k\shared\REIT Team\Rompsen" 
"2026-07-08 20:00:00","WINDT142K3","68386767","WEI.JIANG","Windows","0","Read","G:\Group_Windt132k\shared\REIT Team\Romspen CAD Shadow" 
"2026-07-08 20:00:00","WINDT142K3","68386768","WEI.JIANG","Windows","0","Read","G:\Group_Windt132k\shared\REIT Team\Romspen CAD Shadow" 
"2026-07-08 20:00:00","WINDT142K3","68386769","WEI.JIANG","Windows","0","Read","G:\Group_Windt132k\shared\REIT Team" 
"2026-07-08 20:00:00","WINDT142K3","68386770","WEI.JIANG","Windows","0","Read","G:\Group_Windt132k\shared\REIT Team" 
"2026-07-08 20:00:00","WINDT142K3","68386771","WEI.JIANG","Windows","0","Read","G:\Group_Windt132k\shared\REIT Team\Post Road" 
"2026-07-08 20:00:00","WINDT142K3","68386772","WEI.JIANG","Windows","0","Read","G:\Group_Windt132k\shared\REIT Team\Post Road" 
"2026-07-08 20:00:00","WINDT142K3","68386773","WEI.JIANG","Windows","0","Read","G:\Group_Windt132k\shared\REIT Team\Valley National Bank\Syndication Loan" 
"2026-07-08 20:00:00","WINDT142K3","68386774","WEI.JIANG","Windows","0","Read","G:\Group_Windt132k\shared\REIT Team\Valley National Bank\Syndication Loan" 
"2026-07-08 20:00:00","WINDT142K3","68386775","WEI.JIANG","Windows","0","Read","G:\Group_Windt132k\shared\REIT Team\Valley National Bank\Synd Bought Loan" 
"2026-07-08 20:00:00","WINDT142K3","68386776","WEI.JIANG","Windows","0","Read","G:\Group_Windt132k\shared\REIT Team\Valley National Bank\Synd Bought Loan" 
"2026-07-08 20:00:00","WINDT142K3","68386777","WEI.JIANG","Windows","0","Read","G:\Group_Windt132k\shared\REIT Team\Valley National Bank\Participation Sold Loan" 
"2026-07-08 20:00:00","WINDT142K3","68386778","WEI.JIANG","Windows","0","Read","G:\Group_Windt132k\shared\REIT Team\Valley National Bank\Participation Sold Loan" 
"2026-07-08 20:00:00","WINDT142K3","68386779","WEI.JIANG","Windows","0","Read","G:\Group_Windt132k\shared\REIT Team\Valley National Bank" 
"2026-07-08 20:00:00","WINDT142K3","68386780","WEI.JIANG","Windows","0","Read","G:\Group_Windt132k\shared\REIT Team\Valley National Bank" 
"2026-07-08 20:00:00","WINDT142K3","68386781","WEI.JIANG","Windows","0","Read","G:\Group_Windt132k\shared\REIT Team\Peachtree\Cadence Bank Transactions" 
"2026-07-08 20:00:00","WINDT142K3","68386782","WEI.JIANG","Windows","0","Read","G:\Group_Windt132k\shared\REIT Team\Peachtree\Cadence Bank Transactions" 
"2026-07-08 20:00:00","WINDT142K3","68386783","WEI.JIANG","Windows","0","Read","G:\Group_Windt132k\shared\REIT Team\Peachtree\PCFIV" 
"2026-07-08 20:00:00","WINDT142K3","68386784","WEI.JIANG","Windows","0","Read","G:\Group_Windt132k\shared\REIT Team\Peachtree\PCFIV" 
"2026-07-08 20:00:00","WINDT142K3","68386785","WEI.JIANG","Windows","0","Read","G:\Group_Windt132k\shared\REIT Team\Peachtree\Non Fund (NF) - Loans in PDOF" 
"2026-07-08 20:00:00","WINDT142K3","68386786","WEI.JIANG","Windows","0","Read","G:\Group_Windt132k\shared\REIT Team\Peachtree\Non Fund (NF) - Loans in PDOF" 
"2026-07-08 20:00:00","WINDT142K3","68386787","WEI.JIANG","Windows","0","Read","G:\Group_Windt132k\shared\REIT Team\Peachtree\PSOF\Billing Statement" 
"2026-07-08 20:00:00","WINDT142K3","68386788","WEI.JIANG","Windows","0","Read","G:\Group_Windt132k\shared\REIT Team\Peachtree\PSOF\Billing Statement" 
"2026-07-08 20:00:00","WINDT142K3","68386789","WEI.JIANG","Windows","0","Read","G:\Group_Windt132k\shared\REIT Team\Peachtree\PSOF" 
"2026-07-08 20:00:00","WINDT142K3","68386790","WEI.JIANG","Windows","0","Read","G:\Group_Windt132k\shared\REIT Team\Peachtree\PSOF" 
"2026-07-08 20:00:00","WINDT142K3","68386791","WEI.JIANG","Windows","0","Read","G:\Group_Windt132k\shared\REIT Team\Peachtree\PDOF\Billing Statements" 
"2026-07-08 20:00:00","WINDT142K3","68386792","WEI.JIANG","Windows","0","Read","G:\Group_Windt132k\shared\REIT Team\Peachtree\PDOF\Billing Statements" 
"2026-07-08 20:00:00","WINDT142K3","68386793","WEI.JIANG","Windows","0","Read","G:\Group_Windt132k\shared\REIT Team\Peachtree\PDOF" 
"2026-07-08 20:00:00","WINDT142K3","68386794","WEI.JIANG","Windows","0","Read","G:\Group_Windt132k\shared\REIT Team\Peachtree\PDOF" 
"2026-07-08 20:00:00","WINDT142K3","68386795","WEI.JIANG","Windows","0","Read","G:\Group_Windt132k\shared\REIT Team\Peachtree\FUND III" 
"2026-07-08 20:00:00","WINDT142K3","68386796","WEI.JIANG","Windows","0","Read","G:\Group_Windt132k\shared\REIT Team\Peachtree\FUND III" 
"2026-07-08 20:00:00","WINDT142K3","68386797","WEI.JIANG","Windows","0","Read","G:\Group_Windt132k\shared\REIT Team\Peachtree\FUND II" 
"2026-07-08 20:00:00","WINDT142K3","68386798","WEI.JIANG","Windows","0","Read","G:\Group_Windt132k\shared\REIT Team\Peachtree\FUND II" 
"2026-07-08 20:00:00","WINDT142K3","68386799","WEI.JIANG","Windows","0","Read","G:\Group_Windt132k\shared\REIT Team\Peachtree" 
"2026-07-08 20:00:00","WINDT142K3","68386800","WEI.JIANG","Windows","0","Read","G:\Group_Windt132k\shared\REIT Team\Peachtree" 
"2026-07-08 20:00:00","WINDT142K3","68386801","WEI.JIANG","Windows","0","Read","G:\Group_Windt132k\shared\REIT Team\Rompsen\WF Transactions" 
"2026-07-08 20:00:00","WINDT142K3","68386802","WEI.JIANG","Windows","0","Read","G:\Group_Windt132k\shared\REIT Team\Rompsen\WF Transactions" 
"2026-07-08 20:00:00","WINDT142K3","68386803","WEI.JIANG","Windows","0","Read","G:\Group_Windt132k\shared\REIT Team\Rompsen\Loan expense to be reimbursed by borrower" 
"2026-07-08 20:00:00","WINDT142K3","68386804","WEI.JIANG","Windows","0","Read","G:\Group_Windt132k\shared\REIT Team\Rompsen\Loan expense to be reimbursed by borrower" 
"2026-07-08 20:00:00","WINDT142K3","68386805","WEI.JIANG","Windows","0","Read","G:\Group_Windt132k\shared\REIT Team\Rompsen\Mortgage Statement" 
"2026-07-08 20:00:00","WINDT142K3","68386806","WEI.JIANG","Windows","0","Read","G:\Group_Windt132k\shared\REIT Team\Rompsen\Mortgage Statement" 
"2026-07-08 20:00:00","WINDT142K3","68386807","WEI.JIANG","Windows","0","Read","G:\Group_Windt132k\shared\REIT Team\Rompsen\Monthly Report" 
"2026-07-08 20:00:00","WINDT142K3","68386808","WEI.JIANG","Windows","0","Read","G:\Group_Windt132k\shared\REIT Team\Rompsen\Monthly Report" 
"2026-07-08 20:00:00","WINDT142K3","68387082","RKUMAR3","Windows","0","Write + Read","G:\Group_Windt132k\Shared\ANICO\Derivatives CLewis\5.31.2026\Work (Month End)\GL Recon\ANICO Options PGAAP Recon 5.31.26 Includes Reports - Work.xlsx" 
"2026-07-08 20:00:00","WINDT142K3","68387086","RKUMAR3","Windows","0","Write + Read","G:\Group_Windt132k\Shared\ANICO\Derivatives CLewis\5.31.2026\Work (Month End)\GL Recon\~$ANICO Options PGAAP Recon 5.31.26 Includes Reports - Work.xlsx" 
"2026-07-08 20:00:00","WINDT142K3","68387441","DBETTERS","Windows","0","Read","G:\Group_Windt132k\Shared\MarylandCare\2026.06.30\Work\GL Recon\GL Recon Reports\MCI_MPC" 
"2026-07-08 20:00:00","WINDT142K3","68388270","DBETTERS","Windows","0","Write + Read","G:\Group_Windt132k\Shared\MarylandCare\2026.06.30\Work\GL Recon\MCI_MPC GL Recon GAAP 06.30.26.xlsm" 
"2026-07-08 20:00:00","WINDT142K3","68388352","RKUMAR3","Windows","0","Read","G:\Group_Windt132k\Shared\ANICO\Derivatives CLewis\6.30.2026\Work (Month End)\GL Recon" 
"2026-07-08 20:00:00","WINDT142K3","68388354","RKUMAR3","Windows","0","Read","G:\Group_Windt132k\Shared\ANICO\Derivatives CLewis\6.30.2026\Work (Month End)\GL Recon" 
"2026-07-08 20:00:00","WINDT142K3","68388411","RKUMAR3","Windows","0","Write + Read","G:\Group_Windt132k\Shared\ANICO\Derivatives CLewis\6.30.2026\Work (Month End)\GL Recon\ANICO Options PGAAP Recon 6.30.26 Includes Reports - Work.xlsx" 
"2026-07-08 20:00:00","WINDT142K3","68388418","RKUMAR3","Windows","0","Write + Read","G:\Group_Windt132k\Shared\ANICO\Derivatives CLewis\6.30.2026\Work (Month End)\GL Recon\~$ANICO Options PGAAP Recon 6.30.26 Includes Reports - Work.xlsx" 
"2026-07-08 20:00:00","WINDT142K3","68388514","RKUMAR3","Windows","0","Write + Read","G:\Group_Windt132k\Shared\ANICO\Derivatives CLewis\6.30.2026\ANICO Options Mth End Procedures June 2026.xlsx" 
"2026-07-08 20:00:00","WINDT142K3","68388517","RKUMAR3","Windows","0","Write + Read","G:\Group_Windt132k\Shared\ANICO\Derivatives CLewis\6.30.2026\~$ANICO Options Mth End Procedures June 2026.xlsx" 
"2026-07-08 20:00:00","WINDT142K3","68388572","DBETTERS","Windows","0","Read","G:\Group_Windt132k\Shared\MarylandCare\2026.06.30\Work\GL Recon" 
"2026-07-08 20:00:00","WINDT142K3","68388573","DBETTERS","Windows","0","Read","G:\Group_Windt132k\Shared\MarylandCare\2026.06.30\Work\GL Recon" 
"2026-07-08 20:00:00","WINDT142K3","68388574","DBETTERS","Windows","0","Read","G:\Group_Windt132k\Shared\MarylandCare\2026.06.30\Work\GL Recon\MCMI GL Recon GAAP 06.30.26.xlsm" 
"2026-07-08 21:00:00",INFO: The system global flag 'maintain objects list' needs 
"2026-07-08 21:00:00",      to be enabled to see local opened files. 
"2026-07-08 21:00:00",      See Openfiles /? for more information. 
"2026-07-08 21:00:00",Files opened remotely via local share points: 
"2026-07-08 21:00:00",--------------------------------------------- 
"2026-07-08 21:00:00","Hostname","ID","Accessed By","Type","#Locks","Open Mode","Open File (Path\executable)" 
"2026-07-08 21:00:00","WINDT142K3","6","N/A","Windows","0","Write + Read","\PIPE\EVENTLOG" 
"2026-07-08 21:00:00","WINDT142K3","68360580","TFEBLES","Windows","0","Read","G:\Group_Windt132k\Shared\REIT Team\Rompsen\Loans\8706 - 10029 Rufo Properties Portfolio 12.28.2018\Payoff\12.16.2025" 
"2026-07-08 21:00:00","WINDT142K3","68360581","TFEBLES","Windows","0","Read","G:\Group_Windt132k\Shared\REIT Team\Rompsen\Loans\8706 - 10029 Rufo Properties Portfolio 12.28.2018\Payoff\12.16.2025" 
"2026-07-08 21:00:00","WINDT142K3","68360582","TFEBLES","Windows","0","Read","G:\Group_Windt132k\Shared\REIT Team\Rompsen\Loans\8913 - 10073 Urban Capital Partners LLC\Payoff\07.08.2026" 
"2026-07-08 21:00:00","WINDT142K3","68360583","TFEBLES","Windows","0","Read","G:\Group_Windt132k\Shared\REIT Team\Rompsen\Loans\8913 - 10073 Urban Capital Partners LLC\Payoff\07.08.2026" 
"2026-07-08 21:00:00","WINDT142K3","68360585","TFEBLES","Windows","0","Read","G:\Group_Windt132k\Shared\REIT Team\Rompsen\Monthly Report\07.31.2026" 
"2026-07-08 21:00:00","WINDT142K3","68360586","TFEBLES","Windows","0","Read","G:\Group_Windt132k\Shared\REIT Team\Rompsen\Monthly Report\07.31.2026" 
"2026-07-08 21:00:00","WINDT142K3","68386763","WEI.JIANG","Windows","0","Read","G:\Group_Windt132k\shared\REIT Team\Rompsen\Loans" 
"2026-07-08 21:00:00","WINDT142K3","68386764","WEI.JIANG","Windows","0","Read","G:\Group_Windt132k\shared\REIT Team\Rompsen\Loans" 
"2026-07-08 21:00:00","WINDT142K3","68386765","WEI.JIANG","Windows","0","Read","G:\Group_Windt132k\shared\REIT Team\Rompsen" 
"2026-07-08 21:00:00","WINDT142K3","68386766","WEI.JIANG","Windows","0","Read","G:\Group_Windt132k\shared\REIT Team\Rompsen" 
"2026-07-08 21:00:00","WINDT142K3","68386767","WEI.JIANG","Windows","0","Read","G:\Group_Windt132k\shared\REIT Team\Romspen CAD Shadow" 
"2026-07-08 21:00:00","WINDT142K3","68386768","WEI.JIANG","Windows","0","Read","G:\Group_Windt132k\shared\REIT Team\Romspen CAD Shadow" 
"2026-07-08 21:00:00","WINDT142K3","68386769","WEI.JIANG","Windows","0","Read","G:\Group_Windt132k\shared\REIT Team" 
"2026-07-08 21:00:00","WINDT142K3","68386770","WEI.JIANG","Windows","0","Read","G:\Group_Windt132k\shared\REIT Team" 
"2026-07-08 21:00:00","WINDT142K3","68386771","WEI.JIANG","Windows","0","Read","G:\Group_Windt132k\shared\REIT Team\Post Road" 
"2026-07-08 21:00:00","WINDT142K3","68386772","WEI.JIANG","Windows","0","Read","G:\Group_Windt132k\shared\REIT Team\Post Road" 
"2026-07-08 21:00:00","WINDT142K3","68386773","WEI.JIANG","Windows","0","Read","G:\Group_Windt132k\shared\REIT Team\Valley National Bank\Syndication Loan" 
"2026-07-08 21:00:00","WINDT142K3","68386774","WEI.JIANG","Windows","0","Read","G:\Group_Windt132k\shared\REIT Team\Valley National Bank\Syndication Loan" 
"2026-07-08 21:00:00","WINDT142K3","68386775","WEI.JIANG","Windows","0","Read","G:\Group_Windt132k\shared\REIT Team\Valley National Bank\Synd Bought Loan" 
"2026-07-08 21:00:00","WINDT142K3","68386776","WEI.JIANG","Windows","0","Read","G:\Group_Windt132k\shared\REIT Team\Valley National Bank\Synd Bought Loan" 
"2026-07-08 21:00:00","WINDT142K3","68386777","WEI.JIANG","Windows","0","Read","G:\Group_Windt132k\shared\REIT Team\Valley National Bank\Participation Sold Loan" 
"2026-07-08 21:00:00","WINDT142K3","68386778","WEI.JIANG","Windows","0","Read","G:\Group_Windt132k\shared\REIT Team\Valley National Bank\Participation Sold Loan" 
"2026-07-08 21:00:00","WINDT142K3","68386779","WEI.JIANG","Windows","0","Read","G:\Group_Windt132k\shared\REIT Team\Valley National Bank" 
"2026-07-08 21:00:00","WINDT142K3","68386780","WEI.JIANG","Windows","0","Read","G:\Group_Windt132k\shared\REIT Team\Valley National Bank" 
"2026-07-08 21:00:00","WINDT142K3","68386781","WEI.JIANG","Windows","0","Read","G:\Group_Windt132k\shared\REIT Team\Peachtree\Cadence Bank Transactions" 
"2026-07-08 21:00:00","WINDT142K3","68386782","WEI.JIANG","Windows","0","Read","G:\Group_Windt132k\shared\REIT Team\Peachtree\Cadence Bank Transactions" 
"2026-07-08 21:00:00","WINDT142K3","68386783","WEI.JIANG","Windows","0","Read","G:\Group_Windt132k\shared\REIT Team\Peachtree\PCFIV" 
"2026-07-08 21:00:00","WINDT142K3","68386784","WEI.JIANG","Windows","0","Read","G:\Group_Windt132k\shared\REIT Team\Peachtree\PCFIV" 
"2026-07-08 21:00:00","WINDT142K3","68386785","WEI.JIANG","Windows","0","Read","G:\Group_Windt132k\shared\REIT Team\Peachtree\Non Fund (NF) - Loans in PDOF" 
"2026-07-08 21:00:00","WINDT142K3","68386786","WEI.JIANG","Windows","0","Read","G:\Group_Windt132k\shared\REIT Team\Peachtree\Non Fund (NF) - Loans in PDOF" 
"2026-07-08 21:00:00","WINDT142K3","68386787","WEI.JIANG","Windows","0","Read","G:\Group_Windt132k\shared\REIT Team\Peachtree\PSOF\Billing Statement" 
"2026-07-08 21:00:00","WINDT142K3","68386788","WEI.JIANG","Windows","0","Read","G:\Group_Windt132k\shared\REIT Team\Peachtree\PSOF\Billing Statement" 
"2026-07-08 21:00:00","WINDT142K3","68386789","WEI.JIANG","Windows","0","Read","G:\Group_Windt132k\shared\REIT Team\Peachtree\PSOF" 
"2026-07-08 21:00:00","WINDT142K3","68386790","WEI.JIANG","Windows","0","Read","G:\Group_Windt132k\shared\REIT Team\Peachtree\PSOF" 
"2026-07-08 21:00:00","WINDT142K3","68386791","WEI.JIANG","Windows","0","Read","G:\Group_Windt132k\shared\REIT Team\Peachtree\PDOF\Billing Statements" 
"2026-07-08 21:00:00","WINDT142K3","68386792","WEI.JIANG","Windows","0","Read","G:\Group_Windt132k\shared\REIT Team\Peachtree\PDOF\Billing Statements" 
"2026-07-08 21:00:00","WINDT142K3","68386793","WEI.JIANG","Windows","0","Read","G:\Group_Windt132k\shared\REIT Team\Peachtree\PDOF" 
"2026-07-08 21:00:00","WINDT142K3","68386794","WEI.JIANG","Windows","0","Read","G:\Group_Windt132k\shared\REIT Team\Peachtree\PDOF" 
"2026-07-08 21:00:00","WINDT142K3","68386795","WEI.JIANG","Windows","0","Read","G:\Group_Windt132k\shared\REIT Team\Peachtree\FUND III" 
"2026-07-08 21:00:00","WINDT142K3","68386796","WEI.JIANG","Windows","0","Read","G:\Group_Windt132k\shared\REIT Team\Peachtree\FUND III" 
"2026-07-08 21:00:00","WINDT142K3","68386797","WEI.JIANG","Windows","0","Read","G:\Group_Windt132k\shared\REIT Team\Peachtree\FUND II" 
"2026-07-08 21:00:00","WINDT142K3","68386798","WEI.JIANG","Windows","0","Read","G:\Group_Windt132k\shared\REIT Team\Peachtree\FUND II" 
"2026-07-08 21:00:00","WINDT142K3","68386799","WEI.JIANG","Windows","0","Read","G:\Group_Windt132k\shared\REIT Team\Peachtree" 
"2026-07-08 21:00:00","WINDT142K3","68386800","WEI.JIANG","Windows","0","Read","G:\Group_Windt132k\shared\REIT Team\Peachtree" 
"2026-07-08 21:00:00","WINDT142K3","68386801","WEI.JIANG","Windows","0","Read","G:\Group_Windt132k\shared\REIT Team\Rompsen\WF Transactions" 
"2026-07-08 21:00:00","WINDT142K3","68386802","WEI.JIANG","Windows","0","Read","G:\Group_Windt132k\shared\REIT Team\Rompsen\WF Transactions" 
"2026-07-08 21:00:00","WINDT142K3","68386803","WEI.JIANG","Windows","0","Read","G:\Group_Windt132k\shared\REIT Team\Rompsen\Loan expense to be reimbursed by borrower" 
"2026-07-08 21:00:00","WINDT142K3","68386804","WEI.JIANG","Windows","0","Read","G:\Group_Windt132k\shared\REIT Team\Rompsen\Loan expense to be reimbursed by borrower" 
"2026-07-08 21:00:00","WINDT142K3","68386805","WEI.JIANG","Windows","0","Read","G:\Group_Windt132k\shared\REIT Team\Rompsen\Mortgage Statement" 
"2026-07-08 21:00:00","WINDT142K3","68386806","WEI.JIANG","Windows","0","Read","G:\Group_Windt132k\shared\REIT Team\Rompsen\Mortgage Statement" 
"2026-07-08 21:00:00","WINDT142K3","68386807","WEI.JIANG","Windows","0","Read","G:\Group_Windt132k\shared\REIT Team\Rompsen\Monthly Report" 
"2026-07-08 21:00:00","WINDT142K3","68386808","WEI.JIANG","Windows","0","Read","G:\Group_Windt132k\shared\REIT Team\Rompsen\Monthly Report" 
"2026-07-08 21:00:00","WINDT142K3","68387441","DBETTERS","Windows","0","Read","G:\Group_Windt132k\Shared\MarylandCare\2026.06.30\Work\GL Recon\GL Recon Reports\MCI_MPC" 
"2026-07-08 21:00:00","WINDT142K3","68390486","DBETTERS","Windows","0","Read","G:\Group_Windt132k\Shared\MarylandCare\2026.06.30\Work\GL Recon" 
"2026-07-08 21:00:00","WINDT142K3","68390487","DBETTERS","Windows","0","Read","G:\Group_Windt132k\Shared\MarylandCare\2026.06.30\Work\GL Recon" 
"2026-07-08 21:00:00","WINDT142K3","68390535","DBETTERS","Windows","0","Write + Read","G:\Group_Windt132k\Shared\MarylandCare\2026.06.30\Work\GL Recon\MCMI GL Recon GAAP 06.30.26.xlsm" 
"2026-07-08 21:00:00","WINDT142K3","68390547","DBETTERS","Windows","0","Write + Read","G:\Group_Windt132k\Shared\MarylandCare\2026.06.30\Work\GL Recon\~$MCMI GL Recon GAAP 06.30.26.xlsm" 
"2026-07-08 22:00:00",INFO: The system global flag 'maintain objects list' needs 
"2026-07-08 22:00:00",      to be enabled to see local opened files. 
"2026-07-08 22:00:00",      See Openfiles /? for more information. 
"2026-07-08 22:00:00",Files opened remotely via local share points: 
"2026-07-08 22:00:00",--------------------------------------------- 
"2026-07-08 22:00:00","Hostname","ID","Accessed By","Type","#Locks","Open Mode","Open File (Path\executable)" 
"2026-07-08 22:00:00","WINDT142K3","6","N/A","Windows","0","Write + Read","\PIPE\EVENTLOG" 
"2026-07-08 22:00:00","WINDT142K3","68387441","DBETTERS","Windows","0","Read","G:\Group_Windt132k\Shared\MarylandCare\2026.06.30\Work\GL Recon\GL Recon Reports\MCI_MPC" 
"2026-07-08 22:00:00","WINDT142K3","68390899","MPARLAPI","Windows","0","Read","G:\Group_Windt132k\Shared\MarylandCare\2026.06.30\Controls" 
"2026-07-08 22:00:00","WINDT142K3","68390901","MPARLAPI","Windows","0","Read","G:\Group_Windt132k\Shared\MarylandCare\2026.06.30\Controls" 
"2026-07-08 22:00:00","WINDT142K3","68390903","MPARLAPI","Windows","0","Read","G:\Group_Windt132k" 
"2026-07-08 22:00:00","WINDT142K3","68390904","MPARLAPI","Windows","0","Read","G:\Group_Windt132k" 
"2026-07-08 22:00:00","WINDT142K3","68391300","DBETTERS","Windows","0","Write + Read","G:\Group_Windt132k\Shared\MarylandCare\2026.06.30\Work\GL Recon\MCI_MPC GL Recon GAAP 06.30.26.xlsm" 
"2026-07-08 22:00:00","WINDT142K3","68391312","DBETTERS","Windows","0","Write + Read","G:\Group_Windt132k\Shared\MarylandCare\2026.06.30\Work\GL Recon\~$MCI_MPC GL Recon GAAP 06.30.26.xlsm" 
"2026-07-08 22:00:00","WINDT142K3","68391745","RKUMAR3","Windows","0","Read","G:\Group_Windt132k\Shared\ANICO\Derivatives CLewis\4.30.2026\Work_Month End\GL Recon" 
"2026-07-08 22:00:00","WINDT142K3","68391747","RKUMAR3","Windows","0","Read","G:\Group_Windt132k\Shared\ANICO\Derivatives CLewis\4.30.2026\Work_Month End\GL Recon" 
"2026-07-08 22:00:00","WINDT142K3","68392160","DBETTERS","Windows","0","Write + Read","G:\Group_Windt132k\Shared\MarylandCare\2026.06.30\Work\MLC Reports\Gaap_MCI_MPC\~$Macro for File name change_Gaap MCIMPC.xlsm" 
"2026-07-08 22:00:00","WINDT142K3","68392251","RKUMAR3","Windows","0","Read","G:\Group_Windt132k\Shared\ANICO\Derivatives CLewis\6.30.2026\Work (Month End)\GL Recon" 
"2026-07-08 22:00:00","WINDT142K3","68392254","RKUMAR3","Windows","0","Read","G:\Group_Windt132k\Shared\ANICO\Derivatives CLewis\6.30.2026\Work (Month End)\GL Recon" 
"2026-07-08 22:00:00","WINDT142K3","68392301","DBETTERS","Windows","0","Write + Read","G:\Group_Windt132k\Shared\MarylandCare\2026.06.30\Work\MLC Reports\Gaap_MCI_MPC\Macro for File name change_Gaap MCIMPC.xlsm" 
"2026-07-08 22:00:00","WINDT142K3","68393306","RKUMAR3","Windows","0","Write + Read","G:\Group_Windt132k\Shared\ANICO\Derivatives CLewis\6.30.2026\Work (Month End)\GL Recon\~$ANICO Options PGAAP Recon 6.30.26 Includes Reports - Work_RK.xlsx" 
"2026-07-08 22:00:00","WINDT142K3","68393640","RKUMAR3","Windows","0","Write + Read","G:\Group_Windt132k\Shared\ANICO\Derivatives CLewis\6.30.2026\Work (Month End)\GL Recon\ANICO Options PGAAP Recon 6.30.26 Includes Reports - Work_RK.xlsx" 
"2026-07-08 22:00:00","WINDT142K3","68395978","DBETTERS","Windows","0","Read","G:\Group_Windt132k\Shared\MarylandCare\2026.06.30\Work\MLC Reports\Gaap_MCMI" 
"2026-07-08 22:00:00","WINDT142K3","68395979","DBETTERS","Windows","0","Read","G:\Group_Windt132k\Shared\MarylandCare\2026.06.30\Work\MLC Reports\Gaap_MCMI" 
"2026-07-08 22:00:00","WINDT142K3","68395999","DBETTERS","Windows","0","Write + Read","G:\Group_Windt132k\Shared\MarylandCare\2026.06.30\Work\MLC Reports\Gaap_MCMI\Macro for File name change_Gaap MCMI.xlsm" 
"2026-07-08 22:00:00","WINDT142K3","68396015","DBETTERS","Windows","0","Write + Read","G:\Group_Windt132k\Shared\MarylandCare\2026.06.30\Work\MLC Reports\Gaap_MCMI\~$Macro for File name change_Gaap MCMI.xlsm" 
"2026-07-08 23:00:00",INFO: The system global flag 'maintain objects list' needs 
"2026-07-08 23:00:00",      to be enabled to see local opened files. 
"2026-07-08 23:00:00",      See Openfiles /? for more information. 
"2026-07-08 23:00:00",Files opened remotely via local share points: 
"2026-07-08 23:00:00",--------------------------------------------- 
"2026-07-08 23:00:00","Hostname","ID","Accessed By","Type","#Locks","Open Mode","Open File (Path\executable)" 
"2026-07-08 23:00:00","WINDT142K3","6","N/A","Windows","0","Write + Read","\PIPE\EVENTLOG" 
"2026-07-08 23:00:00","WINDT142K3","68387441","DBETTERS","Windows","0","Read","G:\Group_Windt132k\Shared\MarylandCare\2026.06.30\Work\GL Recon\GL Recon Reports\MCI_MPC" 
"2026-07-08 23:00:00","WINDT142K3","68390899","MPARLAPI","Windows","0","Read","G:\Group_Windt132k\Shared\MarylandCare\2026.06.30\Controls" 
"2026-07-08 23:00:00","WINDT142K3","68390901","MPARLAPI","Windows","0","Read","G:\Group_Windt132k\Shared\MarylandCare\2026.06.30\Controls" 
"2026-07-08 23:00:00","WINDT142K3","68390903","MPARLAPI","Windows","0","Read","G:\Group_Windt132k" 
"2026-07-08 23:00:00","WINDT142K3","68390904","MPARLAPI","Windows","0","Read","G:\Group_Windt132k" 
"2026-07-08 23:00:00","WINDT142K3","68392251","RKUMAR3","Windows","0","Read","G:\Group_Windt132k\Shared\ANICO\Derivatives CLewis\6.30.2026\Work (Month End)\GL Recon" 
"2026-07-08 23:00:00","WINDT142K3","68392254","RKUMAR3","Windows","0","Read","G:\Group_Windt132k\Shared\ANICO\Derivatives CLewis\6.30.2026\Work (Month End)\GL Recon" 
"2026-07-08 23:00:00","WINDT142K3","68393306","RKUMAR3","Windows","0","Write + Read","G:\Group_Windt132k\Shared\ANICO\Derivatives CLewis\6.30.2026\Work (Month End)\GL Recon\~$ANICO Options PGAAP Recon 6.30.26 Includes Reports - Work_RK.xlsx" 
"2026-07-08 23:00:00","WINDT142K3","68399285","RKUMAR3","Windows","0","Read","G:\Group_Windt132k\Shared\ANICO\Derivatives CLewis\3.31.2026\Work_Month End\GL Recon" 
"2026-07-08 23:00:00","WINDT142K3","68399286","RKUMAR3","Windows","0","Read","G:\Group_Windt132k\Shared\ANICO\Derivatives CLewis\3.31.2026\Work_Month End\GL Recon" 
"2026-07-08 23:00:00","WINDT142K3","68399795","RKUMAR3","Windows","0","Write + Read","G:\Group_Windt132k\Shared\ANICO\Derivatives CLewis\3.31.2026\Work_Month End\GL Recon\ANICO Options PGAAP Recon 3.31.26 includes reports - (Work).xlsx" 
"2026-07-08 23:00:00","WINDT142K3","68399799","RKUMAR3","Windows","0","Write + Read","G:\Group_Windt132k\Shared\ANICO\Derivatives CLewis\3.31.2026\Work_Month End\GL Recon\~$ANICO Options PGAAP Recon 3.31.26 includes reports - (Work).xlsx" 
"2026-07-08 23:00:00","WINDT142K3","68403218","DBETTERS","Windows","0","Write + Read","G:\Group_Windt132k\Shared\MarylandCare\2026.06.30\Work\GL Recon\MCI_MPC GL Recon GAAP 06.30.26.xlsm" 
"2026-07-08 23:00:00","WINDT142K3","68403230","DBETTERS","Windows","0","Write + Read","G:\Group_Windt132k\Shared\MarylandCare\2026.06.30\Work\GL Recon\~$MCI_MPC GL Recon GAAP 06.30.26.xlsm" 
"2026-07-08 23:00:00","WINDT142K3","68403488","DBETTERS","Windows","0","Write + Read","G:\Group_Windt132k\Shared\MarylandCare\2026.06.30\Work\GL Recon\GL Extracts\~$MCIMPC.xlsx" 
"2026-07-08 23:00:00","WINDT142K3","68403529","DBETTERS","Windows","0","Write + Read","G:\Group_Windt132k\Shared\MarylandCare\2026.06.30\Work\GL Recon\GL Extracts\MCIMPC.xlsx" 
"2026-07-08 23:00:00","WINDT142K3","68405220","RKUMAR3","Windows","0","Write + Read","G:\Group_Windt132k\Shared\ANICO\Derivatives CLewis\6.30.2026\Work (Month End)\GL Recon\ANICO Options PGAAP Recon 6.30.26 Includes Reports - Work_RK.xlsx" 
"2026-07-08 23:00:00","WINDT142K3","68405284","DBETTERS","Windows","0","Read","G:\Group_Windt132k\Shared\MarylandCare\2026.06.30\Work\GL Recon\GL Extracts\MCIMPC.xlsx" 
"2026-07-08 23:00:00","WINDT142K3","68405287","DBETTERS","Windows","0","Write + Read","G:\Group_Windt132k\Shared\MarylandCare\2026.06.30\Sent to MLC\MCIMPC.xlsx" 
"2026-07-08 23:00:00","WINDT142K3","68405288","DBETTERS","Windows","0","Read","G:\Group_Windt132k\Shared\MarylandCare\2026.06.30\Sent to MLC\MCMI.xlsx" 
"2026-07-09 00:00:00",INFO: The system global flag 'maintain objects list' needs 
"2026-07-09 00:00:00",      to be enabled to see local opened files. 
"2026-07-09 00:00:00",      See Openfiles /? for more information. 
"2026-07-09 00:00:00",Files opened remotely via local share points: 
"2026-07-09 00:00:00",--------------------------------------------- 
"2026-07-09 00:00:00","Hostname","ID","Accessed By","Type","#Locks","Open Mode","Open File (Path\executable)" 
"2026-07-09 00:00:00","WINDT142K3","6","N/A","Windows","0","Write + Read","\PIPE\EVENTLOG" 
"2026-07-09 00:00:00","WINDT142K3","68390899","MPARLAPI","Windows","0","Read","G:\Group_Windt132k\Shared\MarylandCare\2026.06.30\Controls" 
"2026-07-09 00:00:00","WINDT142K3","68390901","MPARLAPI","Windows","0","Read","G:\Group_Windt132k\Shared\MarylandCare\2026.06.30\Controls" 
"2026-07-09 00:00:00","WINDT142K3","68390903","MPARLAPI","Windows","0","Read","G:\Group_Windt132k" 
"2026-07-09 00:00:00","WINDT142K3","68390904","MPARLAPI","Windows","0","Read","G:\Group_Windt132k" 
"2026-07-09 00:00:00","WINDT142K3","68393306","RKUMAR3","Windows","0","Write + Read","G:\Group_Windt132k\Shared\ANICO\Derivatives CLewis\6.30.2026\Work (Month End)\GL Recon\~$ANICO Options PGAAP Recon 6.30.26 Includes Reports - Work_RK.xlsx" 
"2026-07-09 00:00:00","WINDT142K3","68399285","RKUMAR3","Windows","0","Read","G:\Group_Windt132k\Shared\ANICO\Derivatives CLewis\3.31.2026\Work_Month End\GL Recon" 
"2026-07-09 00:00:00","WINDT142K3","68399286","RKUMAR3","Windows","0","Read","G:\Group_Windt132k\Shared\ANICO\Derivatives CLewis\3.31.2026\Work_Month End\GL Recon" 
"2026-07-09 00:00:00","WINDT142K3","68399795","RKUMAR3","Windows","0","Write + Read","G:\Group_Windt132k\Shared\ANICO\Derivatives CLewis\3.31.2026\Work_Month End\GL Recon\ANICO Options PGAAP Recon 3.31.26 includes reports - (Work).xlsx" 
"2026-07-09 00:00:00","WINDT142K3","68399799","RKUMAR3","Windows","0","Write + Read","G:\Group_Windt132k\Shared\ANICO\Derivatives CLewis\3.31.2026\Work_Month End\GL Recon\~$ANICO Options PGAAP Recon 3.31.26 includes reports - (Work).xlsx" 
"2026-07-09 00:00:00","WINDT142K3","68406397","RKUMAR3","Windows","0","Write + Read","G:\Group_Windt132k\Shared\ANICO\Derivatives CLewis\6.30.2026\ANICO Options Mth End Procedures June 2026.xlsx" 
"2026-07-09 00:00:00","WINDT142K3","68406438","RKUMAR3","Windows","0","Write + Read","G:\Group_Windt132k\Shared\ANICO\Derivatives CLewis\6.30.2026\Work (Month End)\GL Recon\ANICO Options PGAAP Recon 6.30.26 Includes Reports - Work_RK.xlsx" 
"2026-07-09 00:00:00","WINDT142K3","68406458","RKUMAR3","Windows","0","Read","G:\Group_Windt132k\Shared\ANICO\Derivatives CLewis\6.30.2026\Work (Month End)\Reports\PGAAP" 
"2026-07-09 00:00:00","WINDT142K3","68406459","RKUMAR3","Windows","0","Read","G:\Group_Windt132k\Shared\ANICO\Derivatives CLewis\6.30.2026\Work (Month End)\Reports\PGAAP" 
"2026-07-09 00:00:00","WINDT142K3","68406581","RKUMAR3","Windows","3","Write + Read","G:\Group_Windt132k\Shared\ANICO\Derivatives CLewis\6.30.2026\Work (Month End)\Reports\PGAAP\Derivative Transactions (PGAAP) MTD June 2026.xls" 
"2026-07-09 01:00:00",INFO: The system global flag 'maintain objects list' needs 
"2026-07-09 01:00:00",      to be enabled to see local opened files. 
"2026-07-09 01:00:00",      See Openfiles /? for more information. 
"2026-07-09 01:00:00",Files opened remotely via local share points: 
"2026-07-09 01:00:00",--------------------------------------------- 
"2026-07-09 01:00:00","Hostname","ID","Accessed By","Type","#Locks","Open Mode","Open File (Path\executable)" 
"2026-07-09 01:00:00","WINDT142K3","6","N/A","Windows","0","Write + Read","\PIPE\EVENTLOG" 
"2026-07-09 01:00:00","WINDT142K3","68390899","MPARLAPI","Windows","0","Read","G:\Group_Windt132k\Shared\MarylandCare\2026.06.30\Controls" 
"2026-07-09 01:00:00","WINDT142K3","68390901","MPARLAPI","Windows","0","Read","G:\Group_Windt132k\Shared\MarylandCare\2026.06.30\Controls" 
"2026-07-09 01:00:00","WINDT142K3","68390903","MPARLAPI","Windows","0","Read","G:\Group_Windt132k" 
"2026-07-09 01:00:00","WINDT142K3","68390904","MPARLAPI","Windows","0","Read","G:\Group_Windt132k" 
"2026-07-09 01:00:00","WINDT142K3","68399285","RKUMAR3","Windows","0","Read","G:\Group_Windt132k\Shared\ANICO\Derivatives CLewis\3.31.2026\Work_Month End\GL Recon" 
"2026-07-09 01:00:00","WINDT142K3","68399286","RKUMAR3","Windows","0","Read","G:\Group_Windt132k\Shared\ANICO\Derivatives CLewis\3.31.2026\Work_Month End\GL Recon" 
"2026-07-09 02:00:00",INFO: The system global flag 'maintain objects list' needs 
"2026-07-09 02:00:00",      to be enabled to see local opened files. 
"2026-07-09 02:00:00",      See Openfiles /? for more information. 
"2026-07-09 02:00:00",Files opened remotely via local share points: 
"2026-07-09 02:00:00",--------------------------------------------- 
"2026-07-09 02:00:00","Hostname","ID","Accessed By","Type","#Locks","Open Mode","Open File (Path\executable)" 
"2026-07-09 02:00:00","WINDT142K3","6","N/A","Windows","0","Write + Read","\PIPE\EVENTLOG" 
"2026-07-09 02:00:00","WINDT142K3","68390899","MPARLAPI","Windows","0","Read","G:\Group_Windt132k\Shared\MarylandCare\2026.06.30\Controls" 
"2026-07-09 02:00:00","WINDT142K3","68390901","MPARLAPI","Windows","0","Read","G:\Group_Windt132k\Shared\MarylandCare\2026.06.30\Controls" 
"2026-07-09 02:00:00","WINDT142K3","68390903","MPARLAPI","Windows","0","Read","G:\Group_Windt132k" 
"2026-07-09 02:00:00","WINDT142K3","68390904","MPARLAPI","Windows","0","Read","G:\Group_Windt132k" 
"2026-07-09 02:00:00","WINDT142K3","68399285","RKUMAR3","Windows","0","Read","G:\Group_Windt132k\Shared\ANICO\Derivatives CLewis\3.31.2026\Work_Month End\GL Recon" 
"2026-07-09 02:00:00","WINDT142K3","68399286","RKUMAR3","Windows","0","Read","G:\Group_Windt132k\Shared\ANICO\Derivatives CLewis\3.31.2026\Work_Month End\GL Recon" 
"2026-07-09 03:00:00",INFO: The system global flag 'maintain objects list' needs 
"2026-07-09 03:00:00",      to be enabled to see local opened files. 
"2026-07-09 03:00:00",      See Openfiles /? for more information. 
"2026-07-09 03:00:00",Files opened remotely via local share points: 
"2026-07-09 03:00:00",--------------------------------------------- 
"2026-07-09 03:00:00","Hostname","ID","Accessed By","Type","#Locks","Open Mode","Open File (Path\executable)" 
"2026-07-09 03:00:00","WINDT142K3","6","N/A","Windows","0","Write + Read","\PIPE\EVENTLOG" 
"2026-07-09 03:00:00","WINDT142K3","68390899","MPARLAPI","Windows","0","Read","G:\Group_Windt132k\Shared\MarylandCare\2026.06.30\Controls" 
"2026-07-09 03:00:00","WINDT142K3","68390901","MPARLAPI","Windows","0","Read","G:\Group_Windt132k\Shared\MarylandCare\2026.06.30\Controls" 
"2026-07-09 03:00:00","WINDT142K3","68390903","MPARLAPI","Windows","0","Read","G:\Group_Windt132k" 
"2026-07-09 03:00:00","WINDT142K3","68390904","MPARLAPI","Windows","0","Read","G:\Group_Windt132k" 
"2026-07-09 03:00:00","WINDT142K3","68399285","RKUMAR3","Windows","0","Read","G:\Group_Windt132k\Shared\ANICO\Derivatives CLewis\3.31.2026\Work_Month End\GL Recon" 
"2026-07-09 03:00:00","WINDT142K3","68399286","RKUMAR3","Windows","0","Read","G:\Group_Windt132k\Shared\ANICO\Derivatives CLewis\3.31.2026\Work_Month End\GL Recon" 
"2026-07-09 04:00:00",INFO: The system global flag 'maintain objects list' needs 
"2026-07-09 04:00:00",      to be enabled to see local opened files. 
"2026-07-09 04:00:00",      See Openfiles /? for more information. 
"2026-07-09 04:00:00",Files opened remotely via local share points: 
"2026-07-09 04:00:00",--------------------------------------------- 
"2026-07-09 04:00:00","Hostname","ID","Accessed By","Type","#Locks","Open Mode","Open File (Path\executable)" 
"2026-07-09 04:00:00","WINDT142K3","6","N/A","Windows","0","Write + Read","\PIPE\EVENTLOG" 
"2026-07-09 04:00:00","WINDT142K3","68390899","MPARLAPI","Windows","0","Read","G:\Group_Windt132k\Shared\MarylandCare\2026.06.30\Controls" 
"2026-07-09 04:00:00","WINDT142K3","68390901","MPARLAPI","Windows","0","Read","G:\Group_Windt132k\Shared\MarylandCare\2026.06.30\Controls" 
"2026-07-09 04:00:00","WINDT142K3","68390903","MPARLAPI","Windows","0","Read","G:\Group_Windt132k" 
"2026-07-09 04:00:00","WINDT142K3","68390904","MPARLAPI","Windows","0","Read","G:\Group_Windt132k" 
"2026-07-09 04:00:00","WINDT142K3","68399285","RKUMAR3","Windows","0","Read","G:\Group_Windt132k\Shared\ANICO\Derivatives CLewis\3.31.2026\Work_Month End\GL Recon" 
"2026-07-09 04:00:00","WINDT142K3","68399286","RKUMAR3","Windows","0","Read","G:\Group_Windt132k\Shared\ANICO\Derivatives CLewis\3.31.2026\Work_Month End\GL Recon" 
"2026-07-09 05:00:00",INFO: The system global flag 'maintain objects list' needs 
"2026-07-09 05:00:00",      to be enabled to see local opened files. 
"2026-07-09 05:00:00",      See Openfiles /? for more information. 
"2026-07-09 05:00:00",Files opened remotely via local share points: 
"2026-07-09 05:00:00",--------------------------------------------- 
"2026-07-09 05:00:00","Hostname","ID","Accessed By","Type","#Locks","Open Mode","Open File (Path\executable)" 
"2026-07-09 05:00:00","WINDT142K3","6","N/A","Windows","0","Write + Read","\PIPE\EVENTLOG" 
"2026-07-09 05:00:00","WINDT142K3","68390899","MPARLAPI","Windows","0","Read","G:\Group_Windt132k\Shared\MarylandCare\2026.06.30\Controls" 
"2026-07-09 05:00:00","WINDT142K3","68390901","MPARLAPI","Windows","0","Read","G:\Group_Windt132k\Shared\MarylandCare\2026.06.30\Controls" 
"2026-07-09 05:00:00","WINDT142K3","68390903","MPARLAPI","Windows","0","Read","G:\Group_Windt132k" 
"2026-07-09 05:00:00","WINDT142K3","68390904","MPARLAPI","Windows","0","Read","G:\Group_Windt132k" 
"2026-07-09 05:00:00","WINDT142K3","68399285","RKUMAR3","Windows","0","Read","G:\Group_Windt132k\Shared\ANICO\Derivatives CLewis\3.31.2026\Work_Month End\GL Recon" 
"2026-07-09 05:00:00","WINDT142K3","68399286","RKUMAR3","Windows","0","Read","G:\Group_Windt132k\Shared\ANICO\Derivatives CLewis\3.31.2026\Work_Month End\GL Recon" 
"2026-07-09 06:00:00",INFO: The system global flag 'maintain objects list' needs 
"2026-07-09 06:00:00",      to be enabled to see local opened files. 
"2026-07-09 06:00:00",      See Openfiles /? for more information. 
"2026-07-09 06:00:00",Files opened remotely via local share points: 
"2026-07-09 06:00:00",--------------------------------------------- 
"2026-07-09 06:00:00","Hostname","ID","Accessed By","Type","#Locks","Open Mode","Open File (Path\executable)" 
"2026-07-09 06:00:00","WINDT142K3","6","N/A","Windows","0","Write + Read","\PIPE\EVENTLOG" 
"2026-07-09 06:00:00","WINDT142K3","68390899","MPARLAPI","Windows","0","Read","G:\Group_Windt132k\Shared\MarylandCare\2026.06.30\Controls" 
"2026-07-09 06:00:00","WINDT142K3","68390901","MPARLAPI","Windows","0","Read","G:\Group_Windt132k\Shared\MarylandCare\2026.06.30\Controls" 
"2026-07-09 06:00:00","WINDT142K3","68390903","MPARLAPI","Windows","0","Read","G:\Group_Windt132k" 
"2026-07-09 06:00:00","WINDT142K3","68390904","MPARLAPI","Windows","0","Read","G:\Group_Windt132k" 
"2026-07-09 06:00:00","WINDT142K3","68399285","RKUMAR3","Windows","0","Read","G:\Group_Windt132k\Shared\ANICO\Derivatives CLewis\3.31.2026\Work_Month End\GL Recon" 
"2026-07-09 06:00:00","WINDT142K3","68399286","RKUMAR3","Windows","0","Read","G:\Group_Windt132k\Shared\ANICO\Derivatives CLewis\3.31.2026\Work_Month End\GL Recon" 
"2026-07-09 07:00:00",INFO: The system global flag 'maintain objects list' needs 
"2026-07-09 07:00:00",      to be enabled to see local opened files. 
"2026-07-09 07:00:00",      See Openfiles /? for more information. 
"2026-07-09 07:00:00",Files opened remotely via local share points: 
"2026-07-09 07:00:00",--------------------------------------------- 
"2026-07-09 07:00:00","Hostname","ID","Accessed By","Type","#Locks","Open Mode","Open File (Path\executable)" 
"2026-07-09 07:00:00","WINDT142K3","6","N/A","Windows","0","Write + Read","\PIPE\EVENTLOG" 
"2026-07-09 07:00:00","WINDT142K3","68390899","MPARLAPI","Windows","0","Read","G:\Group_Windt132k\Shared\MarylandCare\2026.06.30\Controls" 
"2026-07-09 07:00:00","WINDT142K3","68390901","MPARLAPI","Windows","0","Read","G:\Group_Windt132k\Shared\MarylandCare\2026.06.30\Controls" 
"2026-07-09 07:00:00","WINDT142K3","68390903","MPARLAPI","Windows","0","Read","G:\Group_Windt132k" 
"2026-07-09 07:00:00","WINDT142K3","68390904","MPARLAPI","Windows","0","Read","G:\Group_Windt132k" 
"2026-07-09 07:00:00","WINDT142K3","68399285","RKUMAR3","Windows","0","Read","G:\Group_Windt132k\Shared\ANICO\Derivatives CLewis\3.31.2026\Work_Month End\GL Recon" 
"2026-07-09 07:00:00","WINDT142K3","68399286","RKUMAR3","Windows","0","Read","G:\Group_Windt132k\Shared\ANICO\Derivatives CLewis\3.31.2026\Work_Month End\GL Recon" 
"2026-07-09 08:00:00",INFO: The system global flag 'maintain objects list' needs 
"2026-07-09 08:00:00",      to be enabled to see local opened files. 
"2026-07-09 08:00:00",      See Openfiles /? for more information. 
"2026-07-09 08:00:00",Files opened remotely via local share points: 
"2026-07-09 08:00:00",--------------------------------------------- 
"2026-07-09 08:00:00","Hostname","ID","Accessed By","Type","#Locks","Open Mode","Open File (Path\executable)" 
"2026-07-09 08:00:00","WINDT142K3","6","N/A","Windows","0","Write + Read","\PIPE\EVENTLOG" 
"2026-07-09 08:00:00","WINDT142K3","68390899","MPARLAPI","Windows","0","Read","G:\Group_Windt132k\Shared\MarylandCare\2026.06.30\Controls" 
"2026-07-09 08:00:00","WINDT142K3","68390901","MPARLAPI","Windows","0","Read","G:\Group_Windt132k\Shared\MarylandCare\2026.06.30\Controls" 
"2026-07-09 08:00:00","WINDT142K3","68390903","MPARLAPI","Windows","0","Read","G:\Group_Windt132k" 
"2026-07-09 08:00:00","WINDT142K3","68390904","MPARLAPI","Windows","0","Read","G:\Group_Windt132k" 
"2026-07-09 08:00:00","WINDT142K3","68399285","RKUMAR3","Windows","0","Read","G:\Group_Windt132k\Shared\ANICO\Derivatives CLewis\3.31.2026\Work_Month End\GL Recon" 
"2026-07-09 08:00:00","WINDT142K3","68399286","RKUMAR3","Windows","0","Read","G:\Group_Windt132k\Shared\ANICO\Derivatives CLewis\3.31.2026\Work_Month End\GL Recon" 
"2026-07-09 08:00:00","WINDT142K3","68408293","MMCMANUS","Windows","0","Write + Read","G:\Group_Windt132k\Shared\REIT Team\SG Capital\Monthly Report\2026\MoO\06.30.26\EOM\SGCAP Final PnL and Recon 6.30.2026 U Fund Working.xlsx" 
"2026-07-09 08:00:00","WINDT142K3","68408298","MMCMANUS","Windows","0","Write + Read","G:\Group_Windt132k\Shared\REIT Team\SG Capital\Monthly Report\2026\MoO\06.30.26\EOM\~$SGCAP Final PnL and Recon 6.30.2026 U Fund Working.xlsx" 
"2026-07-09 08:00:00","WINDT142K3","68408789","MMCMANUS","Windows","0","Write + Read","G:\Group_Windt132k\Shared\REIT Team\SG Capital\Monthly Report\2026\MoO\06.30.26\Prelim\SGCAP Prelim PnL and Recon 6.30.2026 U Fund Working.xlsx" 
"2026-07-09 08:00:00","WINDT142K3","68408952","MMCMANUS","Windows","0","Write + Read","G:\Group_Windt132k\Shared\REIT Team\SG Capital\Monthly Report\2026\MoO\06.30.26\Prelim\~$SGCAP Prelim PnL and Recon 6.30.2026 U Fund Working.xlsx" 
"2026-07-09 08:00:00","WINDT142K3","68409264","MMCMANUS","Windows","0","Read","G:\Group_Windt132k\Shared\REIT Team\SG Capital\Monthly Report\2026\MoO\06.30.26\EOM" 
"2026-07-09 08:00:00","WINDT142K3","68409266","MMCMANUS","Windows","0","Read","G:\Group_Windt132k\Shared\REIT Team\SG Capital\Monthly Report\2026\MoO\06.30.26\EOM" 
"2026-07-09 08:00:00","WINDT142K3","68409268","MMCMANUS","Windows","0","Read","G:\Group_Windt132k\Shared\REIT Team\SG Capital\Monthly Report\2026\MoO\06.30.26\EOM\Int Accrued Break MoO June.xlsx" 
"2026-07-09 09:00:00",INFO: The system global flag 'maintain objects list' needs 
"2026-07-09 09:00:00",      to be enabled to see local opened files. 
"2026-07-09 09:00:00",      See Openfiles /? for more information. 
"2026-07-09 09:00:00",Files opened remotely via local share points: 
"2026-07-09 09:00:00",--------------------------------------------- 
"2026-07-09 09:00:00","Hostname","ID","Accessed By","Type","#Locks","Open Mode","Open File (Path\executable)" 
"2026-07-09 09:00:00","WINDT142K3","6","N/A","Windows","0","Write + Read","\PIPE\EVENTLOG" 
"2026-07-09 09:00:00","WINDT142K3","68411008","JCACCAVA","Windows","0","Write + Read","G:\Group_Windt132k\Shared\REIT Team\SG Capital\Monthly Report\2026\MoO\06.30.26\Prelim\SGCAP Prelim PnL and Recon 6.30.2026 U Fund Client V2.xlsx" 
"2026-07-09 09:00:00","WINDT142K3","68411012","JCACCAVA","Windows","0","Write + Read","G:\Group_Windt132k\Shared\REIT Team\SG Capital\Monthly Report\2026\MoO\06.30.26\Prelim\~$SGCAP Prelim PnL and Recon 6.30.2026 U Fund Client V2.xlsx" 
"2026-07-09 09:00:00","WINDT142K3","68412093","BMCADOO","Windows","0","Read","G:\Group_Windt132k\Shared\reports\alico\Billing\MAY26" 
"2026-07-09 09:00:00","WINDT142K3","68412096","BMCADOO","Windows","0","Read","G:\Group_Windt132k\Shared\reports\alico\Billing\MAY26" 
"2026-07-09 09:00:00","WINDT142K3","68412153","BMCADOO","Windows","0","Write + Read","G:\Group_Windt132k\Shared\reports\alico\Billing\MAY26\~$ALICO MAY26 MV BV.xlsx" 
"2026-07-09 09:00:00","WINDT142K3","68412364","RKUMAR3","Windows","0","Write + Read","G:\Group_Windt132k\Shared\ANICO\Derivatives CLewis\6.30.2026\ANICO Options Mth End Procedures June 2026.xlsx" 
"2026-07-09 09:00:00","WINDT142K3","68412368","RKUMAR3","Windows","0","Write + Read","G:\Group_Windt132k\Shared\ANICO\Derivatives CLewis\6.30.2026\~$ANICO Options Mth End Procedures June 2026.xlsx" 
"2026-07-09 09:00:00","WINDT142K3","68412381","MMCMANUS","Windows","0","Read","G:\Group_Windt132k\Shared\REIT Team\SG Capital\Monthly Report\2026\MoO\06.30.26\Remit\Additional Cash Movement" 
"2026-07-09 09:00:00","WINDT142K3","68412382","MMCMANUS","Windows","0","Read","G:\Group_Windt132k\Shared\REIT Team\SG Capital\Monthly Report\2026\MoO\06.30.26\Remit\Additional Cash Movement" 
"2026-07-09 09:00:00","WINDT142K3","68412383","RKUMAR3","Windows","0","Write + Read","G:\Group_Windt132k\Shared\ANICO\Derivatives CLewis\6.30.2026\Work (Month End)\GL Recon\ANICO Options PGAAP Recon 6.30.26 Includes Reports - Work_RK.xlsx" 
"2026-07-09 09:00:00","WINDT142K3","68412386","RKUMAR3","Windows","0","Write + Read","G:\Group_Windt132k\Shared\ANICO\Derivatives CLewis\6.30.2026\Work (Month End)\GL Recon\~$ANICO Options PGAAP Recon 6.30.26 Includes Reports - Work_RK.xlsx" 
"2026-07-09 09:00:00","WINDT142K3","68412529","RKUMAR3","Windows","0","Write + Read","G:\Group_Windt132k\Shared\ANICO\Derivatives CLewis\6.30.2026\Work (Month End)\GL Recon\ANICO Options STAT Recon 6.30.26 - Work.xlsx" 
"2026-07-09 09:00:00","WINDT142K3","68412532","RKUMAR3","Windows","0","Write + Read","G:\Group_Windt132k\Shared\ANICO\Derivatives CLewis\6.30.2026\Work (Month End)\GL Recon\~$ANICO Options STAT Recon 6.30.26 - Work.xlsx" 
"2026-07-09 09:00:00","WINDT142K3","68412618","BMCADOO","Windows","0","Write + Read","G:\Group_Windt132k\Shared\reports\alico\Billing\MAY26\ALICO MAY26 MV BV.xlsx" 
"2026-07-09 09:00:00","WINDT142K3","68412641","JCACCAVA","Windows","0","Read","G:\Group_Windt132k\Shared\REIT Team\SG Capital\Monthly Report\2026\MoO\06.30.26\Prelim" 
"2026-07-09 09:00:00","WINDT142K3","68412644","JCACCAVA","Windows","0","Read","G:\Group_Windt132k\Shared\REIT Team\SG Capital\Monthly Report\2026\MoO\06.30.26\Prelim" 
"2026-07-09 09:00:00","WINDT142K3","68412814","RKUMAR3","Windows","0","Read","G:\Group_Windt132k\Shared\ANICO\Derivatives CLewis\6.30.2026\Work (Month End)\GL Recon" 
"2026-07-09 09:00:00","WINDT142K3","68412815","RKUMAR3","Windows","0","Read","G:\Group_Windt132k\Shared\ANICO\Derivatives CLewis\6.30.2026\Work (Month End)\GL Recon" 
"2026-07-09 09:00:00","WINDT142K3","68412933","RKUMAR3","Windows","0","Read","G:\Group_Windt132k\Shared\ANICO\Derivatives CLewis\5.31.2026\Work (Month End)\GL Recon" 
"2026-07-09 09:00:00","WINDT142K3","68412934","RKUMAR3","Windows","0","Read","G:\Group_Windt132k\Shared\ANICO\Derivatives CLewis\5.31.2026\Work (Month End)\GL Recon" 
"2026-07-09 09:00:00","WINDT142K3","68412937","RKUMAR3","Windows","3","Write + Read","G:\Group_Windt132k\Shared\ANICO\Derivatives CLewis\6.30.2026\Work (Month End)\Valuations\Derivative Holdings (STAT) 06-30-26 - Daily Used for MV Calc.xls" 
"2026-07-09 09:00:00","WINDT142K3","68413591","RKUMAR3","Windows","0","Write + Read","G:\Group_Windt132k\Shared\ANICO\Derivatives CLewis\5.31.2026\Work (Month End)\GL Recon\ANICO Options STAT Recon 5.31.26 - Final - Work.xlsx" 
"2026-07-09 09:00:00","WINDT142K3","68413594","RKUMAR3","Windows","0","Write + Read","G:\Group_Windt132k\Shared\ANICO\Derivatives CLewis\5.31.2026\Work (Month End)\GL Recon\~$ANICO Options STAT Recon 5.31.26 - Final - Work.xlsx" 
"2026-07-09 09:00:00","WINDT142K3","68413710","DBETTERS","Windows","0","Read","G:\Group_Windt132k\Shared\MarylandCare\2026.06.30\Sent to MLC" 
"2026-07-09 09:00:00","WINDT142K3","68413711","DBETTERS","Windows","0","Read","G:\Group_Windt132k\Shared\MarylandCare\2026.06.30\Sent to MLC" 
"2026-07-09 09:00:00","WINDT142K3","68413733","DBETTERS","Windows","0","Write + Read","G:\Group_Windt132k\Shared\MarylandCare\2026.06.30\Sent to MLC\MCI_MPC GL Recon GAAP 06.30.26.xlsm" 
"2026-07-09 09:00:00","WINDT142K3","68413744","DBETTERS","Windows","0","Write + Read","G:\Group_Windt132k\Shared\MarylandCare\2026.06.30\Sent to MLC\~$MCI_MPC GL Recon GAAP 06.30.26.xlsm" 
"2026-07-09 10:00:00",INFO: The system global flag 'maintain objects list' needs 
"2026-07-09 10:00:00",      to be enabled to see local opened files. 
"2026-07-09 10:00:00",      See Openfiles /? for more information. 
"2026-07-09 10:00:00",Files opened remotely via local share points: 
"2026-07-09 10:00:00",--------------------------------------------- 
"2026-07-09 10:00:00","Hostname","ID","Accessed By","Type","#Locks","Open Mode","Open File (Path\executable)" 
"2026-07-09 10:00:00","WINDT142K3","6","N/A","Windows","0","Write + Read","\PIPE\EVENTLOG" 
"2026-07-09 10:00:00","WINDT142K3","68413733","DBETTERS","Windows","0","Write + Read","G:\Group_Windt132k\Shared\MarylandCare\2026.06.30\Sent to MLC\MCI_MPC GL Recon GAAP 06.30.26.xlsm" 
"2026-07-09 10:00:00","WINDT142K3","68413744","DBETTERS","Windows","0","Write + Read","G:\Group_Windt132k\Shared\MarylandCare\2026.06.30\Sent to MLC\~$MCI_MPC GL Recon GAAP 06.30.26.xlsm" 
"2026-07-09 10:00:00","WINDT142K3","68415137","DBETTERS","Windows","0","Read","G:\Group_Windt132k\Shared\MarylandCare\2025\2025.12.31\Work\GL Recon" 
"2026-07-09 10:00:00","WINDT142K3","68415138","DBETTERS","Windows","0","Read","G:\Group_Windt132k\Shared\MarylandCare\2025\2025.12.31\Work\GL Recon" 
"2026-07-09 10:00:00","WINDT142K3","68415637","WEI.JIANG","Windows","0","Read","G:\Group_Windt132k\shared\REIT Team\Rompsen\Loans" 
"2026-07-09 10:00:00","WINDT142K3","68415638","WEI.JIANG","Windows","0","Read","G:\Group_Windt132k\shared\REIT Team\Rompsen\Loans" 
"2026-07-09 10:00:00","WINDT142K3","68415639","WEI.JIANG","Windows","0","Read","G:\Group_Windt132k\shared\REIT Team\Rompsen" 
"2026-07-09 10:00:00","WINDT142K3","68415640","WEI.JIANG","Windows","0","Read","G:\Group_Windt132k\shared\REIT Team\Rompsen" 
"2026-07-09 10:00:00","WINDT142K3","68415641","WEI.JIANG","Windows","0","Read","G:\Group_Windt132k\shared\REIT Team\Romspen CAD Shadow" 
"2026-07-09 10:00:00","WINDT142K3","68415642","WEI.JIANG","Windows","0","Read","G:\Group_Windt132k\shared\REIT Team\Romspen CAD Shadow" 
"2026-07-09 10:00:00","WINDT142K3","68415643","WEI.JIANG","Windows","0","Read","G:\Group_Windt132k\shared\REIT Team" 
"2026-07-09 10:00:00","WINDT142K3","68415644","WEI.JIANG","Windows","0","Read","G:\Group_Windt132k\shared\REIT Team" 
"2026-07-09 10:00:00","WINDT142K3","68415645","WEI.JIANG","Windows","0","Read","G:\Group_Windt132k\shared\REIT Team\Post Road" 
"2026-07-09 10:00:00","WINDT142K3","68415646","WEI.JIANG","Windows","0","Read","G:\Group_Windt132k\shared\REIT Team\Post Road" 
"2026-07-09 10:00:00","WINDT142K3","68415647","WEI.JIANG","Windows","0","Read","G:\Group_Windt132k\shared\REIT Team\Valley National Bank\Syndication Loan" 
"2026-07-09 10:00:00","WINDT142K3","68415648","WEI.JIANG","Windows","0","Read","G:\Group_Windt132k\shared\REIT Team\Valley National Bank\Syndication Loan" 
"2026-07-09 10:00:00","WINDT142K3","68415649","WEI.JIANG","Windows","0","Read","G:\Group_Windt132k\shared\REIT Team\Valley National Bank\Synd Bought Loan" 
"2026-07-09 10:00:00","WINDT142K3","68415650","WEI.JIANG","Windows","0","Read","G:\Group_Windt132k\shared\REIT Team\Valley National Bank\Synd Bought Loan" 
"2026-07-09 10:00:00","WINDT142K3","68415651","WEI.JIANG","Windows","0","Read","G:\Group_Windt132k\shared\REIT Team\Valley National Bank\Participation Sold Loan" 
"2026-07-09 10:00:00","WINDT142K3","68415652","WEI.JIANG","Windows","0","Read","G:\Group_Windt132k\shared\REIT Team\Valley National Bank\Participation Sold Loan" 
"2026-07-09 10:00:00","WINDT142K3","68415653","WEI.JIANG","Windows","0","Read","G:\Group_Windt132k\shared\REIT Team\Valley National Bank" 
"2026-07-09 10:00:00","WINDT142K3","68415654","WEI.JIANG","Windows","0","Read","G:\Group_Windt132k\shared\REIT Team\Valley National Bank" 
"2026-07-09 10:00:00","WINDT142K3","68415655","WEI.JIANG","Windows","0","Read","G:\Group_Windt132k\shared\REIT Team\Peachtree\Cadence Bank Transactions" 
"2026-07-09 10:00:00","WINDT142K3","68415656","WEI.JIANG","Windows","0","Read","G:\Group_Windt132k\shared\REIT Team\Peachtree\Cadence Bank Transactions" 
"2026-07-09 10:00:00","WINDT142K3","68415657","WEI.JIANG","Windows","0","Read","G:\Group_Windt132k\shared\REIT Team\Peachtree\PCFIV" 
"2026-07-09 10:00:00","WINDT142K3","68415658","WEI.JIANG","Windows","0","Read","G:\Group_Windt132k\shared\REIT Team\Peachtree\PCFIV" 
"2026-07-09 10:00:00","WINDT142K3","68415659","WEI.JIANG","Windows","0","Read","G:\Group_Windt132k\shared\REIT Team\Peachtree\Non Fund (NF) - Loans in PDOF" 
"2026-07-09 10:00:00","WINDT142K3","68415660","WEI.JIANG","Windows","0","Read","G:\Group_Windt132k\shared\REIT Team\Peachtree\Non Fund (NF) - Loans in PDOF" 
"2026-07-09 10:00:00","WINDT142K3","68415661","WEI.JIANG","Windows","0","Read","G:\Group_Windt132k\shared\REIT Team\Peachtree\PSOF\Billing Statement" 
"2026-07-09 10:00:00","WINDT142K3","68415662","WEI.JIANG","Windows","0","Read","G:\Group_Windt132k\shared\REIT Team\Peachtree\PSOF\Billing Statement" 
"2026-07-09 10:00:00","WINDT142K3","68415663","WEI.JIANG","Windows","0","Read","G:\Group_Windt132k\shared\REIT Team\Peachtree\PSOF" 
"2026-07-09 10:00:00","WINDT142K3","68415664","WEI.JIANG","Windows","0","Read","G:\Group_Windt132k\shared\REIT Team\Peachtree\PSOF" 
"2026-07-09 10:00:00","WINDT142K3","68415665","WEI.JIANG","Windows","0","Read","G:\Group_Windt132k\shared\REIT Team\Peachtree\PDOF\Billing Statements" 
"2026-07-09 10:00:00","WINDT142K3","68415666","WEI.JIANG","Windows","0","Read","G:\Group_Windt132k\shared\REIT Team\Peachtree\PDOF\Billing Statements" 
"2026-07-09 10:00:00","WINDT142K3","68415667","WEI.JIANG","Windows","0","Read","G:\Group_Windt132k\shared\REIT Team\Peachtree\PDOF" 
"2026-07-09 10:00:00","WINDT142K3","68415668","WEI.JIANG","Windows","0","Read","G:\Group_Windt132k\shared\REIT Team\Peachtree\PDOF" 
"2026-07-09 10:00:00","WINDT142K3","68415669","WEI.JIANG","Windows","0","Read","G:\Group_Windt132k\shared\REIT Team\Peachtree\FUND III" 
"2026-07-09 10:00:00","WINDT142K3","68415670","WEI.JIANG","Windows","0","Read","G:\Group_Windt132k\shared\REIT Team\Peachtree\FUND III" 
"2026-07-09 10:00:00","WINDT142K3","68415671","WEI.JIANG","Windows","0","Read","G:\Group_Windt132k\shared\REIT Team\Peachtree\FUND II" 
"2026-07-09 10:00:00","WINDT142K3","68415672","WEI.JIANG","Windows","0","Read","G:\Group_Windt132k\shared\REIT Team\Peachtree\FUND II" 
"2026-07-09 10:00:00","WINDT142K3","68415673","WEI.JIANG","Windows","0","Read","G:\Group_Windt132k\shared\REIT Team\Peachtree" 
"2026-07-09 10:00:00","WINDT142K3","68415674","WEI.JIANG","Windows","0","Read","G:\Group_Windt132k\shared\REIT Team\Peachtree" 
"2026-07-09 10:00:00","WINDT142K3","68415675","WEI.JIANG","Windows","0","Read","G:\Group_Windt132k\shared\REIT Team\Rompsen\WF Transactions" 
"2026-07-09 10:00:00","WINDT142K3","68415676","WEI.JIANG","Windows","0","Read","G:\Group_Windt132k\shared\REIT Team\Rompsen\WF Transactions" 
"2026-07-09 10:00:00","WINDT142K3","68415677","WEI.JIANG","Windows","0","Read","G:\Group_Windt132k\shared\REIT Team\Rompsen\Loan expense to be reimbursed by borrower" 
"2026-07-09 10:00:00","WINDT142K3","68415678","WEI.JIANG","Windows","0","Read","G:\Group_Windt132k\shared\REIT Team\Rompsen\Loan expense to be reimbursed by borrower" 
"2026-07-09 10:00:00","WINDT142K3","68415679","WEI.JIANG","Windows","0","Read","G:\Group_Windt132k\shared\REIT Team\Rompsen\Mortgage Statement" 
"2026-07-09 10:00:00","WINDT142K3","68415680","WEI.JIANG","Windows","0","Read","G:\Group_Windt132k\shared\REIT Team\Rompsen\Mortgage Statement" 
"2026-07-09 10:00:00","WINDT142K3","68415681","WEI.JIANG","Windows","0","Read","G:\Group_Windt132k\shared\REIT Team\Rompsen\Monthly Report" 
"2026-07-09 10:00:00","WINDT142K3","68415682","WEI.JIANG","Windows","0","Read","G:\Group_Windt132k\shared\REIT Team\Rompsen\Monthly Report" 
"2026-07-09 10:00:00","WINDT142K3","68416898","MMCMANUS","Windows","0","Read","G:\Group_Windt132k\Shared\REIT Team\SG Capital\Monthly Report\2026\G1001\06.30.26\EOM" 
"2026-07-09 10:00:00","WINDT142K3","68416899","MMCMANUS","Windows","0","Read","G:\Group_Windt132k\Shared\REIT Team\SG Capital\Monthly Report\2026\G1001\06.30.26\EOM" 
"2026-07-09 10:00:00","WINDT142K3","68416935","MMCMANUS","Windows","0","Write + Read","G:\Group_Windt132k\Shared\REIT Team\SG Capital\Monthly Report\2026\G1001\06.30.26\EOM\~$SGCAP Final PnL and Recon 6.30.2026 G1001 Fund Working.xlsx" 
"2026-07-09 10:00:00","WINDT142K3","68417532","JCACCAVA","Windows","0","Read","G:\Group_Windt132k\Shared\REIT Team\Saluda Grade\Loan Servicing\2026\06 June 2026\Sale" 
"2026-07-09 10:00:00","WINDT142K3","68417533","JCACCAVA","Windows","0","Read","G:\Group_Windt132k\Shared\REIT Team\Saluda Grade\Loan Servicing\2026\06 June 2026\Sale" 
"2026-07-09 10:00:00","WINDT142K3","68417569","TFEBLES","Windows","0","Read","G:\Group_Windt132k\Shared\REIT Team\Rompsen\Monthly Report\07.31.2026" 
"2026-07-09 10:00:00","WINDT142K3","68417570","TFEBLES","Windows","0","Read","G:\Group_Windt132k\Shared\REIT Team\Rompsen\Monthly Report\07.31.2026" 
"2026-07-09 10:00:00","WINDT142K3","68417573","RKUMAR3","Windows","0","Read","G:\Group_Windt132k\Shared\ANICO\Derivatives CLewis\3.31.2026\Work_Month End\GL Recon\Reports" 
"2026-07-09 10:00:00","WINDT142K3","68417574","RKUMAR3","Windows","0","Read","G:\Group_Windt132k\Shared\ANICO\Derivatives CLewis\3.31.2026\Work_Month End\GL Recon\Reports" 
"2026-07-09 10:00:00","WINDT142K3","68417633","RKUMAR3","Windows","3","Write + Read","G:\Group_Windt132k\Shared\ANICO\Derivatives CLewis\3.31.2026\Work_Month End\GL Recon\Reports\MarketValueProgression_QTD PGAAP.xls" 
"2026-07-09 10:00:00","WINDT142K3","68417766","MMCMANUS","Windows","0","Write + Read","G:\Group_Windt132k\Shared\REIT Team\SG Capital\Monthly Report\2026\G1001\06.30.26\EOM\SGCAP Final PnL and Recon 6.30.2026 G1001 Fund Working.xlsx" 
"2026-07-09 10:00:00","WINDT142K3","68417827","TFEBLES","Windows","0","Write + Read","G:\Group_Windt132k\Shared\REIT Team\Rompsen\Loans\8706 - 10029 Rufo Properties Portfolio 12.28.2018\Payoff\06.30.2026\Romspen_Loan_Statement_Calculation_8706_06.30.2026.xlsx" 
"2026-07-09 10:00:00","WINDT142K3","68417832","TFEBLES","Windows","0","Write + Read","G:\Group_Windt132k\Shared\REIT Team\Rompsen\Loans\8706 - 10029 Rufo Properties Portfolio 12.28.2018\Payoff\06.30.2026\~$Romspen_Loan_Statement_Calculation_8706_06.30.2026.xlsx" 
"2026-07-09 10:00:00","WINDT142K3","68417847","TFEBLES","Windows","0","Read","G:\Group_Windt132k\Shared\REIT Team\Rompsen\Loans\8706 - 10029 Rufo Properties Portfolio 12.28.2018\Payoff\12.16.2025" 
"2026-07-09 10:00:00","WINDT142K3","68417848","TFEBLES","Windows","0","Read","G:\Group_Windt132k\Shared\REIT Team\Rompsen\Loans\8706 - 10029 Rufo Properties Portfolio 12.28.2018\Payoff\12.16.2025" 
"2026-07-09 10:00:00","WINDT142K3","68417996","KZIADIE","Windows","0","Read","G:\Group_Windt132k\Shared\REIT Team\Peachtree\PCFIV\26053P4N National Dr. Apts. (Project Bella) - Los Angeles, CA\Payoff Statement" 
"2026-07-09 10:00:00","WINDT142K3","68417997","KZIADIE","Windows","0","Read","G:\Group_Windt132k\Shared\REIT Team\Peachtree\PCFIV\26053P4N National Dr. Apts. (Project Bella) - Los Angeles, CA\Payoff Statement" 
"2026-07-09 11:00:00",INFO: The system global flag 'maintain objects list' needs 
"2026-07-09 11:00:00",      to be enabled to see local opened files. 
"2026-07-09 11:00:00",      See Openfiles /? for more information. 
"2026-07-09 11:00:00",Files opened remotely via local share points: 
"2026-07-09 11:00:00",--------------------------------------------- 
"2026-07-09 11:00:00","Hostname","ID","Accessed By","Type","#Locks","Open Mode","Open File (Path\executable)" 
"2026-07-09 11:00:00","WINDT142K3","6","N/A","Windows","0","Write + Read","\PIPE\EVENTLOG" 
"2026-07-09 11:00:00","WINDT142K3","68413733","DBETTERS","Windows","0","Write + Read","G:\Group_Windt132k\Shared\MarylandCare\2026.06.30\Sent to MLC\MCI_MPC GL Recon GAAP 06.30.26.xlsm" 
"2026-07-09 11:00:00","WINDT142K3","68413744","DBETTERS","Windows","0","Write + Read","G:\Group_Windt132k\Shared\MarylandCare\2026.06.30\Sent to MLC\~$MCI_MPC GL Recon GAAP 06.30.26.xlsm" 
"2026-07-09 11:00:00","WINDT142K3","68415637","WEI.JIANG","Windows","0","Read","G:\Group_Windt132k\shared\REIT Team\Rompsen\Loans" 
"2026-07-09 11:00:00","WINDT142K3","68415638","WEI.JIANG","Windows","0","Read","G:\Group_Windt132k\shared\REIT Team\Rompsen\Loans" 
"2026-07-09 11:00:00","WINDT142K3","68415639","WEI.JIANG","Windows","0","Read","G:\Group_Windt132k\shared\REIT Team\Rompsen" 
"2026-07-09 11:00:00","WINDT142K3","68415640","WEI.JIANG","Windows","0","Read","G:\Group_Windt132k\shared\REIT Team\Rompsen" 
"2026-07-09 11:00:00","WINDT142K3","68415641","WEI.JIANG","Windows","0","Read","G:\Group_Windt132k\shared\REIT Team\Romspen CAD Shadow" 
"2026-07-09 11:00:00","WINDT142K3","68415642","WEI.JIANG","Windows","0","Read","G:\Group_Windt132k\shared\REIT Team\Romspen CAD Shadow" 
"2026-07-09 11:00:00","WINDT142K3","68415643","WEI.JIANG","Windows","0","Read","G:\Group_Windt132k\shared\REIT Team" 
"2026-07-09 11:00:00","WINDT142K3","68415644","WEI.JIANG","Windows","0","Read","G:\Group_Windt132k\shared\REIT Team" 
"2026-07-09 11:00:00","WINDT142K3","68415645","WEI.JIANG","Windows","0","Read","G:\Group_Windt132k\shared\REIT Team\Post Road" 
"2026-07-09 11:00:00","WINDT142K3","68415646","WEI.JIANG","Windows","0","Read","G:\Group_Windt132k\shared\REIT Team\Post Road" 
"2026-07-09 11:00:00","WINDT142K3","68415647","WEI.JIANG","Windows","0","Read","G:\Group_Windt132k\shared\REIT Team\Valley National Bank\Syndication Loan" 
"2026-07-09 11:00:00","WINDT142K3","68415648","WEI.JIANG","Windows","0","Read","G:\Group_Windt132k\shared\REIT Team\Valley National Bank\Syndication Loan" 
"2026-07-09 11:00:00","WINDT142K3","68415649","WEI.JIANG","Windows","0","Read","G:\Group_Windt132k\shared\REIT Team\Valley National Bank\Synd Bought Loan" 
"2026-07-09 11:00:00","WINDT142K3","68415650","WEI.JIANG","Windows","0","Read","G:\Group_Windt132k\shared\REIT Team\Valley National Bank\Synd Bought Loan" 
"2026-07-09 11:00:00","WINDT142K3","68415651","WEI.JIANG","Windows","0","Read","G:\Group_Windt132k\shared\REIT Team\Valley National Bank\Participation Sold Loan" 
"2026-07-09 11:00:00","WINDT142K3","68415652","WEI.JIANG","Windows","0","Read","G:\Group_Windt132k\shared\REIT Team\Valley National Bank\Participation Sold Loan" 
"2026-07-09 11:00:00","WINDT142K3","68415653","WEI.JIANG","Windows","0","Read","G:\Group_Windt132k\shared\REIT Team\Valley National Bank" 
"2026-07-09 11:00:00","WINDT142K3","68415654","WEI.JIANG","Windows","0","Read","G:\Group_Windt132k\shared\REIT Team\Valley National Bank" 
"2026-07-09 11:00:00","WINDT142K3","68415655","WEI.JIANG","Windows","0","Read","G:\Group_Windt132k\shared\REIT Team\Peachtree\Cadence Bank Transactions" 
"2026-07-09 11:00:00","WINDT142K3","68415656","WEI.JIANG","Windows","0","Read","G:\Group_Windt132k\shared\REIT Team\Peachtree\Cadence Bank Transactions" 
"2026-07-09 11:00:00","WINDT142K3","68415657","WEI.JIANG","Windows","0","Read","G:\Group_Windt132k\shared\REIT Team\Peachtree\PCFIV" 
"2026-07-09 11:00:00","WINDT142K3","68415658","WEI.JIANG","Windows","0","Read","G:\Group_Windt132k\shared\REIT Team\Peachtree\PCFIV" 
"2026-07-09 11:00:00","WINDT142K3","68415659","WEI.JIANG","Windows","0","Read","G:\Group_Windt132k\shared\REIT Team\Peachtree\Non Fund (NF) - Loans in PDOF" 
"2026-07-09 11:00:00","WINDT142K3","68415660","WEI.JIANG","Windows","0","Read","G:\Group_Windt132k\shared\REIT Team\Peachtree\Non Fund (NF) - Loans in PDOF" 
"2026-07-09 11:00:00","WINDT142K3","68415661","WEI.JIANG","Windows","0","Read","G:\Group_Windt132k\shared\REIT Team\Peachtree\PSOF\Billing Statement" 
"2026-07-09 11:00:00","WINDT142K3","68415662","WEI.JIANG","Windows","0","Read","G:\Group_Windt132k\shared\REIT Team\Peachtree\PSOF\Billing Statement" 
"2026-07-09 11:00:00","WINDT142K3","68415663","WEI.JIANG","Windows","0","Read","G:\Group_Windt132k\shared\REIT Team\Peachtree\PSOF" 
"2026-07-09 11:00:00","WINDT142K3","68415664","WEI.JIANG","Windows","0","Read","G:\Group_Windt132k\shared\REIT Team\Peachtree\PSOF" 
"2026-07-09 11:00:00","WINDT142K3","68415665","WEI.JIANG","Windows","0","Read","G:\Group_Windt132k\shared\REIT Team\Peachtree\PDOF\Billing Statements" 
"2026-07-09 11:00:00","WINDT142K3","68415666","WEI.JIANG","Windows","0","Read","G:\Group_Windt132k\shared\REIT Team\Peachtree\PDOF\Billing Statements" 
"2026-07-09 11:00:00","WINDT142K3","68415667","WEI.JIANG","Windows","0","Read","G:\Group_Windt132k\shared\REIT Team\Peachtree\PDOF" 
"2026-07-09 11:00:00","WINDT142K3","68415668","WEI.JIANG","Windows","0","Read","G:\Group_Windt132k\shared\REIT Team\Peachtree\PDOF" 
"2026-07-09 11:00:00","WINDT142K3","68415669","WEI.JIANG","Windows","0","Read","G:\Group_Windt132k\shared\REIT Team\Peachtree\FUND III" 
"2026-07-09 11:00:00","WINDT142K3","68415670","WEI.JIANG","Windows","0","Read","G:\Group_Windt132k\shared\REIT Team\Peachtree\FUND III" 
"2026-07-09 11:00:00","WINDT142K3","68415671","WEI.JIANG","Windows","0","Read","G:\Group_Windt132k\shared\REIT Team\Peachtree\FUND II" 
"2026-07-09 11:00:00","WINDT142K3","68415672","WEI.JIANG","Windows","0","Read","G:\Group_Windt132k\shared\REIT Team\Peachtree\FUND II" 
"2026-07-09 11:00:00","WINDT142K3","68415673","WEI.JIANG","Windows","0","Read","G:\Group_Windt132k\shared\REIT Team\Peachtree" 
"2026-07-09 11:00:00","WINDT142K3","68415674","WEI.JIANG","Windows","0","Read","G:\Group_Windt132k\shared\REIT Team\Peachtree" 
"2026-07-09 11:00:00","WINDT142K3","68415675","WEI.JIANG","Windows","0","Read","G:\Group_Windt132k\shared\REIT Team\Rompsen\WF Transactions" 
"2026-07-09 11:00:00","WINDT142K3","68415676","WEI.JIANG","Windows","0","Read","G:\Group_Windt132k\shared\REIT Team\Rompsen\WF Transactions" 
"2026-07-09 11:00:00","WINDT142K3","68415677","WEI.JIANG","Windows","0","Read","G:\Group_Windt132k\shared\REIT Team\Rompsen\Loan expense to be reimbursed by borrower" 
"2026-07-09 11:00:00","WINDT142K3","68415678","WEI.JIANG","Windows","0","Read","G:\Group_Windt132k\shared\REIT Team\Rompsen\Loan expense to be reimbursed by borrower" 
"2026-07-09 11:00:00","WINDT142K3","68415679","WEI.JIANG","Windows","0","Read","G:\Group_Windt132k\shared\REIT Team\Rompsen\Mortgage Statement" 
"2026-07-09 11:00:00","WINDT142K3","68415680","WEI.JIANG","Windows","0","Read","G:\Group_Windt132k\shared\REIT Team\Rompsen\Mortgage Statement" 
"2026-07-09 11:00:00","WINDT142K3","68415681","WEI.JIANG","Windows","0","Read","G:\Group_Windt132k\shared\REIT Team\Rompsen\Monthly Report" 
"2026-07-09 11:00:00","WINDT142K3","68415682","WEI.JIANG","Windows","0","Read","G:\Group_Windt132k\shared\REIT Team\Rompsen\Monthly Report" 
"2026-07-09 11:00:00","WINDT142K3","68417573","RKUMAR3","Windows","0","Read","G:\Group_Windt132k\Shared\ANICO\Derivatives CLewis\3.31.2026\Work_Month End\GL Recon\Reports" 
"2026-07-09 11:00:00","WINDT142K3","68417574","RKUMAR3","Windows","0","Read","G:\Group_Windt132k\Shared\ANICO\Derivatives CLewis\3.31.2026\Work_Month End\GL Recon\Reports" 
"2026-07-09 11:00:00","WINDT142K3","68417633","RKUMAR3","Windows","3","Write + Read","G:\Group_Windt132k\Shared\ANICO\Derivatives CLewis\3.31.2026\Work_Month End\GL Recon\Reports\MarketValueProgression_QTD PGAAP.xls" 
"2026-07-09 11:00:00","WINDT142K3","68417827","TFEBLES","Windows","0","Write + Read","G:\Group_Windt132k\Shared\REIT Team\Rompsen\Loans\8706 - 10029 Rufo Properties Portfolio 12.28.2018\Payoff\06.30.2026\Romspen_Loan_Statement_Calculation_8706_06.30.2026.xlsx" 
"2026-07-09 11:00:00","WINDT142K3","68417832","TFEBLES","Windows","0","Write + Read","G:\Group_Windt132k\Shared\REIT Team\Rompsen\Loans\8706 - 10029 Rufo Properties Portfolio 12.28.2018\Payoff\06.30.2026\~$Romspen_Loan_Statement_Calculation_8706_06.30.2026.xlsx" 
"2026-07-09 11:00:00","WINDT142K3","68418475","RKUMAR3","Windows","0","Write + Read","G:\Group_Windt132k\Shared\ANICO\Derivatives CLewis\6.30.2026\Work (Month End)\GL Recon\ANICO Options PGAAP Recon 6.30.26 Includes Reports - Work_RK.xlsx" 
"2026-07-09 11:00:00","WINDT142K3","68418516","RKUMAR3","Windows","0","Write + Read","G:\Group_Windt132k\Shared\ANICO\Derivatives CLewis\6.30.2026\ANICO Options Mth End Procedures June 2026.xlsx" 
"2026-07-09 11:00:00","WINDT142K3","68418533","KZIADIE","Windows","0","Read","G:\Group_Windt132k\Shared\REIT Team\Peachtree\PCFIV\Billing Statement\2026\07.01.2026\Part I\The Jax - Monroe, GA - Peachtree Invoice (2026 07).pdf" 
"2026-07-09 11:00:00","WINDT142K3","68419529","BMCADOO","Windows","0","Read","G:\Group_Windt132k\Shared\KofC\KofC 2026\26.01" 
"2026-07-09 11:00:00","WINDT142K3","68419530","BMCADOO","Windows","0","Read","G:\Group_Windt132k\Shared\KofC\KofC 2026\26.01" 
"2026-07-09 11:00:00","WINDT142K3","68419564","BMCADOO","Windows","0","Write + Read","G:\Group_Windt132k\Shared\KofC\KofC 2026\26.01\KOFC LP Control GAAP and STAT EMA_January 2026_Alt Method_v2.xlsx" 
"2026-07-09 11:00:00","WINDT142K3","68419569","BMCADOO","Windows","0","Write + Read","G:\Group_Windt132k\Shared\KofC\KofC 2026\26.01\~$KOFC LP Control GAAP and STAT EMA_January 2026_Alt Method_v2.xlsx" 
"2026-07-09 11:00:00","WINDT142K3","68420486","KBRAY","Windows","0","Write + Read","G:\Group_Windt132k\Shared\REIT Team\Prop Capital\Monthly Processing\2026\06.30.2026\Misc\LTB Request\PropCap LTB Request 6.25.26 2nd Lien Accrual.xlsx" 
"2026-07-09 11:00:00","WINDT142K3","68420493","KBRAY","Windows","0","Write + Read","G:\Group_Windt132k\Shared\REIT Team\Prop Capital\Monthly Processing\2026\06.30.2026\Misc\LTB Request\~$PropCap LTB Request 6.25.26 2nd Lien Accrual.xlsx" 
"2026-07-09 11:00:00","WINDT142K3","68421150","TFEBLES","Windows","0","Read","G:\Group_Windt132k\Shared\REIT Team\Rompsen\Loans\8706 - 10029 Rufo Properties Portfolio 12.28.2018\Payoff\12.16.2025" 
"2026-07-09 11:00:00","WINDT142K3","68421151","TFEBLES","Windows","0","Read","G:\Group_Windt132k\Shared\REIT Team\Rompsen\Loans\8706 - 10029 Rufo Properties Portfolio 12.28.2018\Payoff\12.16.2025" 
"2026-07-09 11:00:00","WINDT142K3","68421152","TFEBLES","Windows","0","Read","G:\Group_Windt132k\Shared\REIT Team\Rompsen\Monthly Report\07.31.2026" 
"2026-07-09 11:00:00","WINDT142K3","68421153","TFEBLES","Windows","0","Read","G:\Group_Windt132k\Shared\REIT Team\Rompsen\Monthly Report\07.31.2026" 
"2026-07-09 11:00:00","WINDT142K3","68421363","MMCMANUS","Windows","0","Read","G:\Group_Windt132k\Shared\REIT Team\SG Capital\Monthly Report\2026\G1001\06.30.26\EOM" 
"2026-07-09 11:00:00","WINDT142K3","68421364","MMCMANUS","Windows","0","Read","G:\Group_Windt132k\Shared\REIT Team\SG Capital\Monthly Report\2026\G1001\06.30.26\EOM" 
"2026-07-09 11:00:00","WINDT142K3","68421517","JCACCAVA","Windows","0","Write + Read","G:\Group_Windt132k\Shared\REIT Team\SG Capital\Monthly Report\2026\G1001\06.30.26\EOM\~$SGCAP G1001_SMA_Loan_Level 6.30.26 working copyv2.xlsx" 
"2026-07-09 11:00:00","WINDT142K3","68421650","JCACCAVA","Windows","0","Write + Read","G:\Group_Windt132k\Shared\REIT Team\SG Capital\Monthly Report\2026\G1001\06.30.26\EOM\SGCAP Final PnL and Recon 6.30.2026 G1001 Fund Working.xlsx" 
"2026-07-09 11:00:00","WINDT142K3","68421658","JCACCAVA","Windows","0","Write + Read","G:\Group_Windt132k\Shared\REIT Team\SG Capital\Monthly Report\2026\G1001\06.30.26\EOM\~$SGCAP Final PnL and Recon 6.30.2026 G1001 Fund Working.xlsx" 
"2026-07-09 11:00:00","WINDT142K3","68421765","DBETTERS","Windows","0","Read","G:\Group_Windt132k\Shared\ANICO\SMA\Implementation CLewis\2026_06_30" 
"2026-07-09 11:00:00","WINDT142K3","68421766","DBETTERS","Windows","0","Read","G:\Group_Windt132k\Shared\ANICO\SMA\Implementation CLewis\2026_06_30" 
"2026-07-09 11:00:00","WINDT142K3","68421913","KBRAY","Windows","0","Write + Read","G:\Group_Windt132k\Shared\REIT Team\Prop Capital\Monthly Processing\2026\06.30.2026\Misc\PropCap Misc GL Recon as of 6.30.2026.xlsx" 
"2026-07-09 11:00:00","WINDT142K3","68421917","KBRAY","Windows","0","Write + Read","G:\Group_Windt132k\Shared\REIT Team\Prop Capital\Monthly Processing\2026\06.30.2026\Misc\~$PropCap Misc GL Recon as of 6.30.2026.xlsx" 
"2026-07-09 11:00:00","WINDT142K3","68422037","KZIADIE","Windows","0","Read","G:\Group_Windt132k\Shared\REIT Team\Peachtree\PCFIV\24089P4B The Jax - Monroe, GA\Loan Docs" 
"2026-07-09 11:00:00","WINDT142K3","68422038","KZIADIE","Windows","0","Read","G:\Group_Windt132k\Shared\REIT Team\Peachtree\PCFIV\24089P4B The Jax - Monroe, GA\Loan Docs" 
"2026-07-09 11:00:00","WINDT142K3","68422056","KZIADIE","Windows","0","Read","G:\Group_Windt132k\Shared\REIT Team\Peachtree\PCFIV\24089P4B The Jax - Monroe, GA\Loan Docs\002 - Construction Loan Agreement - The Jax(315452042.1)(315462991.1).pdf" 
"2026-07-09 11:00:00","WINDT142K3","68422067","KZIADIE","Windows","0","Read","G:\Group_Windt132k\Shared\REIT Team\Peachtree\PCFIV\24089P4B The Jax - Monroe, GA\Loan Docs\001 - Real Estate Note - The Jax(315450878.1)(315462992.1).pdf" 
"2026-07-09 11:00:00","WINDT142K3","68422179","RKUMAR3","Windows","0","Write + Read","G:\Group_Windt132k\Shared\ANICO\Derivatives CLewis\3.31.2026\Work_Month End\GL Recon\ANICO Options PGAAP Recon 3.31.26 includes reports - (Work).xlsx" 
"2026-07-09 11:00:00","WINDT142K3","68422187","RKUMAR3","Windows","0","Write + Read","G:\Group_Windt132k\Shared\ANICO\Derivatives CLewis\3.31.2026\Work_Month End\GL Recon\~$ANICO Options PGAAP Recon 3.31.26 includes reports - (Work).xlsx" 
"2026-07-09 11:00:00","WINDT142K3","68422357","JCACCAVA","Windows","0","Write + Read","G:\Group_Windt132k\Shared\REIT Team\SG Capital\Purchases\DLRes\2026\06.04.2026\G1001 6-4-26 Purchase GL Recon.xlsx" 
"2026-07-09 11:00:00","WINDT142K3","68422366","JCACCAVA","Windows","0","Write + Read","G:\Group_Windt132k\Shared\REIT Team\SG Capital\Purchases\DLRes\2026\06.04.2026\~$G1001 6-4-26 Purchase GL Recon.xlsx" 
"2026-07-09 11:00:00","WINDT142K3","68422561","JCACCAVA","Windows","0","Write + Read","G:\Group_Windt132k\Shared\REIT Team\SG Capital\Monthly Report\2026\G1001\06.30.26\EOM\SGCAP G1001_SMA_Loan_Level 6.30.26 working copyv2.xlsx" 
"2026-07-09 11:00:00","WINDT142K3","68422612","JCACCAVA","Windows","0","Read","G:\Group_Windt132k\Shared\REIT Team\SG Capital\Purchases\DLRes\2026\06.04.2026" 
"2026-07-09 11:00:00","WINDT142K3","68422613","JCACCAVA","Windows","0","Read","G:\Group_Windt132k\Shared\REIT Team\SG Capital\Purchases\DLRes\2026\06.04.2026" 
"2026-07-09 12:00:00",INFO: The system global flag 'maintain objects list' needs 
"2026-07-09 12:00:00",      to be enabled to see local opened files. 
"2026-07-09 12:00:00",      See Openfiles /? for more information. 
"2026-07-09 12:00:00",Files opened remotely via local share points: 
"2026-07-09 12:00:00",--------------------------------------------- 
"2026-07-09 12:00:00","Hostname","ID","Accessed By","Type","#Locks","Open Mode","Open File (Path\executable)" 
"2026-07-09 12:00:00","WINDT142K3","6","N/A","Windows","0","Write + Read","\PIPE\EVENTLOG" 
"2026-07-09 12:00:00","WINDT142K3","68413733","DBETTERS","Windows","0","Write + Read","G:\Group_Windt132k\Shared\MarylandCare\2026.06.30\Sent to MLC\MCI_MPC GL Recon GAAP 06.30.26.xlsm" 
"2026-07-09 12:00:00","WINDT142K3","68413744","DBETTERS","Windows","0","Write + Read","G:\Group_Windt132k\Shared\MarylandCare\2026.06.30\Sent to MLC\~$MCI_MPC GL Recon GAAP 06.30.26.xlsm" 
"2026-07-09 12:00:00","WINDT142K3","68417633","RKUMAR3","Windows","3","Write + Read","G:\Group_Windt132k\Shared\ANICO\Derivatives CLewis\3.31.2026\Work_Month End\GL Recon\Reports\MarketValueProgression_QTD PGAAP.xls" 
"2026-07-09 12:00:00","WINDT142K3","68417827","TFEBLES","Windows","0","Write + Read","G:\Group_Windt132k\Shared\REIT Team\Rompsen\Loans\8706 - 10029 Rufo Properties Portfolio 12.28.2018\Payoff\06.30.2026\Romspen_Loan_Statement_Calculation_8706_06.30.2026.xlsx" 
"2026-07-09 12:00:00","WINDT142K3","68417832","TFEBLES","Windows","0","Write + Read","G:\Group_Windt132k\Shared\REIT Team\Rompsen\Loans\8706 - 10029 Rufo Properties Portfolio 12.28.2018\Payoff\06.30.2026\~$Romspen_Loan_Statement_Calculation_8706_06.30.2026.xlsx" 
"2026-07-09 12:00:00","WINDT142K3","68418516","RKUMAR3","Windows","0","Write + Read","G:\Group_Windt132k\Shared\ANICO\Derivatives CLewis\6.30.2026\ANICO Options Mth End Procedures June 2026.xlsx" 
"2026-07-09 12:00:00","WINDT142K3","68418533","KZIADIE","Windows","0","Read","G:\Group_Windt132k\Shared\REIT Team\Peachtree\PCFIV\Billing Statement\2026\07.01.2026\Part I\The Jax - Monroe, GA - Peachtree Invoice (2026 07).pdf" 
"2026-07-09 12:00:00","WINDT142K3","68421150","TFEBLES","Windows","0","Read","G:\Group_Windt132k\Shared\REIT Team\Rompsen\Loans\8706 - 10029 Rufo Properties Portfolio 12.28.2018\Payoff\12.16.2025" 
"2026-07-09 12:00:00","WINDT142K3","68421151","TFEBLES","Windows","0","Read","G:\Group_Windt132k\Shared\REIT Team\Rompsen\Loans\8706 - 10029 Rufo Properties Portfolio 12.28.2018\Payoff\12.16.2025" 
"2026-07-09 12:00:00","WINDT142K3","68421152","TFEBLES","Windows","0","Read","G:\Group_Windt132k\Shared\REIT Team\Rompsen\Monthly Report\07.31.2026" 
"2026-07-09 12:00:00","WINDT142K3","68421153","TFEBLES","Windows","0","Read","G:\Group_Windt132k\Shared\REIT Team\Rompsen\Monthly Report\07.31.2026" 
"2026-07-09 12:00:00","WINDT142K3","68422056","KZIADIE","Windows","0","Read","G:\Group_Windt132k\Shared\REIT Team\Peachtree\PCFIV\24089P4B The Jax - Monroe, GA\Loan Docs\002 - Construction Loan Agreement - The Jax(315452042.1)(315462991.1).pdf" 
"2026-07-09 12:00:00","WINDT142K3","68422067","KZIADIE","Windows","0","Read","G:\Group_Windt132k\Shared\REIT Team\Peachtree\PCFIV\24089P4B The Jax - Monroe, GA\Loan Docs\001 - Real Estate Note - The Jax(315450878.1)(315462992.1).pdf" 
"2026-07-09 12:00:00","WINDT142K3","68424884","WEI.JIANG","Windows","0","Read","G:\Group_Windt132k\shared\REIT Team\Rompsen\Loans" 
"2026-07-09 12:00:00","WINDT142K3","68424886","WEI.JIANG","Windows","0","Read","G:\Group_Windt132k\shared\REIT Team\Rompsen\Loans" 
"2026-07-09 12:00:00","WINDT142K3","68424888","WEI.JIANG","Windows","0","Read","G:\Group_Windt132k\shared\REIT Team\Rompsen" 
"2026-07-09 12:00:00","WINDT142K3","68424890","WEI.JIANG","Windows","0","Read","G:\Group_Windt132k\shared\REIT Team\Rompsen" 
"2026-07-09 12:00:00","WINDT142K3","68424891","WEI.JIANG","Windows","0","Read","G:\Group_Windt132k\shared\REIT Team\Romspen CAD Shadow" 
"2026-07-09 12:00:00","WINDT142K3","68424894","WEI.JIANG","Windows","0","Read","G:\Group_Windt132k\shared\REIT Team\Romspen CAD Shadow" 
"2026-07-09 12:00:00","WINDT142K3","68424896","WEI.JIANG","Windows","0","Read","G:\Group_Windt132k\shared\REIT Team" 
"2026-07-09 12:00:00","WINDT142K3","68424899","WEI.JIANG","Windows","0","Read","G:\Group_Windt132k\shared\REIT Team" 
"2026-07-09 12:00:00","WINDT142K3","68424902","WEI.JIANG","Windows","0","Read","G:\Group_Windt132k\shared\REIT Team\Post Road" 
"2026-07-09 12:00:00","WINDT142K3","68424904","WEI.JIANG","Windows","0","Read","G:\Group_Windt132k\shared\REIT Team\Post Road" 
"2026-07-09 12:00:00","WINDT142K3","68424907","WEI.JIANG","Windows","0","Read","G:\Group_Windt132k\shared\REIT Team\Valley National Bank\Syndication Loan" 
"2026-07-09 12:00:00","WINDT142K3","68424909","WEI.JIANG","Windows","0","Read","G:\Group_Windt132k\shared\REIT Team\Valley National Bank\Syndication Loan" 
"2026-07-09 12:00:00","WINDT142K3","68424910","WEI.JIANG","Windows","0","Read","G:\Group_Windt132k\shared\REIT Team\Valley National Bank\Synd Bought Loan" 
"2026-07-09 12:00:00","WINDT142K3","68424912","WEI.JIANG","Windows","0","Read","G:\Group_Windt132k\shared\REIT Team\Valley National Bank\Synd Bought Loan" 
"2026-07-09 12:00:00","WINDT142K3","68424913","WEI.JIANG","Windows","0","Read","G:\Group_Windt132k\shared\REIT Team\Valley National Bank\Participation Sold Loan" 
"2026-07-09 12:00:00","WINDT142K3","68424914","WEI.JIANG","Windows","0","Read","G:\Group_Windt132k\shared\REIT Team\Valley National Bank\Participation Sold Loan" 
"2026-07-09 12:00:00","WINDT142K3","68424915","WEI.JIANG","Windows","0","Read","G:\Group_Windt132k\shared\REIT Team\Valley National Bank" 
"2026-07-09 12:00:00","WINDT142K3","68424916","WEI.JIANG","Windows","0","Read","G:\Group_Windt132k\shared\REIT Team\Valley National Bank" 
"2026-07-09 12:00:00","WINDT142K3","68424917","WEI.JIANG","Windows","0","Read","G:\Group_Windt132k\shared\REIT Team\Peachtree\Cadence Bank Transactions" 
"2026-07-09 12:00:00","WINDT142K3","68424919","WEI.JIANG","Windows","0","Read","G:\Group_Windt132k\shared\REIT Team\Peachtree\Cadence Bank Transactions" 
"2026-07-09 12:00:00","WINDT142K3","68424921","WEI.JIANG","Windows","0","Read","G:\Group_Windt132k\shared\REIT Team\Peachtree\PCFIV" 
"2026-07-09 12:00:00","WINDT142K3","68424923","WEI.JIANG","Windows","0","Read","G:\Group_Windt132k\shared\REIT Team\Peachtree\PCFIV" 
"2026-07-09 12:00:00","WINDT142K3","68424926","WEI.JIANG","Windows","0","Read","G:\Group_Windt132k\shared\REIT Team\Peachtree\Non Fund (NF) - Loans in PDOF" 
"2026-07-09 12:00:00","WINDT142K3","68424928","WEI.JIANG","Windows","0","Read","G:\Group_Windt132k\shared\REIT Team\Peachtree\Non Fund (NF) - Loans in PDOF" 
"2026-07-09 12:00:00","WINDT142K3","68424932","WEI.JIANG","Windows","0","Read","G:\Group_Windt132k\shared\REIT Team\Peachtree\PSOF\Billing Statement" 
"2026-07-09 12:00:00","WINDT142K3","68424934","WEI.JIANG","Windows","0","Read","G:\Group_Windt132k\shared\REIT Team\Peachtree\PSOF\Billing Statement" 
"2026-07-09 12:00:00","WINDT142K3","68424936","WEI.JIANG","Windows","0","Read","G:\Group_Windt132k\shared\REIT Team\Peachtree\PSOF" 
"2026-07-09 12:00:00","WINDT142K3","68424939","WEI.JIANG","Windows","0","Read","G:\Group_Windt132k\shared\REIT Team\Peachtree\PSOF" 
"2026-07-09 12:00:00","WINDT142K3","68424940","WEI.JIANG","Windows","0","Read","G:\Group_Windt132k\shared\REIT Team\Peachtree\PDOF\Billing Statements" 
"2026-07-09 12:00:00","WINDT142K3","68424942","WEI.JIANG","Windows","0","Read","G:\Group_Windt132k\shared\REIT Team\Peachtree\PDOF\Billing Statements" 
"2026-07-09 12:00:00","WINDT142K3","68424944","WEI.JIANG","Windows","0","Read","G:\Group_Windt132k\shared\REIT Team\Peachtree\PDOF" 
"2026-07-09 12:00:00","WINDT142K3","68424947","WEI.JIANG","Windows","0","Read","G:\Group_Windt132k\shared\REIT Team\Peachtree\PDOF" 
"2026-07-09 12:00:00","WINDT142K3","68424949","WEI.JIANG","Windows","0","Read","G:\Group_Windt132k\shared\REIT Team\Peachtree\FUND III" 
"2026-07-09 12:00:00","WINDT142K3","68424952","WEI.JIANG","Windows","0","Read","G:\Group_Windt132k\shared\REIT Team\Peachtree\FUND III" 
"2026-07-09 12:00:00","WINDT142K3","68424953","WEI.JIANG","Windows","0","Read","G:\Group_Windt132k\shared\REIT Team\Peachtree\FUND II" 
"2026-07-09 12:00:00","WINDT142K3","68424954","WEI.JIANG","Windows","0","Read","G:\Group_Windt132k\shared\REIT Team\Peachtree\FUND II" 
"2026-07-09 12:00:00","WINDT142K3","68424956","WEI.JIANG","Windows","0","Read","G:\Group_Windt132k\shared\REIT Team\Peachtree" 
"2026-07-09 12:00:00","WINDT142K3","68424957","WEI.JIANG","Windows","0","Read","G:\Group_Windt132k\shared\REIT Team\Peachtree" 
"2026-07-09 12:00:00","WINDT142K3","68424959","WEI.JIANG","Windows","0","Read","G:\Group_Windt132k\shared\REIT Team\Rompsen\WF Transactions" 
"2026-07-09 12:00:00","WINDT142K3","68424961","WEI.JIANG","Windows","0","Read","G:\Group_Windt132k\shared\REIT Team\Rompsen\WF Transactions" 
"2026-07-09 12:00:00","WINDT142K3","68424962","WEI.JIANG","Windows","0","Read","G:\Group_Windt132k\shared\REIT Team\Rompsen\Loan expense to be reimbursed by borrower" 
"2026-07-09 12:00:00","WINDT142K3","68424964","WEI.JIANG","Windows","0","Read","G:\Group_Windt132k\shared\REIT Team\Rompsen\Loan expense to be reimbursed by borrower" 
"2026-07-09 12:00:00","WINDT142K3","68424965","WEI.JIANG","Windows","0","Read","G:\Group_Windt132k\shared\REIT Team\Rompsen\Mortgage Statement" 
"2026-07-09 12:00:00","WINDT142K3","68424967","WEI.JIANG","Windows","0","Read","G:\Group_Windt132k\shared\REIT Team\Rompsen\Mortgage Statement" 
"2026-07-09 12:00:00","WINDT142K3","68424968","WEI.JIANG","Windows","0","Read","G:\Group_Windt132k\shared\REIT Team\Rompsen\Monthly Report" 
"2026-07-09 12:00:00","WINDT142K3","68424970","WEI.JIANG","Windows","0","Read","G:\Group_Windt132k\shared\REIT Team\Rompsen\Monthly Report" 
"2026-07-09 12:00:00","WINDT142K3","68424982","BMCADOO","Windows","0","Read","G:\Group_Windt132k\Shared\KofC\KofC 2026\26.06\Sent Files" 
"2026-07-09 12:00:00","WINDT142K3","68424983","BMCADOO","Windows","0","Read","G:\Group_Windt132k\Shared\KofC\KofC 2026\26.06\Sent Files" 
"2026-07-09 12:00:00","WINDT142K3","68426361","KCARTA","Windows","0","Write + Read","G:\Group_Windt132k\Shared\REIT Team\Saluda Grade\Loan Servicing\2026\06 June 2026\Sale\Loc 6 PLM UPB Check.xlsx" 
"2026-07-09 12:00:00","WINDT142K3","68426364","KCARTA","Windows","0","Write + Read","G:\Group_Windt132k\Shared\REIT Team\Saluda Grade\Loan Servicing\2026\06 June 2026\Sale\~$Loc 6 PLM UPB Check.xlsx" 
"2026-07-09 12:00:00","WINDT142K3","68427332","MMCMANUS","Windows","0","Read","G:\Group_Windt132k\Shared\REIT Team\SG Capital\Purchases\DLRes\2026\07.07.2026" 
"2026-07-09 12:00:00","WINDT142K3","68427334","MMCMANUS","Windows","0","Read","G:\Group_Windt132k\Shared\REIT Team\SG Capital\Purchases\DLRes\2026\07.07.2026" 
"2026-07-09 12:00:00","WINDT142K3","68427557","APRATHEP","Windows","0","Read","G:\Group_Windt132k\Shared\REIT Team\Saluda Grade\Loan Servicing\2026\06 June 2026\Remits" 
"2026-07-09 12:00:00","WINDT142K3","68427562","APRATHEP","Windows","0","Read","G:\Group_Windt132k\Shared\REIT Team\Saluda Grade\Loan Servicing\2026\06 June 2026\Remits" 
"2026-07-09 12:00:00","WINDT142K3","68427887","JCACCAVA","Windows","0","Read","G:\Group_Windt132k\Shared\REIT Team\SG Capital\Monthly Report\2026\G1001\06.30.26\EOM" 
"2026-07-09 12:00:00","WINDT142K3","68427889","JCACCAVA","Windows","0","Read","G:\Group_Windt132k\Shared\REIT Team\SG Capital\Monthly Report\2026\G1001\06.30.26\EOM" 
"2026-07-09 12:00:00","WINDT142K3","68428028","KCARTA","Windows","0","Write + Read","G:\Group_Windt132k\Shared\REIT Team\Saluda Grade\Loan Servicing\2026\06 June 2026\June 2026 Checklist.xlsx" 
"2026-07-09 12:00:00","WINDT142K3","68428032","KCARTA","Windows","0","Write + Read","G:\Group_Windt132k\Shared\REIT Team\Saluda Grade\Loan Servicing\2026\06 June 2026\~$June 2026 Checklist.xlsx" 
"2026-07-09 12:00:00","WINDT142K3","68428188","MPARLAPI","Windows","0","Read","G:\Group_Windt132k\Shared\ANICO\Derivatives CLewis\6.30.2026\Sent to ANICO" 
"2026-07-09 12:00:00","WINDT142K3","68428189","MPARLAPI","Windows","0","Read","G:\Group_Windt132k\Shared\ANICO\Derivatives CLewis\6.30.2026\Sent to ANICO" 
"2026-07-09 12:00:00","WINDT142K3","68428357","KCARTA","Windows","0","Read","G:\Group_Windt132k\Shared\REIT Team\Saluda Grade\Loan Servicing\2026\06 June 2026\Remits\SLS\SGLT2" 
"2026-07-09 12:00:00","WINDT142K3","68428358","KCARTA","Windows","0","Read","G:\Group_Windt132k\Shared\REIT Team\Saluda Grade\Loan Servicing\2026\06 June 2026\Remits\SLS\SGLT2" 
"2026-07-09 12:00:00","WINDT142K3","68428405","DBETTERS","Windows","0","Read","G:\Group_Windt132k\Shared\RLI Conversion\06 June 2026\Recon" 
"2026-07-09 12:00:00","WINDT142K3","68428407","DBETTERS","Windows","0","Read","G:\Group_Windt132k\Shared\RLI Conversion\06 June 2026\Recon" 
"2026-07-09 12:00:00","WINDT142K3","68428468","KCARTA","Windows","0","Write + Read","G:\Group_Windt132k\Shared\REIT Team\Saluda Grade\Loan Servicing\2026\06 June 2026\Remits\SLS\SGLT2\20260531_Inv_2558_SGLT-2_Final working.xlsx" 
"2026-07-09 12:00:00","WINDT142K3","68428495","DBETTERS","Windows","0","Write + Read","G:\Group_Windt132k\Shared\RLI Conversion\06 June 2026\Recon\Prelim Quantity check 6.30.26.xlsx" 
"2026-07-09 12:00:00","WINDT142K3","68428499","KCARTA","Windows","0","Write + Read","G:\Group_Windt132k\Shared\REIT Team\Saluda Grade\Loan Servicing\2026\06 June 2026\Remits\SLS\SGLT2\~$20260531_Inv_2558_SGLT-2_Final working.xlsx" 
"2026-07-09 12:00:00","WINDT142K3","68428547","DBETTERS","Windows","0","Write + Read","G:\Group_Windt132k\Shared\RLI Conversion\06 June 2026\Recon\~$Prelim Quantity check 6.30.26.xlsx" 
"2026-07-09 12:00:00","WINDT142K3","68428709","RKUMAR3","Windows","0","Write + Read","G:\Group_Windt132k\Shared\ANICO\Derivatives CLewis\6.30.2026\Work (Month End)\GL Recon\ANICO Options PGAAP Recon 6.30.26 Includes Reports - Work_RK.xlsx" 
"2026-07-09 12:00:00","WINDT142K3","68428735","RKUMAR3","Windows","0","Read","G:\Group_Windt132k\Shared\ANICO\Derivatives CLewis\6.30.2026\Work (Month End)\Reports\PGAAP" 
"2026-07-09 12:00:00","WINDT142K3","68428736","RKUMAR3","Windows","0","Read","G:\Group_Windt132k\Shared\ANICO\Derivatives CLewis\6.30.2026\Work (Month End)\Reports\PGAAP" 
"2026-07-09 12:00:00","WINDT142K3","68428783","RKUMAR3","Windows","3","Write + Read","G:\Group_Windt132k\Shared\ANICO\Derivatives CLewis\6.30.2026\Work (Month End)\Reports\PGAAP\Derivative Transactions (PGAAP) QTD June 2026.xls" 
"2026-07-09 12:00:00","WINDT142K3","68428931","MMCMANUS","Windows","0","Write + Read","G:\Group_Windt132k\Shared\REIT Team\SG Capital\Purchases\DLRes\2026\07.07.2026\boarding tape 7-7-26 G1001 Working.xlsx" 
"2026-07-09 12:00:00","WINDT142K3","68428936","MMCMANUS","Windows","0","Write + Read","G:\Group_Windt132k\Shared\REIT Team\SG Capital\Purchases\DLRes\2026\07.07.2026\~$boarding tape 7-7-26 G1001 Working.xlsx" 
"2026-07-09 12:00:00","WINDT142K3","68429118","RKUMAR3","Windows","0","Read","G:\Group_Windt132k\Shared\ANICO\Derivatives CLewis\3.31.2026\Work_Month End\GL Recon\Reports" 
"2026-07-09 12:00:00","WINDT142K3","68429121","RKUMAR3","Windows","0","Read","G:\Group_Windt132k\Shared\ANICO\Derivatives CLewis\3.31.2026\Work_Month End\GL Recon\Reports" 
"2026-07-09 12:00:00","WINDT142K3","68429440","RKUMAR3","Windows","3","Write + Read","G:\Group_Windt132k\Shared\ANICO\Derivatives CLewis\3.31.2026\Work_Month End\GL Recon\Reports\DerivativeTransactions_QTD PGAAP.XLS" 
"2026-07-09 12:00:00","WINDT142K3","68429467","KZIADIE","Windows","0","Read","G:\Group_Windt132k\Shared\REIT Team\Peachtree\PCFIV\24089P4B The Jax - Monroe, GA" 
"2026-07-09 12:00:00","WINDT142K3","68429469","KZIADIE","Windows","0","Read","G:\Group_Windt132k\Shared\REIT Team\Peachtree\PCFIV\24089P4B The Jax - Monroe, GA" 
"2026-07-09 13:00:00",INFO: The system global flag 'maintain objects list' needs 
"2026-07-09 13:00:00",      to be enabled to see local opened files. 
"2026-07-09 13:00:00",      See Openfiles /? for more information. 
"2026-07-09 13:00:00",Files opened remotely via local share points: 
"2026-07-09 13:00:00",--------------------------------------------- 
"2026-07-09 13:00:00","Hostname","ID","Accessed By","Type","#Locks","Open Mode","Open File (Path\executable)" 
"2026-07-09 13:00:00","WINDT142K3","6","N/A","Windows","0","Write + Read","\PIPE\EVENTLOG" 
"2026-07-09 13:00:00","WINDT142K3","68417633","RKUMAR3","Windows","3","Write + Read","G:\Group_Windt132k\Shared\ANICO\Derivatives CLewis\3.31.2026\Work_Month End\GL Recon\Reports\MarketValueProgression_QTD PGAAP.xls" 
"2026-07-09 13:00:00","WINDT142K3","68417827","TFEBLES","Windows","0","Write + Read","G:\Group_Windt132k\Shared\REIT Team\Rompsen\Loans\8706 - 10029 Rufo Properties Portfolio 12.28.2018\Payoff\06.30.2026\Romspen_Loan_Statement_Calculation_8706_06.30.2026.xlsx" 
"2026-07-09 13:00:00","WINDT142K3","68417832","TFEBLES","Windows","0","Write + Read","G:\Group_Windt132k\Shared\REIT Team\Rompsen\Loans\8706 - 10029 Rufo Properties Portfolio 12.28.2018\Payoff\06.30.2026\~$Romspen_Loan_Statement_Calculation_8706_06.30.2026.xlsx" 
"2026-07-09 13:00:00","WINDT142K3","68418516","RKUMAR3","Windows","0","Write + Read","G:\Group_Windt132k\Shared\ANICO\Derivatives CLewis\6.30.2026\ANICO Options Mth End Procedures June 2026.xlsx" 
"2026-07-09 13:00:00","WINDT142K3","68421150","TFEBLES","Windows","0","Read","G:\Group_Windt132k\Shared\REIT Team\Rompsen\Loans\8706 - 10029 Rufo Properties Portfolio 12.28.2018\Payoff\12.16.2025" 
"2026-07-09 13:00:00","WINDT142K3","68421151","TFEBLES","Windows","0","Read","G:\Group_Windt132k\Shared\REIT Team\Rompsen\Loans\8706 - 10029 Rufo Properties Portfolio 12.28.2018\Payoff\12.16.2025" 
"2026-07-09 13:00:00","WINDT142K3","68421152","TFEBLES","Windows","0","Read","G:\Group_Windt132k\Shared\REIT Team\Rompsen\Monthly Report\07.31.2026" 
"2026-07-09 13:00:00","WINDT142K3","68421153","TFEBLES","Windows","0","Read","G:\Group_Windt132k\Shared\REIT Team\Rompsen\Monthly Report\07.31.2026" 
"2026-07-09 13:00:00","WINDT142K3","68424884","WEI.JIANG","Windows","0","Read","G:\Group_Windt132k\shared\REIT Team\Rompsen\Loans" 
"2026-07-09 13:00:00","WINDT142K3","68424886","WEI.JIANG","Windows","0","Read","G:\Group_Windt132k\shared\REIT Team\Rompsen\Loans" 
"2026-07-09 13:00:00","WINDT142K3","68424888","WEI.JIANG","Windows","0","Read","G:\Group_Windt132k\shared\REIT Team\Rompsen" 
"2026-07-09 13:00:00","WINDT142K3","68424890","WEI.JIANG","Windows","0","Read","G:\Group_Windt132k\shared\REIT Team\Rompsen" 
"2026-07-09 13:00:00","WINDT142K3","68424891","WEI.JIANG","Windows","0","Read","G:\Group_Windt132k\shared\REIT Team\Romspen CAD Shadow" 
"2026-07-09 13:00:00","WINDT142K3","68424894","WEI.JIANG","Windows","0","Read","G:\Group_Windt132k\shared\REIT Team\Romspen CAD Shadow" 
"2026-07-09 13:00:00","WINDT142K3","68424896","WEI.JIANG","Windows","0","Read","G:\Group_Windt132k\shared\REIT Team" 
"2026-07-09 13:00:00","WINDT142K3","68424899","WEI.JIANG","Windows","0","Read","G:\Group_Windt132k\shared\REIT Team" 
"2026-07-09 13:00:00","WINDT142K3","68424902","WEI.JIANG","Windows","0","Read","G:\Group_Windt132k\shared\REIT Team\Post Road" 
"2026-07-09 13:00:00","WINDT142K3","68424904","WEI.JIANG","Windows","0","Read","G:\Group_Windt132k\shared\REIT Team\Post Road" 
"2026-07-09 13:00:00","WINDT142K3","68424907","WEI.JIANG","Windows","0","Read","G:\Group_Windt132k\shared\REIT Team\Valley National Bank\Syndication Loan" 
"2026-07-09 13:00:00","WINDT142K3","68424909","WEI.JIANG","Windows","0","Read","G:\Group_Windt132k\shared\REIT Team\Valley National Bank\Syndication Loan" 
"2026-07-09 13:00:00","WINDT142K3","68424910","WEI.JIANG","Windows","0","Read","G:\Group_Windt132k\shared\REIT Team\Valley National Bank\Synd Bought Loan" 
"2026-07-09 13:00:00","WINDT142K3","68424912","WEI.JIANG","Windows","0","Read","G:\Group_Windt132k\shared\REIT Team\Valley National Bank\Synd Bought Loan" 
"2026-07-09 13:00:00","WINDT142K3","68424913","WEI.JIANG","Windows","0","Read","G:\Group_Windt132k\shared\REIT Team\Valley National Bank\Participation Sold Loan" 
"2026-07-09 13:00:00","WINDT142K3","68424914","WEI.JIANG","Windows","0","Read","G:\Group_Windt132k\shared\REIT Team\Valley National Bank\Participation Sold Loan" 
"2026-07-09 13:00:00","WINDT142K3","68424915","WEI.JIANG","Windows","0","Read","G:\Group_Windt132k\shared\REIT Team\Valley National Bank" 
"2026-07-09 13:00:00","WINDT142K3","68424916","WEI.JIANG","Windows","0","Read","G:\Group_Windt132k\shared\REIT Team\Valley National Bank" 
"2026-07-09 13:00:00","WINDT142K3","68424917","WEI.JIANG","Windows","0","Read","G:\Group_Windt132k\shared\REIT Team\Peachtree\Cadence Bank Transactions" 
"2026-07-09 13:00:00","WINDT142K3","68424919","WEI.JIANG","Windows","0","Read","G:\Group_Windt132k\shared\REIT Team\Peachtree\Cadence Bank Transactions" 
"2026-07-09 13:00:00","WINDT142K3","68424921","WEI.JIANG","Windows","0","Read","G:\Group_Windt132k\shared\REIT Team\Peachtree\PCFIV" 
"2026-07-09 13:00:00","WINDT142K3","68424923","WEI.JIANG","Windows","0","Read","G:\Group_Windt132k\shared\REIT Team\Peachtree\PCFIV" 
"2026-07-09 13:00:00","WINDT142K3","68424926","WEI.JIANG","Windows","0","Read","G:\Group_Windt132k\shared\REIT Team\Peachtree\Non Fund (NF) - Loans in PDOF" 
"2026-07-09 13:00:00","WINDT142K3","68424928","WEI.JIANG","Windows","0","Read","G:\Group_Windt132k\shared\REIT Team\Peachtree\Non Fund (NF) - Loans in PDOF" 
"2026-07-09 13:00:00","WINDT142K3","68424932","WEI.JIANG","Windows","0","Read","G:\Group_Windt132k\shared\REIT Team\Peachtree\PSOF\Billing Statement" 
"2026-07-09 13:00:00","WINDT142K3","68424934","WEI.JIANG","Windows","0","Read","G:\Group_Windt132k\shared\REIT Team\Peachtree\PSOF\Billing Statement" 
"2026-07-09 13:00:00","WINDT142K3","68424936","WEI.JIANG","Windows","0","Read","G:\Group_Windt132k\shared\REIT Team\Peachtree\PSOF" 
"2026-07-09 13:00:00","WINDT142K3","68424939","WEI.JIANG","Windows","0","Read","G:\Group_Windt132k\shared\REIT Team\Peachtree\PSOF" 
"2026-07-09 13:00:00","WINDT142K3","68424940","WEI.JIANG","Windows","0","Read","G:\Group_Windt132k\shared\REIT Team\Peachtree\PDOF\Billing Statements" 
"2026-07-09 13:00:00","WINDT142K3","68424942","WEI.JIANG","Windows","0","Read","G:\Group_Windt132k\shared\REIT Team\Peachtree\PDOF\Billing Statements" 
"2026-07-09 13:00:00","WINDT142K3","68424944","WEI.JIANG","Windows","0","Read","G:\Group_Windt132k\shared\REIT Team\Peachtree\PDOF" 
"2026-07-09 13:00:00","WINDT142K3","68424947","WEI.JIANG","Windows","0","Read","G:\Group_Windt132k\shared\REIT Team\Peachtree\PDOF" 
"2026-07-09 13:00:00","WINDT142K3","68424949","WEI.JIANG","Windows","0","Read","G:\Group_Windt132k\shared\REIT Team\Peachtree\FUND III" 
"2026-07-09 13:00:00","WINDT142K3","68424952","WEI.JIANG","Windows","0","Read","G:\Group_Windt132k\shared\REIT Team\Peachtree\FUND III" 
"2026-07-09 13:00:00","WINDT142K3","68424953","WEI.JIANG","Windows","0","Read","G:\Group_Windt132k\shared\REIT Team\Peachtree\FUND II" 
"2026-07-09 13:00:00","WINDT142K3","68424954","WEI.JIANG","Windows","0","Read","G:\Group_Windt132k\shared\REIT Team\Peachtree\FUND II" 
"2026-07-09 13:00:00","WINDT142K3","68424956","WEI.JIANG","Windows","0","Read","G:\Group_Windt132k\shared\REIT Team\Peachtree" 
"2026-07-09 13:00:00","WINDT142K3","68424957","WEI.JIANG","Windows","0","Read","G:\Group_Windt132k\shared\REIT Team\Peachtree" 
"2026-07-09 13:00:00","WINDT142K3","68424959","WEI.JIANG","Windows","0","Read","G:\Group_Windt132k\shared\REIT Team\Rompsen\WF Transactions" 
"2026-07-09 13:00:00","WINDT142K3","68424961","WEI.JIANG","Windows","0","Read","G:\Group_Windt132k\shared\REIT Team\Rompsen\WF Transactions" 
"2026-07-09 13:00:00","WINDT142K3","68424962","WEI.JIANG","Windows","0","Read","G:\Group_Windt132k\shared\REIT Team\Rompsen\Loan expense to be reimbursed by borrower" 
"2026-07-09 13:00:00","WINDT142K3","68424964","WEI.JIANG","Windows","0","Read","G:\Group_Windt132k\shared\REIT Team\Rompsen\Loan expense to be reimbursed by borrower" 
"2026-07-09 13:00:00","WINDT142K3","68424965","WEI.JIANG","Windows","0","Read","G:\Group_Windt132k\shared\REIT Team\Rompsen\Mortgage Statement" 
"2026-07-09 13:00:00","WINDT142K3","68424967","WEI.JIANG","Windows","0","Read","G:\Group_Windt132k\shared\REIT Team\Rompsen\Mortgage Statement" 
"2026-07-09 13:00:00","WINDT142K3","68424968","WEI.JIANG","Windows","0","Read","G:\Group_Windt132k\shared\REIT Team\Rompsen\Monthly Report" 
"2026-07-09 13:00:00","WINDT142K3","68424970","WEI.JIANG","Windows","0","Read","G:\Group_Windt132k\shared\REIT Team\Rompsen\Monthly Report" 
"2026-07-09 13:00:00","WINDT142K3","68424982","BMCADOO","Windows","0","Read","G:\Group_Windt132k\Shared\KofC\KofC 2026\26.06\Sent Files" 
"2026-07-09 13:00:00","WINDT142K3","68424983","BMCADOO","Windows","0","Read","G:\Group_Windt132k\Shared\KofC\KofC 2026\26.06\Sent Files" 
"2026-07-09 13:00:00","WINDT142K3","68427557","APRATHEP","Windows","0","Read","G:\Group_Windt132k\Shared\REIT Team\Saluda Grade\Loan Servicing\2026\06 June 2026\Remits" 
"2026-07-09 13:00:00","WINDT142K3","68427562","APRATHEP","Windows","0","Read","G:\Group_Windt132k\Shared\REIT Team\Saluda Grade\Loan Servicing\2026\06 June 2026\Remits" 
"2026-07-09 13:00:00","WINDT142K3","68428028","KCARTA","Windows","0","Write + Read","G:\Group_Windt132k\Shared\REIT Team\Saluda Grade\Loan Servicing\2026\06 June 2026\June 2026 Checklist.xlsx" 
"2026-07-09 13:00:00","WINDT142K3","68428032","KCARTA","Windows","0","Write + Read","G:\Group_Windt132k\Shared\REIT Team\Saluda Grade\Loan Servicing\2026\06 June 2026\~$June 2026 Checklist.xlsx" 
"2026-07-09 13:00:00","WINDT142K3","68428405","DBETTERS","Windows","0","Read","G:\Group_Windt132k\Shared\RLI Conversion\06 June 2026\Recon" 
"2026-07-09 13:00:00","WINDT142K3","68428407","DBETTERS","Windows","0","Read","G:\Group_Windt132k\Shared\RLI Conversion\06 June 2026\Recon" 
"2026-07-09 13:00:00","WINDT142K3","68428495","DBETTERS","Windows","0","Write + Read","G:\Group_Windt132k\Shared\RLI Conversion\06 June 2026\Recon\Prelim Quantity check 6.30.26.xlsx" 
"2026-07-09 13:00:00","WINDT142K3","68428547","DBETTERS","Windows","0","Write + Read","G:\Group_Windt132k\Shared\RLI Conversion\06 June 2026\Recon\~$Prelim Quantity check 6.30.26.xlsx" 
"2026-07-09 13:00:00","WINDT142K3","68428783","RKUMAR3","Windows","3","Write + Read","G:\Group_Windt132k\Shared\ANICO\Derivatives CLewis\6.30.2026\Work (Month End)\Reports\PGAAP\Derivative Transactions (PGAAP) QTD June 2026.xls" 
"2026-07-09 13:00:00","WINDT142K3","68430881","KZIADIE","Windows","0","Read","G:\Group_Windt132k\Shared\REIT Team\Peachtree\PCFIV\26053P4N National Dr. Apts. (Project Bella) - Los Angeles, CA\Payoff Statement" 
"2026-07-09 13:00:00","WINDT142K3","68430882","KZIADIE","Windows","0","Read","G:\Group_Windt132k\Shared\REIT Team\Peachtree\PCFIV\26053P4N National Dr. Apts. (Project Bella) - Los Angeles, CA\Payoff Statement" 
"2026-07-09 13:00:00","WINDT142K3","68430883","KZIADIE","Windows","0","Read","G:\Group_Windt132k\Shared\REIT Team\Peachtree\PCFIV\25002P4B Harrington Place - Ferndale, WA - Force Fund 1.28.26\Loan Payoff" 
"2026-07-09 13:00:00","WINDT142K3","68430884","KZIADIE","Windows","0","Read","G:\Group_Windt132k\Shared\REIT Team\Peachtree\PCFIV\25002P4B Harrington Place - Ferndale, WA - Force Fund 1.28.26\Loan Payoff" 
"2026-07-09 13:00:00","WINDT142K3","68432377","KCARTA","Windows","0","Read","G:\Group_Windt132k\Shared\REIT Team\Saluda Grade\Loan Servicing\2026\05 May 2026\Remit Recons\Reviewed" 
"2026-07-09 13:00:00","WINDT142K3","68432378","KCARTA","Windows","0","Read","G:\Group_Windt132k\Shared\REIT Team\Saluda Grade\Loan Servicing\2026\05 May 2026\Remit Recons\Reviewed" 
"2026-07-09 13:00:00","WINDT142K3","68432836","KCARTA","Windows","0","Write + Read","G:\Group_Windt132k\Shared\REIT Team\Saluda Grade\Loan Servicing\2026\06 June 2026\Remits\India Processing\~$SLS-SGLT2 6.30.26 Remittance Recon.xlsx" 
"2026-07-09 13:00:00","WINDT142K3","68433120","RKUMAR3","Windows","0","Write + Read","G:\Group_Windt132k\Shared\ANICO\Derivatives CLewis\6.30.2026\Work (Month End)\GL Recon\ANICO Options PGAAP Recon 6.30.26 Includes Reports - Work_RK.xlsx" 
"2026-07-09 13:00:00","WINDT142K3","68433186","RKUMAR3","Windows","3","Write + Read","G:\Group_Windt132k\Shared\ANICO\Derivatives CLewis\3.31.2026\Work_Month End\GL Recon\Reports\DerivativeTransactions_QTD PGAAP.XLS" 
"2026-07-09 13:00:00","WINDT142K3","68435050","RKUMAR3","Windows","0","Read","G:\Group_Windt132k\Shared\ANICO\Derivatives CLewis\3.31.2026\Work_Month End\GL Recon\Reports" 
"2026-07-09 13:00:00","WINDT142K3","68435052","RKUMAR3","Windows","0","Read","G:\Group_Windt132k\Shared\ANICO\Derivatives CLewis\3.31.2026\Work_Month End\GL Recon\Reports" 
"2026-07-09 13:00:00","WINDT142K3","68435054","RKUMAR3","Windows","0","Read","G:\Group_Windt132k\Shared\ANICO\Derivatives CLewis\6.30.2026\Work (Month End)\Reports\PGAAP" 
"2026-07-09 13:00:00","WINDT142K3","68435055","RKUMAR3","Windows","0","Read","G:\Group_Windt132k\Shared\ANICO\Derivatives CLewis\6.30.2026\Work (Month End)\Reports\PGAAP" 
"2026-07-09 13:00:00","WINDT142K3","68436107","KCARTA","Windows","0","Write + Read","G:\Group_Windt132k\Shared\REIT Team\Saluda Grade\Loan Servicing\2026\06 June 2026\Remits\India Processing\SLS-SGLT2 6.30.26 Remittance Recon.xlsx" 
"2026-07-09 13:00:00","WINDT142K3","68436152","KZIADIE","Windows","0","Read","G:\Group_Windt132k\Shared\REIT Team\Peachtree\Non Fund (NF) - Loans in PDOF\Billing Statements\2026\07 Jul 2026" 
"2026-07-09 13:00:00","WINDT142K3","68436153","KZIADIE","Windows","0","Read","G:\Group_Windt132k\Shared\REIT Team\Peachtree\Non Fund (NF) - Loans in PDOF\Billing Statements\2026\07 Jul 2026" 
"2026-07-09 13:00:00","WINDT142K3","68436312","MMCMANUS","Windows","0","Read","G:\Group_Windt132k\Shared\REIT Team\SG Capital\Purchases\DLRes\2026\07.07.2026" 
"2026-07-09 13:00:00","WINDT142K3","68436314","MMCMANUS","Windows","0","Read","G:\Group_Windt132k\Shared\REIT Team\SG Capital\Purchases\DLRes\2026\07.07.2026" 
"2026-07-09 13:00:00","WINDT142K3","68436358","MMCMANUS","Windows","0","Write + Read","G:\Group_Windt132k\Shared\REIT Team\SG Capital\Purchases\DLRes\2026\07.07.2026\~$G1001 7-7-26 Purchase GL Recon.xlsx" 
"2026-07-09 13:00:00","WINDT142K3","68437418","KCARTA","Windows","0","Write + Read","G:\Group_Windt132k\Shared\REIT Team\Saluda Grade\Loan Servicing\2026\06 June 2026\Remits\SLS\SGLT1\20260531_Inv_1927_SGLT-1_Final_V2 working.xlsx" 
"2026-07-09 13:00:00","WINDT142K3","68437421","KCARTA","Windows","0","Write + Read","G:\Group_Windt132k\Shared\REIT Team\Saluda Grade\Loan Servicing\2026\06 June 2026\Remits\SLS\SGLT1\~$20260531_Inv_1927_SGLT-1_Final_V2 working.xlsx" 
"2026-07-09 13:00:00","WINDT142K3","68437448","KCARTA","Windows","0","Read","G:\Group_Windt132k\Shared\REIT Team\Saluda Grade\Loan Servicing\2026\06 June 2026\Remits\India Processing" 
"2026-07-09 13:00:00","WINDT142K3","68437449","KCARTA","Windows","0","Read","G:\Group_Windt132k\Shared\REIT Team\Saluda Grade\Loan Servicing\2026\06 June 2026\Remits\India Processing" 
"2026-07-09 13:00:00","WINDT142K3","68437451","KCARTA","Windows","0","Write + Read","G:\Group_Windt132k\Shared\REIT Team\Saluda Grade\Loan Servicing\2026\06 June 2026\Remits\India Processing\SLS-SGLT1 6.30.26 Remittance Recon.xlsx" 
"2026-07-09 13:00:00","WINDT142K3","68437455","KCARTA","Windows","0","Write + Read","G:\Group_Windt132k\Shared\REIT Team\Saluda Grade\Loan Servicing\2026\06 June 2026\Remits\India Processing\~$SLS-SGLT1 6.30.26 Remittance Recon.xlsx" 
"2026-07-09 13:00:00","WINDT142K3","68437507","MMCMANUS","Windows","0","Write + Read","G:\Group_Windt132k\Shared\REIT Team\SG Capital\Purchases\DLRes\2026\07.07.2026\G1001 7-7-26 Purchase GL Recon.xlsx" 
"2026-07-09 14:00:00",INFO: The system global flag 'maintain objects list' needs 
"2026-07-09 14:00:00",      to be enabled to see local opened files. 
"2026-07-09 14:00:00",      See Openfiles /? for more information. 
"2026-07-09 14:00:00",Files opened remotely via local share points: 
"2026-07-09 14:00:00",--------------------------------------------- 
"2026-07-09 14:00:00","Hostname","ID","Accessed By","Type","#Locks","Open Mode","Open File (Path\executable)" 
"2026-07-09 14:00:00","WINDT142K3","6","N/A","Windows","0","Write + Read","\PIPE\EVENTLOG" 
"2026-07-09 14:00:00","WINDT142K3","68417633","RKUMAR3","Windows","3","Write + Read","G:\Group_Windt132k\Shared\ANICO\Derivatives CLewis\3.31.2026\Work_Month End\GL Recon\Reports\MarketValueProgression_QTD PGAAP.xls" 
"2026-07-09 14:00:00","WINDT142K3","68424884","WEI.JIANG","Windows","0","Read","G:\Group_Windt132k\shared\REIT Team\Rompsen\Loans" 
"2026-07-09 14:00:00","WINDT142K3","68424886","WEI.JIANG","Windows","0","Read","G:\Group_Windt132k\shared\REIT Team\Rompsen\Loans" 
"2026-07-09 14:00:00","WINDT142K3","68424888","WEI.JIANG","Windows","0","Read","G:\Group_Windt132k\shared\REIT Team\Rompsen" 
"2026-07-09 14:00:00","WINDT142K3","68424890","WEI.JIANG","Windows","0","Read","G:\Group_Windt132k\shared\REIT Team\Rompsen" 
"2026-07-09 14:00:00","WINDT142K3","68424891","WEI.JIANG","Windows","0","Read","G:\Group_Windt132k\shared\REIT Team\Romspen CAD Shadow" 
"2026-07-09 14:00:00","WINDT142K3","68424894","WEI.JIANG","Windows","0","Read","G:\Group_Windt132k\shared\REIT Team\Romspen CAD Shadow" 
"2026-07-09 14:00:00","WINDT142K3","68424896","WEI.JIANG","Windows","0","Read","G:\Group_Windt132k\shared\REIT Team" 
"2026-07-09 14:00:00","WINDT142K3","68424899","WEI.JIANG","Windows","0","Read","G:\Group_Windt132k\shared\REIT Team" 
"2026-07-09 14:00:00","WINDT142K3","68424902","WEI.JIANG","Windows","0","Read","G:\Group_Windt132k\shared\REIT Team\Post Road" 
"2026-07-09 14:00:00","WINDT142K3","68424904","WEI.JIANG","Windows","0","Read","G:\Group_Windt132k\shared\REIT Team\Post Road" 
"2026-07-09 14:00:00","WINDT142K3","68424907","WEI.JIANG","Windows","0","Read","G:\Group_Windt132k\shared\REIT Team\Valley National Bank\Syndication Loan" 
"2026-07-09 14:00:00","WINDT142K3","68424909","WEI.JIANG","Windows","0","Read","G:\Group_Windt132k\shared\REIT Team\Valley National Bank\Syndication Loan" 
"2026-07-09 14:00:00","WINDT142K3","68424910","WEI.JIANG","Windows","0","Read","G:\Group_Windt132k\shared\REIT Team\Valley National Bank\Synd Bought Loan" 
"2026-07-09 14:00:00","WINDT142K3","68424912","WEI.JIANG","Windows","0","Read","G:\Group_Windt132k\shared\REIT Team\Valley National Bank\Synd Bought Loan" 
"2026-07-09 14:00:00","WINDT142K3","68424913","WEI.JIANG","Windows","0","Read","G:\Group_Windt132k\shared\REIT Team\Valley National Bank\Participation Sold Loan" 
"2026-07-09 14:00:00","WINDT142K3","68424914","WEI.JIANG","Windows","0","Read","G:\Group_Windt132k\shared\REIT Team\Valley National Bank\Participation Sold Loan" 
"2026-07-09 14:00:00","WINDT142K3","68424915","WEI.JIANG","Windows","0","Read","G:\Group_Windt132k\shared\REIT Team\Valley National Bank" 
"2026-07-09 14:00:00","WINDT142K3","68424916","WEI.JIANG","Windows","0","Read","G:\Group_Windt132k\shared\REIT Team\Valley National Bank" 
"2026-07-09 14:00:00","WINDT142K3","68424917","WEI.JIANG","Windows","0","Read","G:\Group_Windt132k\shared\REIT Team\Peachtree\Cadence Bank Transactions" 
"2026-07-09 14:00:00","WINDT142K3","68424919","WEI.JIANG","Windows","0","Read","G:\Group_Windt132k\shared\REIT Team\Peachtree\Cadence Bank Transactions" 
"2026-07-09 14:00:00","WINDT142K3","68424921","WEI.JIANG","Windows","0","Read","G:\Group_Windt132k\shared\REIT Team\Peachtree\PCFIV" 
"2026-07-09 14:00:00","WINDT142K3","68424923","WEI.JIANG","Windows","0","Read","G:\Group_Windt132k\shared\REIT Team\Peachtree\PCFIV" 
"2026-07-09 14:00:00","WINDT142K3","68424926","WEI.JIANG","Windows","0","Read","G:\Group_Windt132k\shared\REIT Team\Peachtree\Non Fund (NF) - Loans in PDOF" 
"2026-07-09 14:00:00","WINDT142K3","68424928","WEI.JIANG","Windows","0","Read","G:\Group_Windt132k\shared\REIT Team\Peachtree\Non Fund (NF) - Loans in PDOF" 
"2026-07-09 14:00:00","WINDT142K3","68424932","WEI.JIANG","Windows","0","Read","G:\Group_Windt132k\shared\REIT Team\Peachtree\PSOF\Billing Statement" 
"2026-07-09 14:00:00","WINDT142K3","68424934","WEI.JIANG","Windows","0","Read","G:\Group_Windt132k\shared\REIT Team\Peachtree\PSOF\Billing Statement" 
"2026-07-09 14:00:00","WINDT142K3","68424936","WEI.JIANG","Windows","0","Read","G:\Group_Windt132k\shared\REIT Team\Peachtree\PSOF" 
"2026-07-09 14:00:00","WINDT142K3","68424939","WEI.JIANG","Windows","0","Read","G:\Group_Windt132k\shared\REIT Team\Peachtree\PSOF" 
"2026-07-09 14:00:00","WINDT142K3","68424940","WEI.JIANG","Windows","0","Read","G:\Group_Windt132k\shared\REIT Team\Peachtree\PDOF\Billing Statements" 
"2026-07-09 14:00:00","WINDT142K3","68424942","WEI.JIANG","Windows","0","Read","G:\Group_Windt132k\shared\REIT Team\Peachtree\PDOF\Billing Statements" 
"2026-07-09 14:00:00","WINDT142K3","68424944","WEI.JIANG","Windows","0","Read","G:\Group_Windt132k\shared\REIT Team\Peachtree\PDOF" 
"2026-07-09 14:00:00","WINDT142K3","68424947","WEI.JIANG","Windows","0","Read","G:\Group_Windt132k\shared\REIT Team\Peachtree\PDOF" 
"2026-07-09 14:00:00","WINDT142K3","68424949","WEI.JIANG","Windows","0","Read","G:\Group_Windt132k\shared\REIT Team\Peachtree\FUND III" 
"2026-07-09 14:00:00","WINDT142K3","68424952","WEI.JIANG","Windows","0","Read","G:\Group_Windt132k\shared\REIT Team\Peachtree\FUND III" 
"2026-07-09 14:00:00","WINDT142K3","68424953","WEI.JIANG","Windows","0","Read","G:\Group_Windt132k\shared\REIT Team\Peachtree\FUND II" 
"2026-07-09 14:00:00","WINDT142K3","68424954","WEI.JIANG","Windows","0","Read","G:\Group_Windt132k\shared\REIT Team\Peachtree\FUND II" 
"2026-07-09 14:00:00","WINDT142K3","68424956","WEI.JIANG","Windows","0","Read","G:\Group_Windt132k\shared\REIT Team\Peachtree" 
"2026-07-09 14:00:00","WINDT142K3","68424957","WEI.JIANG","Windows","0","Read","G:\Group_Windt132k\shared\REIT Team\Peachtree" 
"2026-07-09 14:00:00","WINDT142K3","68424959","WEI.JIANG","Windows","0","Read","G:\Group_Windt132k\shared\REIT Team\Rompsen\WF Transactions" 
"2026-07-09 14:00:00","WINDT142K3","68424961","WEI.JIANG","Windows","0","Read","G:\Group_Windt132k\shared\REIT Team\Rompsen\WF Transactions" 
"2026-07-09 14:00:00","WINDT142K3","68424962","WEI.JIANG","Windows","0","Read","G:\Group_Windt132k\shared\REIT Team\Rompsen\Loan expense to be reimbursed by borrower" 
"2026-07-09 14:00:00","WINDT142K3","68424964","WEI.JIANG","Windows","0","Read","G:\Group_Windt132k\shared\REIT Team\Rompsen\Loan expense to be reimbursed by borrower" 
"2026-07-09 14:00:00","WINDT142K3","68424965","WEI.JIANG","Windows","0","Read","G:\Group_Windt132k\shared\REIT Team\Rompsen\Mortgage Statement" 
"2026-07-09 14:00:00","WINDT142K3","68424967","WEI.JIANG","Windows","0","Read","G:\Group_Windt132k\shared\REIT Team\Rompsen\Mortgage Statement" 
"2026-07-09 14:00:00","WINDT142K3","68424968","WEI.JIANG","Windows","0","Read","G:\Group_Windt132k\shared\REIT Team\Rompsen\Monthly Report" 
"2026-07-09 14:00:00","WINDT142K3","68424970","WEI.JIANG","Windows","0","Read","G:\Group_Windt132k\shared\REIT Team\Rompsen\Monthly Report" 
"2026-07-09 14:00:00","WINDT142K3","68427557","APRATHEP","Windows","0","Read","G:\Group_Windt132k\Shared\REIT Team\Saluda Grade\Loan Servicing\2026\06 June 2026\Remits" 
"2026-07-09 14:00:00","WINDT142K3","68427562","APRATHEP","Windows","0","Read","G:\Group_Windt132k\Shared\REIT Team\Saluda Grade\Loan Servicing\2026\06 June 2026\Remits" 
"2026-07-09 14:00:00","WINDT142K3","68428028","KCARTA","Windows","0","Write + Read","G:\Group_Windt132k\Shared\REIT Team\Saluda Grade\Loan Servicing\2026\06 June 2026\June 2026 Checklist.xlsx" 
"2026-07-09 14:00:00","WINDT142K3","68428032","KCARTA","Windows","0","Write + Read","G:\Group_Windt132k\Shared\REIT Team\Saluda Grade\Loan Servicing\2026\06 June 2026\~$June 2026 Checklist.xlsx" 
"2026-07-09 14:00:00","WINDT142K3","68428495","DBETTERS","Windows","0","Write + Read","G:\Group_Windt132k\Shared\RLI Conversion\06 June 2026\Recon\Prelim Quantity check 6.30.26.xlsx" 
"2026-07-09 14:00:00","WINDT142K3","68428547","DBETTERS","Windows","0","Write + Read","G:\Group_Windt132k\Shared\RLI Conversion\06 June 2026\Recon\~$Prelim Quantity check 6.30.26.xlsx" 
"2026-07-09 14:00:00","WINDT142K3","68428783","RKUMAR3","Windows","3","Write + Read","G:\Group_Windt132k\Shared\ANICO\Derivatives CLewis\6.30.2026\Work (Month End)\Reports\PGAAP\Derivative Transactions (PGAAP) QTD June 2026.xls" 
"2026-07-09 14:00:00","WINDT142K3","68432377","KCARTA","Windows","0","Read","G:\Group_Windt132k\Shared\REIT Team\Saluda Grade\Loan Servicing\2026\05 May 2026\Remit Recons\Reviewed" 
"2026-07-09 14:00:00","WINDT142K3","68432378","KCARTA","Windows","0","Read","G:\Group_Windt132k\Shared\REIT Team\Saluda Grade\Loan Servicing\2026\05 May 2026\Remit Recons\Reviewed" 
"2026-07-09 14:00:00","WINDT142K3","68432836","KCARTA","Windows","0","Write + Read","G:\Group_Windt132k\Shared\REIT Team\Saluda Grade\Loan Servicing\2026\06 June 2026\Remits\India Processing\~$SLS-SGLT2 6.30.26 Remittance Recon.xlsx" 
"2026-07-09 14:00:00","WINDT142K3","68433186","RKUMAR3","Windows","3","Write + Read","G:\Group_Windt132k\Shared\ANICO\Derivatives CLewis\3.31.2026\Work_Month End\GL Recon\Reports\DerivativeTransactions_QTD PGAAP.XLS" 
"2026-07-09 14:00:00","WINDT142K3","68436107","KCARTA","Windows","0","Write + Read","G:\Group_Windt132k\Shared\REIT Team\Saluda Grade\Loan Servicing\2026\06 June 2026\Remits\India Processing\SLS-SGLT2 6.30.26 Remittance Recon.xlsx" 
"2026-07-09 14:00:00","WINDT142K3","68437418","KCARTA","Windows","0","Write + Read","G:\Group_Windt132k\Shared\REIT Team\Saluda Grade\Loan Servicing\2026\06 June 2026\Remits\SLS\SGLT1\20260531_Inv_1927_SGLT-1_Final_V2 working.xlsx" 
"2026-07-09 14:00:00","WINDT142K3","68437421","KCARTA","Windows","0","Write + Read","G:\Group_Windt132k\Shared\REIT Team\Saluda Grade\Loan Servicing\2026\06 June 2026\Remits\SLS\SGLT1\~$20260531_Inv_1927_SGLT-1_Final_V2 working.xlsx" 
"2026-07-09 14:00:00","WINDT142K3","68437448","KCARTA","Windows","0","Read","G:\Group_Windt132k\Shared\REIT Team\Saluda Grade\Loan Servicing\2026\06 June 2026\Remits\India Processing" 
"2026-07-09 14:00:00","WINDT142K3","68437449","KCARTA","Windows","0","Read","G:\Group_Windt132k\Shared\REIT Team\Saluda Grade\Loan Servicing\2026\06 June 2026\Remits\India Processing" 
"2026-07-09 14:00:00","WINDT142K3","68437451","KCARTA","Windows","0","Write + Read","G:\Group_Windt132k\Shared\REIT Team\Saluda Grade\Loan Servicing\2026\06 June 2026\Remits\India Processing\SLS-SGLT1 6.30.26 Remittance Recon.xlsx" 
"2026-07-09 14:00:00","WINDT142K3","68437455","KCARTA","Windows","0","Write + Read","G:\Group_Windt132k\Shared\REIT Team\Saluda Grade\Loan Servicing\2026\06 June 2026\Remits\India Processing\~$SLS-SGLT1 6.30.26 Remittance Recon.xlsx" 
"2026-07-09 14:00:00","WINDT142K3","68437890","JCACCAVA","Windows","0","Read","G:\Group_Windt132k\Shared\REIT Team\SG Capital\Monthly Report\2026\G1001\06.30.26\EOM" 
"2026-07-09 14:00:00","WINDT142K3","68437891","JCACCAVA","Windows","0","Read","G:\Group_Windt132k\Shared\REIT Team\SG Capital\Monthly Report\2026\G1001\06.30.26\EOM" 
"2026-07-09 14:00:00","WINDT142K3","68438203","DBETTERS","Windows","0","Read","G:\Group_Windt132k\Shared\RLI Conversion\06 June 2026" 
"2026-07-09 14:00:00","WINDT142K3","68438205","DBETTERS","Windows","0","Read","G:\Group_Windt132k\Shared\RLI Conversion\06 June 2026" 
"2026-07-09 14:00:00","WINDT142K3","68438571","RKUMAR3","Windows","0","Write + Read","G:\Group_Windt132k\Shared\ANICO\Derivatives CLewis\3.31.2026\Work_Month End\GL Recon\ANICO Options PGAAP Recon 3.31.26 includes reports - (Work).xlsx" 
"2026-07-09 14:00:00","WINDT142K3","68438590","RKUMAR3","Windows","0","Write + Read","G:\Group_Windt132k\Shared\ANICO\Derivatives CLewis\3.31.2026\Work_Month End\GL Recon\~$ANICO Options PGAAP Recon 3.31.26 includes reports - (Work).xlsx" 
"2026-07-09 14:00:00","WINDT142K3","68438756","RKUMAR3","Windows","0","Write + Read","G:\Group_Windt132k\Shared\ANICO\Derivatives CLewis\6.30.2026\ANICO Options Mth End Procedures June 2026.xlsx" 
"2026-07-09 14:00:00","WINDT142K3","68438766","DBETTERS","Windows","0","Write + Read","G:\Group_Windt132k\Shared\RLI Conversion\06 June 2026\RLI Cash Reconciliation 06.26.26.xlsx" 
"2026-07-09 14:00:00","WINDT142K3","68438775","DBETTERS","Windows","0","Write + Read","G:\Group_Windt132k\Shared\RLI Conversion\06 June 2026\~$RLI Cash Reconciliation 06.26.26.xlsx" 
"2026-07-09 14:00:00","WINDT142K3","68438951","KZIADIE","Windows","0","Write + Read","G:\Group_Windt132k\Shared\REIT Team\Peachtree\PSOF\24064P2N The Chocolate Factory - Mansfield, MA\Payoff\~$The Chocolate Factory - Mansfield, MA_Peachtree Payoff Cal_07.31.2026.xlsx" 
"2026-07-09 14:00:00","WINDT142K3","68438993","KZIADIE","Windows","0","Write + Read","G:\Group_Windt132k\Shared\REIT Team\Peachtree\PSOF\24064P2N The Chocolate Factory - Mansfield, MA\Payoff\The Chocolate Factory - Mansfield, MA_Peachtree Payoff Cal_07.31.2026.xlsx" 
"2026-07-09 14:00:00","WINDT142K3","68439317","KZIADIE","Windows","0","Write + Read","G:\Group_Windt132k\Shared\REIT Team\Peachtree\PSOF\24064P2N The Chocolate Factory - Mansfield, MA\Payoff\The Chocolate Factory - Mansfield, MA_Peachtree Payoff_7.31.26.docx" 
"2026-07-09 14:00:00","WINDT142K3","68439464","DBETTERS","Windows","0","Write + Read","G:\Group_Windt132k\Shared\RLI Conversion\06 June 2026\RLI.GOCSVUPLOAD June26_4.csv" 
"2026-07-09 14:00:00","WINDT142K3","68439537","KZIADIE","Windows","0","Read","G:\Group_Windt132k\Shared\REIT Team\Peachtree\PCFIV\26053P4N National Dr. Apts. (Project Bella) - Los Angeles, CA\Payoff Statement" 
"2026-07-09 14:00:00","WINDT142K3","68439538","KZIADIE","Windows","0","Read","G:\Group_Windt132k\Shared\REIT Team\Peachtree\PCFIV\26053P4N National Dr. Apts. (Project Bella) - Los Angeles, CA\Payoff Statement" 
"2026-07-09 14:00:00","WINDT142K3","68439539","KZIADIE","Windows","0","Read","G:\Group_Windt132k\Shared\REIT Team\Peachtree\PCFIV\25002P4B Harrington Place - Ferndale, WA - Force Fund 1.28.26\Loan Payoff" 
"2026-07-09 14:00:00","WINDT142K3","68439540","KZIADIE","Windows","0","Read","G:\Group_Windt132k\Shared\REIT Team\Peachtree\PCFIV\25002P4B Harrington Place - Ferndale, WA - Force Fund 1.28.26\Loan Payoff" 
"2026-07-09 14:00:00","WINDT142K3","68440126","KZIADIE","Windows","0","Read","G:\Group_Windt132k\Shared\REIT Team\Peachtree\PCFIV\26049P4B Flamingo Crossing 4-Pack - Winter Garden, FL\Closing Binder\Flamingo Crossings 4 Pack - Winter Garden, FL - Loan Agreement.pdf" 
"2026-07-09 14:00:00","WINDT142K3","68440469","KZIADIE","Windows","0","Read","G:\Group_Windt132k\Shared\REIT Team\Peachtree\Templates\New Loan Setup" 
"2026-07-09 14:00:00","WINDT142K3","68440470","KZIADIE","Windows","0","Read","G:\Group_Windt132k\Shared\REIT Team\Peachtree\Templates\New Loan Setup" 
"2026-07-09 14:00:00","WINDT142K3","68440600","MPARLAPI","Windows","0","Read","G:\Group_Windt132k\Shared\ANICO\Derivatives CLewis\6.30.2026" 
"2026-07-09 14:00:00","WINDT142K3","68440601","MPARLAPI","Windows","0","Read","G:\Group_Windt132k\Shared\ANICO\Derivatives CLewis\6.30.2026" 
"2026-07-09 14:00:00","WINDT142K3","68440719","KZIADIE","Windows","0","Read","G:\Group_Windt132k\Shared\REIT Team\Peachtree\PCFIV\26049P4B Flamingo Crossing 4-Pack - Winter Garden, FL\Tax\W9 - FCHA.pdf" 
"2026-07-09 14:00:00","WINDT142K3","68440743","KZIADIE","Windows","0","Read","G:\Group_Windt132k\Shared\REIT Team\Peachtree\PCFIV\26049P4B Flamingo Crossing 4-Pack - Winter Garden, FL\Tax\W9 OHG.pdf" 
"2026-07-09 14:00:00","WINDT142K3","68440831","TFEBLES","Windows","0","Read","G:\Group_Windt132k\Shared\REIT Team\Rompsen\Monthly Report\07.31.2026" 
"2026-07-09 14:00:00","WINDT142K3","68440832","TFEBLES","Windows","0","Read","G:\Group_Windt132k\Shared\REIT Team\Rompsen\Monthly Report\07.31.2026" 
"2026-07-09 14:00:00","WINDT142K3","68440943","KZIADIE","Windows","0","Read","G:\Group_Windt132k\Shared\REIT Team\Peachtree\PCFIV\26049P4B Flamingo Crossing 4-Pack - Winter Garden, FL\Peachtree Group - Flamingo Crossings Portfolio - 5 Year Tax Estimate 2026-5-1-1.pdf" 
"2026-07-09 14:00:00","WINDT142K3","68441012","KZIADIE","Windows","0","Read","G:\Group_Windt132k\Shared\REIT Team\Peachtree\PCFIV\26049P4B Flamingo Crossing 4-Pack - Winter Garden, FL\Settlement Statement\Flamingo Crossings Portfolio  - Winter Garden, FL - Settlement Statement - EXECUTED (2026 06 30).pdf" 
"2026-07-09 14:00:00","WINDT142K3","68441261","BMCADOO","Windows","0","Read","G:\Group_Windt132k\Shared\ANICO\LPs\ANICO LP Production\ANICO LP 2Q26" 
"2026-07-09 14:00:00","WINDT142K3","68441262","BMCADOO","Windows","0","Read","G:\Group_Windt132k\Shared\ANICO\LPs\ANICO LP Production\ANICO LP 2Q26" 
"2026-07-09 14:00:00","WINDT142K3","68441330","KZIADIE","Windows","0","Read","G:\Group_Windt132k\Shared\REIT Team\Peachtree\PCFIV\26049P4B Flamingo Crossing 4-Pack - Winter Garden, FL" 
"2026-07-09 14:00:00","WINDT142K3","68441332","KZIADIE","Windows","0","Read","G:\Group_Windt132k\Shared\REIT Team\Peachtree\PCFIV\26049P4B Flamingo Crossing 4-Pack - Winter Garden, FL" 
"2026-07-09 14:00:00","WINDT142K3","68441822","TFEBLES","Windows","0","Write + Read","G:\Group_Windt132k\Shared\REIT Team\Rompsen\Loans\8706 - 10029 Rufo Properties Portfolio 12.28.2018\Payoff\06.30.2026\Romspen_Loan_Statement_Calculation_8706_06.30.2026.xlsx" 
"2026-07-09 14:00:00","WINDT142K3","68441937","BMCADOO","Windows","0","Write + Read","G:\Group_Windt132k\Shared\ANICO\LPs\ANICO LP Production\ANICO LP 2Q26\~$ANIC June 2026 LP Control GAAP and STAT EMA_BA.xlsx" 
"2026-07-09 14:00:00","WINDT142K3","68442184","BMCADOO","Windows","0","Write + Read","G:\Group_Windt132k\Shared\ANICO\LPs\ANICO LP Production\ANICO LP 2Q26\ANIC June 2026 LP Control GAAP and STAT EMA_BA.xlsx" 
"2026-07-09 14:00:00","WINDT142K3","68442311","TFEBLES","Windows","0","Read","G:\Group_Windt132k\Shared\REIT Team\Rompsen\Loans\8706 - 10029 Rufo Properties Portfolio 12.28.2018\Payoff\06.30.2026" 
"2026-07-09 14:00:00","WINDT142K3","68442313","TFEBLES","Windows","0","Read","G:\Group_Windt132k\Shared\REIT Team\Rompsen\Loans\8706 - 10029 Rufo Properties Portfolio 12.28.2018\Payoff\06.30.2026" 
"2026-07-09 14:00:00","WINDT142K3","68443464","RKUMAR3","Windows","0","Read","G:\Group_Windt132k\Shared\ANICO\Derivatives CLewis\6.30.2026\Work (Month End)\GL Recon" 
"2026-07-09 14:00:00","WINDT142K3","68443467","RKUMAR3","Windows","0","Read","G:\Group_Windt132k\Shared\ANICO\Derivatives CLewis\6.30.2026\Work (Month End)\GL Recon" 
"2026-07-09 14:00:00","WINDT142K3","68443614","KZIADIE","Windows","0","Write + Read","G:\Group_Windt132k\Shared\REIT Team\Peachtree\PCFIV\26049P4B Flamingo Crossing 4-Pack - Winter Garden, FL\~$Flamingo Crossings 4 Pack - Winter Garden, FL - New Loan Onboarding Checklist.xlsx" 
"2026-07-09 14:00:00","WINDT142K3","68443712","KZIADIE","Windows","0","Write + Read","G:\Group_Windt132k\Shared\REIT Team\Peachtree\PCFIV\26049P4B Flamingo Crossing 4-Pack - Winter Garden, FL\Flamingo Crossings 4 Pack - Winter Garden, FL - New Loan Onboarding Checklist.xlsx" 
"2026-07-09 14:00:00","WINDT142K3","68443864","RKUMAR3","Windows","0","Read","G:\Group_Windt132k\Shared\ANICO\Derivatives CLewis\6.30.2026\Sent to ANICO" 
"2026-07-09 14:00:00","WINDT142K3","68443866","RKUMAR3","Windows","0","Read","G:\Group_Windt132k\Shared\ANICO\Derivatives CLewis\6.30.2026\Sent to ANICO" 
"2026-07-09 14:00:00","WINDT142K3","68445286","MMCMANUS","Windows","0","Read","G:\Group_Windt132k\Shared\REIT Team\SG Capital\Monthly Report\2026\MoO\06.30.26\EOM" 
"2026-07-09 14:00:00","WINDT142K3","68445287","MMCMANUS","Windows","0","Read","G:\Group_Windt132k\Shared\REIT Team\SG Capital\Monthly Report\2026\MoO\06.30.26\EOM" 
"2026-07-09 15:00:00",INFO: The system global flag 'maintain objects list' needs 
"2026-07-09 15:00:00",      to be enabled to see local opened files. 
"2026-07-09 15:00:00",      See Openfiles /? for more information. 
"2026-07-09 15:00:00",Files opened remotely via local share points: 
"2026-07-09 15:00:00",--------------------------------------------- 
"2026-07-09 15:00:00","Hostname","ID","Accessed By","Type","#Locks","Open Mode","Open File (Path\executable)" 
"2026-07-09 15:00:00","WINDT142K3","6","N/A","Windows","0","Write + Read","\PIPE\EVENTLOG" 
"2026-07-09 15:00:00","WINDT142K3","68417633","RKUMAR3","Windows","3","Write + Read","G:\Group_Windt132k\Shared\ANICO\Derivatives CLewis\3.31.2026\Work_Month End\GL Recon\Reports\MarketValueProgression_QTD PGAAP.xls" 
"2026-07-09 15:00:00","WINDT142K3","68424884","WEI.JIANG","Windows","0","Read","G:\Group_Windt132k\shared\REIT Team\Rompsen\Loans" 
"2026-07-09 15:00:00","WINDT142K3","68424886","WEI.JIANG","Windows","0","Read","G:\Group_Windt132k\shared\REIT Team\Rompsen\Loans" 
"2026-07-09 15:00:00","WINDT142K3","68424888","WEI.JIANG","Windows","0","Read","G:\Group_Windt132k\shared\REIT Team\Rompsen" 
"2026-07-09 15:00:00","WINDT142K3","68424890","WEI.JIANG","Windows","0","Read","G:\Group_Windt132k\shared\REIT Team\Rompsen" 
"2026-07-09 15:00:00","WINDT142K3","68424891","WEI.JIANG","Windows","0","Read","G:\Group_Windt132k\shared\REIT Team\Romspen CAD Shadow" 
"2026-07-09 15:00:00","WINDT142K3","68424894","WEI.JIANG","Windows","0","Read","G:\Group_Windt132k\shared\REIT Team\Romspen CAD Shadow" 
"2026-07-09 15:00:00","WINDT142K3","68424896","WEI.JIANG","Windows","0","Read","G:\Group_Windt132k\shared\REIT Team" 
"2026-07-09 15:00:00","WINDT142K3","68424899","WEI.JIANG","Windows","0","Read","G:\Group_Windt132k\shared\REIT Team" 
"2026-07-09 15:00:00","WINDT142K3","68424902","WEI.JIANG","Windows","0","Read","G:\Group_Windt132k\shared\REIT Team\Post Road" 
"2026-07-09 15:00:00","WINDT142K3","68424904","WEI.JIANG","Windows","0","Read","G:\Group_Windt132k\shared\REIT Team\Post Road" 
"2026-07-09 15:00:00","WINDT142K3","68424907","WEI.JIANG","Windows","0","Read","G:\Group_Windt132k\shared\REIT Team\Valley National Bank\Syndication Loan" 
"2026-07-09 15:00:00","WINDT142K3","68424909","WEI.JIANG","Windows","0","Read","G:\Group_Windt132k\shared\REIT Team\Valley National Bank\Syndication Loan" 
"2026-07-09 15:00:00","WINDT142K3","68424910","WEI.JIANG","Windows","0","Read","G:\Group_Windt132k\shared\REIT Team\Valley National Bank\Synd Bought Loan" 
"2026-07-09 15:00:00","WINDT142K3","68424912","WEI.JIANG","Windows","0","Read","G:\Group_Windt132k\shared\REIT Team\Valley National Bank\Synd Bought Loan" 
"2026-07-09 15:00:00","WINDT142K3","68424913","WEI.JIANG","Windows","0","Read","G:\Group_Windt132k\shared\REIT Team\Valley National Bank\Participation Sold Loan" 
"2026-07-09 15:00:00","WINDT142K3","68424914","WEI.JIANG","Windows","0","Read","G:\Group_Windt132k\shared\REIT Team\Valley National Bank\Participation Sold Loan" 
"2026-07-09 15:00:00","WINDT142K3","68424915","WEI.JIANG","Windows","0","Read","G:\Group_Windt132k\shared\REIT Team\Valley National Bank" 
"2026-07-09 15:00:00","WINDT142K3","68424916","WEI.JIANG","Windows","0","Read","G:\Group_Windt132k\shared\REIT Team\Valley National Bank" 
"2026-07-09 15:00:00","WINDT142K3","68424917","WEI.JIANG","Windows","0","Read","G:\Group_Windt132k\shared\REIT Team\Peachtree\Cadence Bank Transactions" 
"2026-07-09 15:00:00","WINDT142K3","68424919","WEI.JIANG","Windows","0","Read","G:\Group_Windt132k\shared\REIT Team\Peachtree\Cadence Bank Transactions" 
"2026-07-09 15:00:00","WINDT142K3","68424921","WEI.JIANG","Windows","0","Read","G:\Group_Windt132k\shared\REIT Team\Peachtree\PCFIV" 
"2026-07-09 15:00:00","WINDT142K3","68424923","WEI.JIANG","Windows","0","Read","G:\Group_Windt132k\shared\REIT Team\Peachtree\PCFIV" 
"2026-07-09 15:00:00","WINDT142K3","68424926","WEI.JIANG","Windows","0","Read","G:\Group_Windt132k\shared\REIT Team\Peachtree\Non Fund (NF) - Loans in PDOF" 
"2026-07-09 15:00:00","WINDT142K3","68424928","WEI.JIANG","Windows","0","Read","G:\Group_Windt132k\shared\REIT Team\Peachtree\Non Fund (NF) - Loans in PDOF" 
"2026-07-09 15:00:00","WINDT142K3","68424932","WEI.JIANG","Windows","0","Read","G:\Group_Windt132k\shared\REIT Team\Peachtree\PSOF\Billing Statement" 
"2026-07-09 15:00:00","WINDT142K3","68424934","WEI.JIANG","Windows","0","Read","G:\Group_Windt132k\shared\REIT Team\Peachtree\PSOF\Billing Statement" 
"2026-07-09 15:00:00","WINDT142K3","68424936","WEI.JIANG","Windows","0","Read","G:\Group_Windt132k\shared\REIT Team\Peachtree\PSOF" 
"2026-07-09 15:00:00","WINDT142K3","68424939","WEI.JIANG","Windows","0","Read","G:\Group_Windt132k\shared\REIT Team\Peachtree\PSOF" 
"2026-07-09 15:00:00","WINDT142K3","68424940","WEI.JIANG","Windows","0","Read","G:\Group_Windt132k\shared\REIT Team\Peachtree\PDOF\Billing Statements" 
"2026-07-09 15:00:00","WINDT142K3","68424942","WEI.JIANG","Windows","0","Read","G:\Group_Windt132k\shared\REIT Team\Peachtree\PDOF\Billing Statements" 
"2026-07-09 15:00:00","WINDT142K3","68424944","WEI.JIANG","Windows","0","Read","G:\Group_Windt132k\shared\REIT Team\Peachtree\PDOF" 
"2026-07-09 15:00:00","WINDT142K3","68424947","WEI.JIANG","Windows","0","Read","G:\Group_Windt132k\shared\REIT Team\Peachtree\PDOF" 
"2026-07-09 15:00:00","WINDT142K3","68424949","WEI.JIANG","Windows","0","Read","G:\Group_Windt132k\shared\REIT Team\Peachtree\FUND III" 
"2026-07-09 15:00:00","WINDT142K3","68424952","WEI.JIANG","Windows","0","Read","G:\Group_Windt132k\shared\REIT Team\Peachtree\FUND III" 
"2026-07-09 15:00:00","WINDT142K3","68424953","WEI.JIANG","Windows","0","Read","G:\Group_Windt132k\shared\REIT Team\Peachtree\FUND II" 
"2026-07-09 15:00:00","WINDT142K3","68424954","WEI.JIANG","Windows","0","Read","G:\Group_Windt132k\shared\REIT Team\Peachtree\FUND II" 
"2026-07-09 15:00:00","WINDT142K3","68424956","WEI.JIANG","Windows","0","Read","G:\Group_Windt132k\shared\REIT Team\Peachtree" 
"2026-07-09 15:00:00","WINDT142K3","68424957","WEI.JIANG","Windows","0","Read","G:\Group_Windt132k\shared\REIT Team\Peachtree" 
"2026-07-09 15:00:00","WINDT142K3","68424959","WEI.JIANG","Windows","0","Read","G:\Group_Windt132k\shared\REIT Team\Rompsen\WF Transactions" 
"2026-07-09 15:00:00","WINDT142K3","68424961","WEI.JIANG","Windows","0","Read","G:\Group_Windt132k\shared\REIT Team\Rompsen\WF Transactions" 
"2026-07-09 15:00:00","WINDT142K3","68424962","WEI.JIANG","Windows","0","Read","G:\Group_Windt132k\shared\REIT Team\Rompsen\Loan expense to be reimbursed by borrower" 
"2026-07-09 15:00:00","WINDT142K3","68424964","WEI.JIANG","Windows","0","Read","G:\Group_Windt132k\shared\REIT Team\Rompsen\Loan expense to be reimbursed by borrower" 
"2026-07-09 15:00:00","WINDT142K3","68424965","WEI.JIANG","Windows","0","Read","G:\Group_Windt132k\shared\REIT Team\Rompsen\Mortgage Statement" 
"2026-07-09 15:00:00","WINDT142K3","68424967","WEI.JIANG","Windows","0","Read","G:\Group_Windt132k\shared\REIT Team\Rompsen\Mortgage Statement" 
"2026-07-09 15:00:00","WINDT142K3","68424968","WEI.JIANG","Windows","0","Read","G:\Group_Windt132k\shared\REIT Team\Rompsen\Monthly Report" 
"2026-07-09 15:00:00","WINDT142K3","68424970","WEI.JIANG","Windows","0","Read","G:\Group_Windt132k\shared\REIT Team\Rompsen\Monthly Report" 
"2026-07-09 15:00:00","WINDT142K3","68428028","KCARTA","Windows","0","Write + Read","G:\Group_Windt132k\Shared\REIT Team\Saluda Grade\Loan Servicing\2026\06 June 2026\June 2026 Checklist.xlsx" 
"2026-07-09 15:00:00","WINDT142K3","68428032","KCARTA","Windows","0","Write + Read","G:\Group_Windt132k\Shared\REIT Team\Saluda Grade\Loan Servicing\2026\06 June 2026\~$June 2026 Checklist.xlsx" 
"2026-07-09 15:00:00","WINDT142K3","68428783","RKUMAR3","Windows","3","Write + Read","G:\Group_Windt132k\Shared\ANICO\Derivatives CLewis\6.30.2026\Work (Month End)\Reports\PGAAP\Derivative Transactions (PGAAP) QTD June 2026.xls" 
"2026-07-09 15:00:00","WINDT142K3","68432377","KCARTA","Windows","0","Read","G:\Group_Windt132k\Shared\REIT Team\Saluda Grade\Loan Servicing\2026\05 May 2026\Remit Recons\Reviewed" 
"2026-07-09 15:00:00","WINDT142K3","68432378","KCARTA","Windows","0","Read","G:\Group_Windt132k\Shared\REIT Team\Saluda Grade\Loan Servicing\2026\05 May 2026\Remit Recons\Reviewed" 
"2026-07-09 15:00:00","WINDT142K3","68433186","RKUMAR3","Windows","3","Write + Read","G:\Group_Windt132k\Shared\ANICO\Derivatives CLewis\3.31.2026\Work_Month End\GL Recon\Reports\DerivativeTransactions_QTD PGAAP.XLS" 
"2026-07-09 15:00:00","WINDT142K3","68438571","RKUMAR3","Windows","0","Write + Read","G:\Group_Windt132k\Shared\ANICO\Derivatives CLewis\3.31.2026\Work_Month End\GL Recon\ANICO Options PGAAP Recon 3.31.26 includes reports - (Work).xlsx" 
"2026-07-09 15:00:00","WINDT142K3","68438590","RKUMAR3","Windows","0","Write + Read","G:\Group_Windt132k\Shared\ANICO\Derivatives CLewis\3.31.2026\Work_Month End\GL Recon\~$ANICO Options PGAAP Recon 3.31.26 includes reports - (Work).xlsx" 
"2026-07-09 15:00:00","WINDT142K3","68438756","RKUMAR3","Windows","0","Write + Read","G:\Group_Windt132k\Shared\ANICO\Derivatives CLewis\6.30.2026\ANICO Options Mth End Procedures June 2026.xlsx" 
"2026-07-09 15:00:00","WINDT142K3","68440831","TFEBLES","Windows","0","Read","G:\Group_Windt132k\Shared\REIT Team\Rompsen\Monthly Report\07.31.2026" 
"2026-07-09 15:00:00","WINDT142K3","68440832","TFEBLES","Windows","0","Read","G:\Group_Windt132k\Shared\REIT Team\Rompsen\Monthly Report\07.31.2026" 
"2026-07-09 15:00:00","WINDT142K3","68441822","TFEBLES","Windows","0","Write + Read","G:\Group_Windt132k\Shared\REIT Team\Rompsen\Loans\8706 - 10029 Rufo Properties Portfolio 12.28.2018\Payoff\06.30.2026\Romspen_Loan_Statement_Calculation_8706_06.30.2026.xlsx" 
"2026-07-09 15:00:00","WINDT142K3","68441937","BMCADOO","Windows","0","Write + Read","G:\Group_Windt132k\Shared\ANICO\LPs\ANICO LP Production\ANICO LP 2Q26\~$ANIC June 2026 LP Control GAAP and STAT EMA_BA.xlsx" 
"2026-07-09 15:00:00","WINDT142K3","68442184","BMCADOO","Windows","0","Write + Read","G:\Group_Windt132k\Shared\ANICO\LPs\ANICO LP Production\ANICO LP 2Q26\ANIC June 2026 LP Control GAAP and STAT EMA_BA.xlsx" 
"2026-07-09 15:00:00","WINDT142K3","68442311","TFEBLES","Windows","0","Read","G:\Group_Windt132k\Shared\REIT Team\Rompsen\Loans\8706 - 10029 Rufo Properties Portfolio 12.28.2018\Payoff\06.30.2026" 
"2026-07-09 15:00:00","WINDT142K3","68442313","TFEBLES","Windows","0","Read","G:\Group_Windt132k\Shared\REIT Team\Rompsen\Loans\8706 - 10029 Rufo Properties Portfolio 12.28.2018\Payoff\06.30.2026" 
"2026-07-09 15:00:00","WINDT142K3","68443464","RKUMAR3","Windows","0","Read","G:\Group_Windt132k\Shared\ANICO\Derivatives CLewis\6.30.2026\Work (Month End)\GL Recon" 
"2026-07-09 15:00:00","WINDT142K3","68443467","RKUMAR3","Windows","0","Read","G:\Group_Windt132k\Shared\ANICO\Derivatives CLewis\6.30.2026\Work (Month End)\GL Recon" 
"2026-07-09 15:00:00","WINDT142K3","68443864","RKUMAR3","Windows","0","Read","G:\Group_Windt132k\Shared\ANICO\Derivatives CLewis\6.30.2026\Sent to ANICO" 
"2026-07-09 15:00:00","WINDT142K3","68443866","RKUMAR3","Windows","0","Read","G:\Group_Windt132k\Shared\ANICO\Derivatives CLewis\6.30.2026\Sent to ANICO" 
"2026-07-09 15:00:00","WINDT142K3","68445353","BMCADOO","Windows","0","Read","G:\Group_Windt132k\Shared\ANICO\LPs\ANICO LP Production\ANICO LP 2Q26\June" 
"2026-07-09 15:00:00","WINDT142K3","68445354","BMCADOO","Windows","0","Read","G:\Group_Windt132k\Shared\ANICO\LPs\ANICO LP Production\ANICO LP 2Q26\June" 
"2026-07-09 15:00:00","WINDT142K3","68445957","MPARLAPI","Windows","0","Write + Read","G:\Group_Windt132k\Shared\ANICO\SMA\Implementation CLewis\FTP Site Credentials\ANICO FTP.xlsx" 
"2026-07-09 15:00:00","WINDT142K3","68445965","MPARLAPI","Windows","0","Write + Read","G:\Group_Windt132k\Shared\ANICO\SMA\Implementation CLewis\FTP Site Credentials\~$ANICO FTP.xlsx" 
"2026-07-09 15:00:00","WINDT142K3","68446290","JCACCAVA","Windows","0","Write + Read","G:\Group_Windt132k\Shared\REIT Team\SG Capital\Monthly Report\2026\MoO\06.30.26\EOM\Prelim v Final Break Cash.xlsx" 
"2026-07-09 15:00:00","WINDT142K3","68446313","JCACCAVA","Windows","0","Write + Read","G:\Group_Windt132k\Shared\REIT Team\SG Capital\Monthly Report\2026\MoO\06.30.26\EOM\~$Prelim v Final Break Cash.xlsx" 
"2026-07-09 15:00:00","WINDT142K3","68446434","JCACCAVA","Windows","0","Write + Read","G:\Group_Windt132k\Shared\REIT Team\SG Capital\Monthly Report\2026\MoO\06.30.26\EOM\SGCAP Final PnL and Recon Endeavor 6.30.2026 Working.xlsx" 
"2026-07-09 15:00:00","WINDT142K3","68446442","JCACCAVA","Windows","0","Write + Read","G:\Group_Windt132k\Shared\REIT Team\SG Capital\Monthly Report\2026\MoO\06.30.26\EOM\~$SGCAP Final PnL and Recon Endeavor 6.30.2026 Working.xlsx" 
"2026-07-09 15:00:00","WINDT142K3","68446497","JCACCAVA","Windows","0","Write + Read","G:\Group_Windt132k\Shared\REIT Team\SG Capital\Monthly Report\2026\MoO\06.30.26\Prelim\SGCAP Prelim PnL and Recon Endeavor 6.30.2026 Working.xlsx" 
"2026-07-09 15:00:00","WINDT142K3","68446507","JCACCAVA","Windows","0","Write + Read","G:\Group_Windt132k\Shared\REIT Team\SG Capital\Monthly Report\2026\MoO\06.30.26\Prelim\~$SGCAP Prelim PnL and Recon Endeavor 6.30.2026 Working.xlsx" 
"2026-07-09 15:00:00","WINDT142K3","68447003","BMCADOO","Windows","0","Read","G:\Group_Windt132k\Shared\ANICO\LPs\ANICO LP Production\ANICO LP 2Q26\June\7043 - LCP VI-A, L.P._Distribution_6.26.2026.pdf" 
"2026-07-09 15:00:00","WINDT142K3","68447017","BMCADOO","Windows","0","Read","G:\Group_Windt132k\Shared\ANICO\LPs\ANICO LP Production\ANICO LP 2Q26\June\7043 - Lexington CP VI Holdings (A) - Q1 2026 Estimated Capital Accounts.pdf" 
"2026-07-09 15:00:00","WINDT142K3","68447428","JCACCAVA","Windows","0","Write + Read","G:\Group_Windt132k\Shared\REIT Team\SG Capital\Monthly Report\2026\MoO\06.30.26\EOM\U\SGCAP Final PnL and Recon 6.30.2026 U Fund Client.xlsx" 
"2026-07-09 15:00:00","WINDT142K3","68447457","JCACCAVA","Windows","0","Write + Read","G:\Group_Windt132k\Shared\REIT Team\SG Capital\Monthly Report\2026\MoO\06.30.26\EOM\U\~$SGCAP Final PnL and Recon 6.30.2026 U Fund Client.xlsx" 
"2026-07-09 15:00:00","WINDT142K3","68448234","KZIADIE","Windows","0","Read","G:\Group_Windt132k\Shared\REIT Team\Peachtree\Templates\New Loan Setup" 
"2026-07-09 15:00:00","WINDT142K3","68448235","KZIADIE","Windows","0","Read","G:\Group_Windt132k\Shared\REIT Team\Peachtree\Templates\New Loan Setup" 
"2026-07-09 15:00:00","WINDT142K3","68448375","KZIADIE","Windows","0","Read","G:\Group_Windt132k\Shared\REIT Team\Peachtree\PCFIV\26053P4N National Dr. Apts. (Project Bella) - Los Angeles, CA\Payoff Statement" 
"2026-07-09 15:00:00","WINDT142K3","68448377","KZIADIE","Windows","0","Read","G:\Group_Windt132k\Shared\REIT Team\Peachtree\PCFIV\26053P4N National Dr. Apts. (Project Bella) - Los Angeles, CA\Payoff Statement" 
"2026-07-09 15:00:00","WINDT142K3","68448573","KZIADIE","Windows","0","Read","G:\Group_Windt132k\Shared\REIT Team\Peachtree\Cortland\2026\06 Jun 2026" 
"2026-07-09 15:00:00","WINDT142K3","68448574","KZIADIE","Windows","0","Read","G:\Group_Windt132k\Shared\REIT Team\Peachtree\Cortland\2026\06 Jun 2026" 
"2026-07-09 15:00:00","WINDT142K3","68448612","KZIADIE","Windows","0","Write + Read","G:\Group_Windt132k\Shared\REIT Team\Peachtree\Cortland\2026\06 Jun 2026\DistributionPayment_Peachtree_PCFIV_06.30.2026.xlsx" 
"2026-07-09 15:00:00","WINDT142K3","68448617","KZIADIE","Windows","0","Write + Read","G:\Group_Windt132k\Shared\REIT Team\Peachtree\Cortland\2026\06 Jun 2026\~$DistributionPayment_Peachtree_PCFIV_06.30.2026.xlsx" 
"2026-07-09 15:00:00","WINDT142K3","68448730","BMCADOO","Windows","0","Read","G:\Group_Windt132k\Shared\ANICO\LPs\ANICO LP Production\ANICO LP 2Q26\June\7051 - Shinnecock_American National Insurance Co.  Investor Statement_Oct 31 2025.pdf" 
"2026-07-09 15:00:00","WINDT142K3","68448742","BMCADOO","Windows","0","Read","G:\Group_Windt132k\Shared\ANICO\LPs\ANICO LP Production\ANICO LP 2Q26\June\7052 - Shinnecock_Alternative Benefit Management  Investor Statement_Oct 31 2025.pdf" 
"2026-07-09 15:00:00","WINDT142K3","68448774","KZIADIE","Windows","0","Write + Read","G:\Group_Windt132k\Shared\REIT Team\Peachtree\PCFIV\26046P4B Circle-K - Watertown, NY - Force Fund 4.18.27\~$Circle-K - Watertown, NY - New Loan Onboarding Checklist.xlsx" 
"2026-07-09 15:00:00","WINDT142K3","68448807","KZIADIE","Windows","0","Write + Read","G:\Group_Windt132k\Shared\REIT Team\Peachtree\PCFIV\26046P4B Circle-K - Watertown, NY - Force Fund 4.18.27\Circle-K - Watertown, NY - New Loan Onboarding Checklist.xlsx" 
"2026-07-09 15:00:00","WINDT142K3","68449063","KZIADIE","Windows","0","Read","G:\Group_Windt132k\Shared\REIT Team\Peachtree\PCFIV\26046P4B Circle-K - Watertown, NY - Force Fund 4.18.27\Term Sheet\Briad Executed PGC Term Sheet Circle K Watertown v3.pdf" 
"2026-07-09 15:00:00","WINDT142K3","68449642","KZIADIE","Windows","0","Read","G:\Group_Windt132k\Shared\REIT Team\Peachtree\PCFIV\26046P4B Circle-K - Watertown, NY - Force Fund 4.18.27\Closing & Legal" 
"2026-07-09 15:00:00","WINDT142K3","68449645","KZIADIE","Windows","0","Read","G:\Group_Windt132k\Shared\REIT Team\Peachtree\PCFIV\26046P4B Circle-K - Watertown, NY - Force Fund 4.18.27\Closing & Legal" 
"2026-07-09 15:00:00","WINDT142K3","68449652","KZIADIE","Windows","0","Read","G:\Group_Windt132k\Shared\REIT Team\Peachtree\PCFIV\26046P4B Circle-K - Watertown, NY - Force Fund 4.18.27\EIN\EIN 2026 03 19_Watertown Holdco.pdf" 
"2026-07-09 15:00:00","WINDT142K3","68449663","KZIADIE","Windows","0","Read","G:\Group_Windt132k\Shared\REIT Team\Peachtree\PCFIV\26046P4B Circle-K - Watertown, NY - Force Fund 4.18.27\Closing & Legal\Watertown Holdco LLC (1).pdf" 
"2026-07-09 15:00:00","WINDT142K3","68449678","JCACCAVA","Windows","0","Read","G:\Group_Windt132k\Shared\REIT Team\SG Capital\Monthly Report\2026\MoO\06.30.26\EOM\U" 
"2026-07-09 15:00:00","WINDT142K3","68449679","JCACCAVA","Windows","0","Read","G:\Group_Windt132k\Shared\REIT Team\SG Capital\Monthly Report\2026\MoO\06.30.26\EOM\U" 
"2026-07-09 15:00:00","WINDT142K3","68449748","MPARLAPI","Windows","0","Read","G:\Group_Windt132k\Shared\ANICO\SMA\Implementation CLewis\2026_06_30\Revised 7.9.26" 
"2026-07-09 15:00:00","WINDT142K3","68449756","MPARLAPI","Windows","0","Read","G:\Group_Windt132k\Shared\ANICO\SMA\Implementation CLewis\2026_06_30\Revised 7.9.26" 
"2026-07-09 15:00:00","WINDT142K3","68449765","MPARLAPI","Windows","0","Read","G:\Group_Windt132k" 
"2026-07-09 15:00:00","WINDT142K3","68449772","JCACCAVA","Windows","0","Write + Read","G:\Group_Windt132k\Shared\REIT Team\SG Capital\Monthly Report\2026\MoO\06.30.26\EOM\U\SGCAP Final PnL and Recon 6.30.2026 U Fund Client v2.xlsx" 
"2026-07-09 15:00:00","WINDT142K3","68449775","MPARLAPI","Windows","0","Read","G:\Group_Windt132k" 
"2026-07-09 15:00:00","WINDT142K3","68449780","JCACCAVA","Windows","0","Write + Read","G:\Group_Windt132k\Shared\REIT Team\SG Capital\Monthly Report\2026\MoO\06.30.26\EOM\U\~$SGCAP Final PnL and Recon 6.30.2026 U Fund Client v2.xlsx" 
"2026-07-09 15:00:00","WINDT142K3","68449989","MMCMANUS","Windows","0","Read","G:\Group_Windt132k\Shared\REIT Team\SG Capital\Monthly Report\2026\MoO\06.30.26\Prelim" 
"2026-07-09 15:00:00","WINDT142K3","68449990","MMCMANUS","Windows","0","Read","G:\Group_Windt132k\Shared\REIT Team\SG Capital\Monthly Report\2026\MoO\06.30.26\Prelim" 
"2026-07-09 15:00:00","WINDT142K3","68450207","KCARTA","Windows","0","Read","G:\Group_Windt132k\Shared\REIT Team\Saluda Grade\Loan Servicing\2026\06 June 2026\Remit Recons" 
"2026-07-09 15:00:00","WINDT142K3","68450210","KCARTA","Windows","0","Read","G:\Group_Windt132k\Shared\REIT Team\Saluda Grade\Loan Servicing\2026\06 June 2026\Remit Recons" 
"2026-07-09 15:00:00","WINDT142K3","68450300","KCARTA","Windows","0","Write + Read","G:\Group_Windt132k\Shared\REIT Team\Saluda Grade\Loan Servicing\2026\06 June 2026\Remit Recons\SPS-SGLT5 6.30.26 Remittance Recon.xlsx" 
"2026-07-09 15:00:00","WINDT142K3","68450318","KCARTA","Windows","0","Write + Read","G:\Group_Windt132k\Shared\REIT Team\Saluda Grade\Loan Servicing\2026\06 June 2026\Remit Recons\~$SPS-SGLT5 6.30.26 Remittance Recon.xlsx" 
"2026-07-09 15:00:00","WINDT142K3","68450581","KCARTA","Windows","0","Write + Read","G:\Group_Windt132k\Shared\REIT Team\Saluda Grade\Loan Servicing\2026\06 June 2026\Remits\SPS\SGLT5\NU5 Saluda Grade 05-26 working.xlsx" 
"2026-07-09 15:00:00","WINDT142K3","68450584","KCARTA","Windows","0","Write + Read","G:\Group_Windt132k\Shared\REIT Team\Saluda Grade\Loan Servicing\2026\06 June 2026\Remits\SPS\SGLT5\~$NU5 Saluda Grade 05-26 working.xlsx" 
"2026-07-09 16:00:00",INFO: The system global flag 'maintain objects list' needs 
"2026-07-09 16:00:00",      to be enabled to see local opened files. 
"2026-07-09 16:00:00",      See Openfiles /? for more information. 
"2026-07-09 16:00:00",Files opened remotely via local share points: 
"2026-07-09 16:00:00",--------------------------------------------- 
"2026-07-09 16:00:00","Hostname","ID","Accessed By","Type","#Locks","Open Mode","Open File (Path\executable)" 
"2026-07-09 16:00:00","WINDT142K3","6","N/A","Windows","0","Write + Read","\PIPE\EVENTLOG" 
"2026-07-09 16:00:00","WINDT142K3","68428032","KCARTA","Windows","0","Write + Read","G:\Group_Windt132k\Shared\REIT Team\Saluda Grade\Loan Servicing\2026\06 June 2026\~$June 2026 Checklist.xlsx" 
"2026-07-09 16:00:00","WINDT142K3","68432377","KCARTA","Windows","0","Read","G:\Group_Windt132k\Shared\REIT Team\Saluda Grade\Loan Servicing\2026\05 May 2026\Remit Recons\Reviewed" 
"2026-07-09 16:00:00","WINDT142K3","68432378","KCARTA","Windows","0","Read","G:\Group_Windt132k\Shared\REIT Team\Saluda Grade\Loan Servicing\2026\05 May 2026\Remit Recons\Reviewed" 
"2026-07-09 16:00:00","WINDT142K3","68438756","RKUMAR3","Windows","0","Write + Read","G:\Group_Windt132k\Shared\ANICO\Derivatives CLewis\6.30.2026\ANICO Options Mth End Procedures June 2026.xlsx" 
"2026-07-09 16:00:00","WINDT142K3","68440831","TFEBLES","Windows","0","Read","G:\Group_Windt132k\Shared\REIT Team\Rompsen\Monthly Report\07.31.2026" 
"2026-07-09 16:00:00","WINDT142K3","68440832","TFEBLES","Windows","0","Read","G:\Group_Windt132k\Shared\REIT Team\Rompsen\Monthly Report\07.31.2026" 
"2026-07-09 16:00:00","WINDT142K3","68441937","BMCADOO","Windows","0","Write + Read","G:\Group_Windt132k\Shared\ANICO\LPs\ANICO LP Production\ANICO LP 2Q26\~$ANIC June 2026 LP Control GAAP and STAT EMA_BA.xlsx" 
"2026-07-09 16:00:00","WINDT142K3","68442184","BMCADOO","Windows","0","Write + Read","G:\Group_Windt132k\Shared\ANICO\LPs\ANICO LP Production\ANICO LP 2Q26\ANIC June 2026 LP Control GAAP and STAT EMA_BA.xlsx" 
"2026-07-09 16:00:00","WINDT142K3","68443464","RKUMAR3","Windows","0","Read","G:\Group_Windt132k\Shared\ANICO\Derivatives CLewis\6.30.2026\Work (Month End)\GL Recon" 
"2026-07-09 16:00:00","WINDT142K3","68443467","RKUMAR3","Windows","0","Read","G:\Group_Windt132k\Shared\ANICO\Derivatives CLewis\6.30.2026\Work (Month End)\GL Recon" 
"2026-07-09 16:00:00","WINDT142K3","68443864","RKUMAR3","Windows","0","Read","G:\Group_Windt132k\Shared\ANICO\Derivatives CLewis\6.30.2026\Sent to ANICO" 
"2026-07-09 16:00:00","WINDT142K3","68443866","RKUMAR3","Windows","0","Read","G:\Group_Windt132k\Shared\ANICO\Derivatives CLewis\6.30.2026\Sent to ANICO" 
"2026-07-09 16:00:00","WINDT142K3","68447003","BMCADOO","Windows","0","Read","G:\Group_Windt132k\Shared\ANICO\LPs\ANICO LP Production\ANICO LP 2Q26\June\7043 - LCP VI-A, L.P._Distribution_6.26.2026.pdf" 
"2026-07-09 16:00:00","WINDT142K3","68447017","BMCADOO","Windows","0","Read","G:\Group_Windt132k\Shared\ANICO\LPs\ANICO LP Production\ANICO LP 2Q26\June\7043 - Lexington CP VI Holdings (A) - Q1 2026 Estimated Capital Accounts.pdf" 
"2026-07-09 16:00:00","WINDT142K3","68448730","BMCADOO","Windows","0","Read","G:\Group_Windt132k\Shared\ANICO\LPs\ANICO LP Production\ANICO LP 2Q26\June\7051 - Shinnecock_American National Insurance Co.  Investor Statement_Oct 31 2025.pdf" 
"2026-07-09 16:00:00","WINDT142K3","68448742","BMCADOO","Windows","0","Read","G:\Group_Windt132k\Shared\ANICO\LPs\ANICO LP Production\ANICO LP 2Q26\June\7052 - Shinnecock_Alternative Benefit Management  Investor Statement_Oct 31 2025.pdf" 
"2026-07-09 16:00:00","WINDT142K3","68450207","KCARTA","Windows","0","Read","G:\Group_Windt132k\Shared\REIT Team\Saluda Grade\Loan Servicing\2026\06 June 2026\Remit Recons" 
"2026-07-09 16:00:00","WINDT142K3","68450210","KCARTA","Windows","0","Read","G:\Group_Windt132k\Shared\REIT Team\Saluda Grade\Loan Servicing\2026\06 June 2026\Remit Recons" 
"2026-07-09 16:00:00","WINDT142K3","68451339","KCARTA","Windows","0","Write + Read","G:\Group_Windt132k\Shared\REIT Team\Saluda Grade\Loan Servicing\2026\06 June 2026\June 2026 Checklist.xlsx" 
"2026-07-09 16:00:00","WINDT142K3","68452028","DBETTERS","Windows","0","Read","G:\Group_Windt132k\Shared\ANICO\SMA\Implementation CLewis\2026_06_30\Revised 7.9.26" 
"2026-07-09 16:00:00","WINDT142K3","68452030","DBETTERS","Windows","0","Read","G:\Group_Windt132k\Shared\ANICO\SMA\Implementation CLewis\2026_06_30\Revised 7.9.26" 
"2026-07-09 16:00:00","WINDT142K3","68452226","JCACCAVA","Windows","0","Read","G:\Group_Windt132k\Shared\REIT Team\SG Capital\Monthly Report\2026\MoO\06.30.26\EOM" 
"2026-07-09 16:00:00","WINDT142K3","68452227","JCACCAVA","Windows","0","Read","G:\Group_Windt132k\Shared\REIT Team\SG Capital\Monthly Report\2026\MoO\06.30.26\EOM" 
"2026-07-09 16:00:00","WINDT142K3","68452404","BMCADOO","Windows","0","Read","G:\Group_Windt132k\Shared\ANICO\LPs\ANICO LP Production\ANICO LP 2Q26\June\7067-D_1.PDF" 
"2026-07-09 16:00:00","WINDT142K3","68452441","MPARLAPI","Windows","0","Read","G:\Group_Windt132k\Shared\ANICO\SMA\Implementation CLewis\2026_06_30\Revised 7.9.26" 
"2026-07-09 16:00:00","WINDT142K3","68452449","MPARLAPI","Windows","0","Read","G:\Group_Windt132k\Shared\ANICO\SMA\Implementation CLewis\2026_06_30\Revised 7.9.26" 
"2026-07-09 16:00:00","WINDT142K3","68452453","MPARLAPI","Windows","0","Read","G:\Group_Windt132k" 
"2026-07-09 16:00:00","WINDT142K3","68452454","MPARLAPI","Windows","0","Read","G:\Group_Windt132k" 
"2026-07-09 16:00:00","WINDT142K3","68452574","BMCADOO","Windows","0","Read","G:\Group_Windt132k\Shared\ANICO\LPs\ANICO LP Production\ANICO LP 2Q26\June\7074 7075 & 7076 - MSCF VL_Fin state_03.31.2026 - SOPC (2).pdf" 
"2026-07-09 16:00:00","WINDT142K3","68452638","BMCADOO","Windows","0","Read","G:\Group_Windt132k\Shared\ANICO\LPs\ANICO LP Production\ANICO LP 2Q26\June\7107 - Audax Senior Fund I_Capital Accounts_ANSARP - 04.30.2026.pdf" 
"2026-07-09 16:00:00","WINDT142K3","68452649","BMCADOO","Windows","0","Read","G:\Group_Windt132k\Shared\ANICO\LPs\ANICO LP Production\ANICO LP 2Q26\June\7111 - HarbourVest 06.11.2026 Distribution Notice_.pdf" 
"2026-07-09 16:00:00","WINDT142K3","68452660","MMCMANUS","Windows","0","Read","G:\Group_Windt132k\Shared\REIT Team\SG Capital\Monthly Report\2026\MoO\06.30.26\EOM" 
"2026-07-09 16:00:00","WINDT142K3","68452661","MMCMANUS","Windows","0","Read","G:\Group_Windt132k\Shared\REIT Team\SG Capital\Monthly Report\2026\MoO\06.30.26\EOM" 
"2026-07-09 16:00:00","WINDT142K3","68452694","MMCMANUS","Windows","0","Write + Read","G:\Group_Windt132k\Shared\REIT Team\SG Capital\Monthly Report\2026\MoO\06.30.26\EOM\~$SGCAP Final PnL and Recon Endeavor 6.30.2026 Working.xlsx" 
"2026-07-09 16:00:00","WINDT142K3","68453143","WEI.JIANG","Windows","0","Read","G:\Group_Windt132k\shared\REIT Team\Rompsen\Loans" 
"2026-07-09 16:00:00","WINDT142K3","68453144","WEI.JIANG","Windows","0","Read","G:\Group_Windt132k\shared\REIT Team\Rompsen\Loans" 
"2026-07-09 16:00:00","WINDT142K3","68453145","WEI.JIANG","Windows","0","Read","G:\Group_Windt132k\shared\REIT Team\Rompsen" 
"2026-07-09 16:00:00","WINDT142K3","68453146","WEI.JIANG","Windows","0","Read","G:\Group_Windt132k\shared\REIT Team\Rompsen" 
"2026-07-09 16:00:00","WINDT142K3","68453147","WEI.JIANG","Windows","0","Read","G:\Group_Windt132k\shared\REIT Team\Romspen CAD Shadow" 
"2026-07-09 16:00:00","WINDT142K3","68453148","WEI.JIANG","Windows","0","Read","G:\Group_Windt132k\shared\REIT Team\Romspen CAD Shadow" 
"2026-07-09 16:00:00","WINDT142K3","68453149","WEI.JIANG","Windows","0","Read","G:\Group_Windt132k\shared\REIT Team" 
"2026-07-09 16:00:00","WINDT142K3","68453150","WEI.JIANG","Windows","0","Read","G:\Group_Windt132k\shared\REIT Team" 
"2026-07-09 16:00:00","WINDT142K3","68453151","WEI.JIANG","Windows","0","Read","G:\Group_Windt132k\shared\REIT Team\Post Road" 
"2026-07-09 16:00:00","WINDT142K3","68453152","WEI.JIANG","Windows","0","Read","G:\Group_Windt132k\shared\REIT Team\Post Road" 
"2026-07-09 16:00:00","WINDT142K3","68453154","WEI.JIANG","Windows","0","Read","G:\Group_Windt132k\shared\REIT Team\Valley National Bank\Syndication Loan" 
"2026-07-09 16:00:00","WINDT142K3","68453158","WEI.JIANG","Windows","0","Read","G:\Group_Windt132k\shared\REIT Team\Valley National Bank\Syndication Loan" 
"2026-07-09 16:00:00","WINDT142K3","68453161","WEI.JIANG","Windows","0","Read","G:\Group_Windt132k\shared\REIT Team\Valley National Bank\Synd Bought Loan" 
"2026-07-09 16:00:00","WINDT142K3","68453164","WEI.JIANG","Windows","0","Read","G:\Group_Windt132k\shared\REIT Team\Valley National Bank\Synd Bought Loan" 
"2026-07-09 16:00:00","WINDT142K3","68453167","WEI.JIANG","Windows","0","Read","G:\Group_Windt132k\shared\REIT Team\Valley National Bank\Participation Sold Loan" 
"2026-07-09 16:00:00","WINDT142K3","68453170","WEI.JIANG","Windows","0","Read","G:\Group_Windt132k\shared\REIT Team\Valley National Bank\Participation Sold Loan" 
"2026-07-09 16:00:00","WINDT142K3","68453173","WEI.JIANG","Windows","0","Read","G:\Group_Windt132k\shared\REIT Team\Valley National Bank" 
"2026-07-09 16:00:00","WINDT142K3","68453175","WEI.JIANG","Windows","0","Read","G:\Group_Windt132k\shared\REIT Team\Valley National Bank" 
"2026-07-09 16:00:00","WINDT142K3","68453178","WEI.JIANG","Windows","0","Read","G:\Group_Windt132k\shared\REIT Team\Peachtree\Cadence Bank Transactions" 
"2026-07-09 16:00:00","WINDT142K3","68453182","WEI.JIANG","Windows","0","Read","G:\Group_Windt132k\shared\REIT Team\Peachtree\Cadence Bank Transactions" 
"2026-07-09 16:00:00","WINDT142K3","68453184","WEI.JIANG","Windows","0","Read","G:\Group_Windt132k\shared\REIT Team\Peachtree\PCFIV" 
"2026-07-09 16:00:00","WINDT142K3","68453188","WEI.JIANG","Windows","0","Read","G:\Group_Windt132k\shared\REIT Team\Peachtree\PCFIV" 
"2026-07-09 16:00:00","WINDT142K3","68453191","WEI.JIANG","Windows","0","Read","G:\Group_Windt132k\shared\REIT Team\Peachtree\Non Fund (NF) - Loans in PDOF" 
"2026-07-09 16:00:00","WINDT142K3","68453194","WEI.JIANG","Windows","0","Read","G:\Group_Windt132k\shared\REIT Team\Peachtree\Non Fund (NF) - Loans in PDOF" 
"2026-07-09 16:00:00","WINDT142K3","68453197","WEI.JIANG","Windows","0","Read","G:\Group_Windt132k\shared\REIT Team\Peachtree\PSOF\Billing Statement" 
"2026-07-09 16:00:00","WINDT142K3","68453200","WEI.JIANG","Windows","0","Read","G:\Group_Windt132k\shared\REIT Team\Peachtree\PSOF\Billing Statement" 
"2026-07-09 16:00:00","WINDT142K3","68453203","WEI.JIANG","Windows","0","Read","G:\Group_Windt132k\shared\REIT Team\Peachtree\PSOF" 
"2026-07-09 16:00:00","WINDT142K3","68453207","WEI.JIANG","Windows","0","Read","G:\Group_Windt132k\shared\REIT Team\Peachtree\PSOF" 
"2026-07-09 16:00:00","WINDT142K3","68453210","WEI.JIANG","Windows","0","Read","G:\Group_Windt132k\shared\REIT Team\Peachtree\PDOF\Billing Statements" 
"2026-07-09 16:00:00","WINDT142K3","68453212","WEI.JIANG","Windows","0","Read","G:\Group_Windt132k\shared\REIT Team\Peachtree\PDOF\Billing Statements" 
"2026-07-09 16:00:00","WINDT142K3","68453215","WEI.JIANG","Windows","0","Read","G:\Group_Windt132k\shared\REIT Team\Peachtree\PDOF" 
"2026-07-09 16:00:00","WINDT142K3","68453219","WEI.JIANG","Windows","0","Read","G:\Group_Windt132k\shared\REIT Team\Peachtree\PDOF" 
"2026-07-09 16:00:00","WINDT142K3","68453221","WEI.JIANG","Windows","0","Read","G:\Group_Windt132k\shared\REIT Team\Peachtree\FUND III" 
"2026-07-09 16:00:00","WINDT142K3","68453224","WEI.JIANG","Windows","0","Read","G:\Group_Windt132k\shared\REIT Team\Peachtree\FUND III" 
"2026-07-09 16:00:00","WINDT142K3","68453225","WEI.JIANG","Windows","0","Read","G:\Group_Windt132k\shared\REIT Team\Peachtree\FUND II" 
"2026-07-09 16:00:00","WINDT142K3","68453228","WEI.JIANG","Windows","0","Read","G:\Group_Windt132k\shared\REIT Team\Peachtree\FUND II" 
"2026-07-09 16:00:00","WINDT142K3","68453230","WEI.JIANG","Windows","0","Read","G:\Group_Windt132k\shared\REIT Team\Peachtree" 
"2026-07-09 16:00:00","WINDT142K3","68453232","WEI.JIANG","Windows","0","Read","G:\Group_Windt132k\shared\REIT Team\Peachtree" 
"2026-07-09 16:00:00","WINDT142K3","68453234","WEI.JIANG","Windows","0","Read","G:\Group_Windt132k\shared\REIT Team\Rompsen\WF Transactions" 
"2026-07-09 16:00:00","WINDT142K3","68453237","WEI.JIANG","Windows","0","Read","G:\Group_Windt132k\shared\REIT Team\Rompsen\WF Transactions" 
"2026-07-09 16:00:00","WINDT142K3","68453239","WEI.JIANG","Windows","0","Read","G:\Group_Windt132k\shared\REIT Team\Rompsen\Loan expense to be reimbursed by borrower" 
"2026-07-09 16:00:00","WINDT142K3","68453241","WEI.JIANG","Windows","0","Read","G:\Group_Windt132k\shared\REIT Team\Rompsen\Loan expense to be reimbursed by borrower" 
"2026-07-09 16:00:00","WINDT142K3","68453243","WEI.JIANG","Windows","0","Read","G:\Group_Windt132k\shared\REIT Team\Rompsen\Mortgage Statement" 
"2026-07-09 16:00:00","WINDT142K3","68453245","WEI.JIANG","Windows","0","Read","G:\Group_Windt132k\shared\REIT Team\Rompsen\Mortgage Statement" 
"2026-07-09 16:00:00","WINDT142K3","68453247","WEI.JIANG","Windows","0","Read","G:\Group_Windt132k\shared\REIT Team\Rompsen\Monthly Report" 
"2026-07-09 16:00:00","WINDT142K3","68453249","WEI.JIANG","Windows","0","Read","G:\Group_Windt132k\shared\REIT Team\Rompsen\Monthly Report" 
"2026-07-09 16:00:00","WINDT142K3","68453294","BMCADOO","Windows","0","Read","G:\Group_Windt132k\Shared\ANICO\LPs\ANICO LP Production\ANICO LP 2Q26\May\7067 - Q1 2026 PCAP Statements - Civitas Pretium Fund, LP - ANICO.pdf" 
"2026-07-09 16:00:00","WINDT142K3","68453309","BMCADOO","Windows","0","Read","G:\Group_Windt132k\Shared\ANICO\LPs\ANICO LP Production\ANICO LP 2Q26\May\7069 - CLPMCF II-A - ANICNY_Distribution - 05.22.2026.pdf" 
"2026-07-09 16:00:00","WINDT142K3","68453319","BMCADOO","Windows","0","Read","G:\Group_Windt132k\Shared\ANICO\LPs\ANICO LP Production\ANICO LP 2Q26\May\7068 - CLPMCF II-A - ANIC_Distribution - 05.22.2026.pdf" 
"2026-07-09 16:00:00","WINDT142K3","68453327","BMCADOO","Windows","0","Read","G:\Group_Windt132k\Shared\ANICO\LPs\ANICO LP Production\ANICO LP 2Q26\May\7070 - CLCP II-A - ANSARP_Distribution - 05.22.2026.pdf" 
"2026-07-09 16:00:00","WINDT142K3","68453339","BMCADOO","Windows","0","Read","G:\Group_Windt132k\Shared\ANICO\LPs\ANICO LP Production\ANICO LP 2Q26\May\7077 - Statement of Capital Account - SOUND POINT US DIR LEN FD II (RN) LP - 03.31.2026.pdf" 
"2026-07-09 16:00:00","WINDT142K3","68453350","BMCADOO","Windows","0","Read","G:\Group_Windt132k\Shared\ANICO\LPs\ANICO LP Production\ANICO LP 2Q26\May\7102 - BSP SOF II STRUCTURED NOTE L.P. Q1 2026 Partner Capital Statement.pdf" 
"2026-07-09 16:00:00","WINDT142K3","68453363","BMCADOO","Windows","0","Read","G:\Group_Windt132k\Shared\ANICO\LPs\ANICO LP Production\ANICO LP 2Q26\May\7108 - Oaktree_Mezzanine_Fund_V_Feeder_(ICI)_L.P._Account_Statement_31_Mar_2026.pdf" 
"2026-07-09 16:00:00","WINDT142K3","68453399","KZIADIE","Windows","0","Read","G:\Group_Windt132k\Shared\REIT Team\Peachtree\PCFIV\26049P4B Flamingo Crossing 4-Pack - Winter Garden, FL" 
"2026-07-09 16:00:00","WINDT142K3","68453400","KZIADIE","Windows","0","Read","G:\Group_Windt132k\Shared\REIT Team\Peachtree\PCFIV\26049P4B Flamingo Crossing 4-Pack - Winter Garden, FL" 
"2026-07-09 16:00:00","WINDT142K3","68453401","KZIADIE","Windows","0","Read","G:\Group_Windt132k\Shared\REIT Team\Peachtree\Cortland\2026\06 Jun 2026" 
"2026-07-09 16:00:00","WINDT142K3","68453402","KZIADIE","Windows","0","Read","G:\Group_Windt132k\Shared\REIT Team\Peachtree\Cortland\2026\06 Jun 2026" 
"2026-07-09 16:00:00","WINDT142K3","68453403","KZIADIE","Windows","0","Read","G:\Group_Windt132k\Shared\REIT Team\Peachtree\PCFIV\26053P4N National Dr. Apts. (Project Bella) - Los Angeles, CA\Payoff Statement" 
"2026-07-09 16:00:00","WINDT142K3","68453404","KZIADIE","Windows","0","Read","G:\Group_Windt132k\Shared\REIT Team\Peachtree\PCFIV\26053P4N National Dr. Apts. (Project Bella) - Los Angeles, CA\Payoff Statement" 
"2026-07-09 16:00:00","WINDT142K3","68453543","KZIADIE","Windows","0","Write + Read","G:\Group_Windt132k\Shared\REIT Team\Peachtree\PCFIV\Billing Statement\2026\07.01.2026\MortgageBillingStatement_Peachtree_PCFIV_07.01.2026_Part V.xlsm" 
"2026-07-09 16:00:00","WINDT142K3","68453552","KZIADIE","Windows","0","Write + Read","G:\Group_Windt132k\Shared\REIT Team\Peachtree\PCFIV\Billing Statement\2026\07.01.2026\~$MortgageBillingStatement_Peachtree_PCFIV_07.01.2026_Part V.xlsm" 
"2026-07-09 16:00:00","WINDT142K3","68453745","MMCMANUS","Windows","0","Write + Read","G:\Group_Windt132k\Shared\REIT Team\SG Capital\Monthly Report\2026\MoO\06.30.26\EOM\SGCAP Final PnL and Recon 6.30.2026 U Fund Working.xlsx" 
"2026-07-09 16:00:00","WINDT142K3","68453779","MMCMANUS","Windows","0","Write + Read","G:\Group_Windt132k\Shared\REIT Team\SG Capital\Monthly Report\2026\MoO\06.30.26\EOM\~$SGCAP Final PnL and Recon 6.30.2026 U Fund Working.xlsx" 
"2026-07-09 16:00:00","WINDT142K3","68454726","BMCADOO","Windows","0","Read","G:\Group_Windt132k\Shared\ANICO\LPs\ANICO LP Production\ANICO LP 2Q26\May\7108. - Oaktree_Mezzanine_Fund_V_Feeder_(ICI)_L.P._Account_Statement_31_Mar_2026.pdf" 
"2026-07-09 16:00:00","WINDT142K3","68454857","BMCADOO","Windows","0","Read","G:\Group_Windt132k\Shared\ANICO\LPs\ANICO LP Production\ANICO LP 2Q26\May\7112 - Monroe IV_033126_MCP000228525_American National Insurance Company.pdf" 
"2026-07-09 16:00:00","WINDT142K3","68454910","BMCADOO","Windows","0","Read","G:\Group_Windt132k\Shared\ANICO\LPs\ANICO LP Production\ANICO LP 2Q26\April" 
"2026-07-09 16:00:00","WINDT142K3","68454911","BMCADOO","Windows","0","Read","G:\Group_Windt132k\Shared\ANICO\LPs\ANICO LP Production\ANICO LP 2Q26\April" 
"2026-07-09 16:00:00","WINDT142K3","68454955","TFEBLES","Windows","0","Write + Read","G:\Group_Windt132k\Shared\REIT Team\Rompsen\Loans\8706 - 10029 Rufo Properties Portfolio 12.28.2018\Payoff\06.30.2026\Romspen_Loan statement_Rufo Properties Portfolio_06.30.2026.docx" 
"2026-07-09 16:00:00","WINDT142K3","68455042","BMCADOO","Windows","0","Read","G:\Group_Windt132k\Shared\ANICO\LPs\ANICO LP Production\ANICO LP 2Q26\April\7094 - Deerpath Q4 2025 Capital Account Statement.pdf" 
"2026-07-09 16:00:00","WINDT142K3","68455084","TFEBLES","Windows","0","Read","G:\Group_Windt132k\Shared\REIT Team\Rompsen\Loans\8706 - 10029 Rufo Properties Portfolio 12.28.2018\Payoff\06.30.2026\Romspen_Loan statement_Rufo Properties Portfolio_06.30.2026_Updated.pdf" 
"2026-07-09 16:00:00","WINDT142K3","68455276","BMCADOO","Windows","0","Read","G:\Group_Windt132k\Shared\ANICO\LPs\ANICO LP Production\ANICO LP 2Q26\April\7113 - BREG Savannah Capital Acct Statement 03.31.2026.pdf" 
"2026-07-09 16:00:00","WINDT142K3","68455317","KZIADIE","Windows","0","Write + Read","G:\Group_Windt132k\Shared\REIT Team\Peachtree\PCFIV\Billing Statement\2026\06.01.2026\MortgageBillingStatement_Peachtree_PCFIV_06.01.2026_Part V.xlsm" 
"2026-07-09 16:00:00","WINDT142K3","68455320","KZIADIE","Windows","0","Write + Read","G:\Group_Windt132k\Shared\REIT Team\Peachtree\PCFIV\Billing Statement\2026\06.01.2026\~$MortgageBillingStatement_Peachtree_PCFIV_06.01.2026_Part V.xlsm" 
"2026-07-09 16:00:00","WINDT142K3","68455449","TFEBLES","Windows","0","Read","G:\Group_Windt132k\Shared\REIT Team\Rompsen\Loans\8706 - 10029 Rufo Properties Portfolio 12.28.2018\Payoff\06.30.2026" 
"2026-07-09 16:00:00","WINDT142K3","68455451","TFEBLES","Windows","0","Read","G:\Group_Windt132k\Shared\REIT Team\Rompsen\Loans\8706 - 10029 Rufo Properties Portfolio 12.28.2018\Payoff\06.30.2026" 
"2026-07-09 16:00:00","WINDT142K3","68455495","KZIADIE","Windows","0","Read","G:\Group_Windt132k\Shared\REIT Team\Peachtree\PCFIV\Billing Statement\2026\06.01.2026" 
"2026-07-09 16:00:00","WINDT142K3","68455496","KZIADIE","Windows","0","Read","G:\Group_Windt132k\Shared\REIT Team\Peachtree\PCFIV\Billing Statement\2026\06.01.2026" 
"2026-07-09 16:00:00","WINDT142K3","68455643","MMCMANUS","Windows","0","Write + Read","G:\Group_Windt132k\Shared\REIT Team\SG Capital\Monthly Report\2026\MoO\06.30.26\EOM\SGCAP Final PnL and Recon Endeavor 6.30.2026 Working.xlsx" 
"2026-07-09 16:00:00","WINDT142K3","68455655","MMCMANUS","Windows","0","Write + Read","G:\Group_Windt132k\Shared\REIT Team\SG Capital\Monthly Report\2026\MoO\06.30.26\EOM\30CC1799.tmp" 
"2026-07-09 16:00:00","WINDT142K3","68455658","MMCMANUS","Windows","0","Read","G:\Group_Windt132k\Shared\REIT Team\SG Capital\Monthly Report\2026\MoO\06.30.26\EOM" 
"2026-07-09 17:00:00",INFO: The system global flag 'maintain objects list' needs 
"2026-07-09 17:00:00",      to be enabled to see local opened files. 
"2026-07-09 17:00:00",      See Openfiles /? for more information. 
"2026-07-09 17:00:00",Files opened remotely via local share points: 
"2026-07-09 17:00:00",--------------------------------------------- 
"2026-07-09 17:00:00","Hostname","ID","Accessed By","Type","#Locks","Open Mode","Open File (Path\executable)" 
"2026-07-09 17:00:00","WINDT142K3","6","N/A","Windows","0","Write + Read","\PIPE\EVENTLOG" 
"2026-07-09 17:00:00","WINDT142K3","68438756","RKUMAR3","Windows","0","Write + Read","G:\Group_Windt132k\Shared\ANICO\Derivatives CLewis\6.30.2026\ANICO Options Mth End Procedures June 2026.xlsx" 
"2026-07-09 17:00:00","WINDT142K3","68441937","BMCADOO","Windows","0","Write + Read","G:\Group_Windt132k\Shared\ANICO\LPs\ANICO LP Production\ANICO LP 2Q26\~$ANIC June 2026 LP Control GAAP and STAT EMA_BA.xlsx" 
"2026-07-09 17:00:00","WINDT142K3","68447003","BMCADOO","Windows","0","Read","G:\Group_Windt132k\Shared\ANICO\LPs\ANICO LP Production\ANICO LP 2Q26\June\7043 - LCP VI-A, L.P._Distribution_6.26.2026.pdf" 
"2026-07-09 17:00:00","WINDT142K3","68447017","BMCADOO","Windows","0","Read","G:\Group_Windt132k\Shared\ANICO\LPs\ANICO LP Production\ANICO LP 2Q26\June\7043 - Lexington CP VI Holdings (A) - Q1 2026 Estimated Capital Accounts.pdf" 
"2026-07-09 17:00:00","WINDT142K3","68448730","BMCADOO","Windows","0","Read","G:\Group_Windt132k\Shared\ANICO\LPs\ANICO LP Production\ANICO LP 2Q26\June\7051 - Shinnecock_American National Insurance Co.  Investor Statement_Oct 31 2025.pdf" 
"2026-07-09 17:00:00","WINDT142K3","68448742","BMCADOO","Windows","0","Read","G:\Group_Windt132k\Shared\ANICO\LPs\ANICO LP Production\ANICO LP 2Q26\June\7052 - Shinnecock_Alternative Benefit Management  Investor Statement_Oct 31 2025.pdf" 
"2026-07-09 17:00:00","WINDT142K3","68452226","JCACCAVA","Windows","0","Read","G:\Group_Windt132k\Shared\REIT Team\SG Capital\Monthly Report\2026\MoO\06.30.26\EOM" 
"2026-07-09 17:00:00","WINDT142K3","68452227","JCACCAVA","Windows","0","Read","G:\Group_Windt132k\Shared\REIT Team\SG Capital\Monthly Report\2026\MoO\06.30.26\EOM" 
"2026-07-09 17:00:00","WINDT142K3","68452404","BMCADOO","Windows","0","Read","G:\Group_Windt132k\Shared\ANICO\LPs\ANICO LP Production\ANICO LP 2Q26\June\7067-D_1.PDF" 
"2026-07-09 17:00:00","WINDT142K3","68452574","BMCADOO","Windows","0","Read","G:\Group_Windt132k\Shared\ANICO\LPs\ANICO LP Production\ANICO LP 2Q26\June\7074 7075 & 7076 - MSCF VL_Fin state_03.31.2026 - SOPC (2).pdf" 
"2026-07-09 17:00:00","WINDT142K3","68452638","BMCADOO","Windows","0","Read","G:\Group_Windt132k\Shared\ANICO\LPs\ANICO LP Production\ANICO LP 2Q26\June\7107 - Audax Senior Fund I_Capital Accounts_ANSARP - 04.30.2026.pdf" 
"2026-07-09 17:00:00","WINDT142K3","68452649","BMCADOO","Windows","0","Read","G:\Group_Windt132k\Shared\ANICO\LPs\ANICO LP Production\ANICO LP 2Q26\June\7111 - HarbourVest 06.11.2026 Distribution Notice_.pdf" 
"2026-07-09 17:00:00","WINDT142K3","68453143","WEI.JIANG","Windows","0","Read","G:\Group_Windt132k\shared\REIT Team\Rompsen\Loans" 
"2026-07-09 17:00:00","WINDT142K3","68453144","WEI.JIANG","Windows","0","Read","G:\Group_Windt132k\shared\REIT Team\Rompsen\Loans" 
"2026-07-09 17:00:00","WINDT142K3","68453145","WEI.JIANG","Windows","0","Read","G:\Group_Windt132k\shared\REIT Team\Rompsen" 
"2026-07-09 17:00:00","WINDT142K3","68453146","WEI.JIANG","Windows","0","Read","G:\Group_Windt132k\shared\REIT Team\Rompsen" 
"2026-07-09 17:00:00","WINDT142K3","68453147","WEI.JIANG","Windows","0","Read","G:\Group_Windt132k\shared\REIT Team\Romspen CAD Shadow" 
"2026-07-09 17:00:00","WINDT142K3","68453148","WEI.JIANG","Windows","0","Read","G:\Group_Windt132k\shared\REIT Team\Romspen CAD Shadow" 
"2026-07-09 17:00:00","WINDT142K3","68453149","WEI.JIANG","Windows","0","Read","G:\Group_Windt132k\shared\REIT Team" 
"2026-07-09 17:00:00","WINDT142K3","68453150","WEI.JIANG","Windows","0","Read","G:\Group_Windt132k\shared\REIT Team" 
"2026-07-09 17:00:00","WINDT142K3","68453151","WEI.JIANG","Windows","0","Read","G:\Group_Windt132k\shared\REIT Team\Post Road" 
"2026-07-09 17:00:00","WINDT142K3","68453152","WEI.JIANG","Windows","0","Read","G:\Group_Windt132k\shared\REIT Team\Post Road" 
"2026-07-09 17:00:00","WINDT142K3","68453154","WEI.JIANG","Windows","0","Read","G:\Group_Windt132k\shared\REIT Team\Valley National Bank\Syndication Loan" 
"2026-07-09 17:00:00","WINDT142K3","68453158","WEI.JIANG","Windows","0","Read","G:\Group_Windt132k\shared\REIT Team\Valley National Bank\Syndication Loan" 
"2026-07-09 17:00:00","WINDT142K3","68453161","WEI.JIANG","Windows","0","Read","G:\Group_Windt132k\shared\REIT Team\Valley National Bank\Synd Bought Loan" 
"2026-07-09 17:00:00","WINDT142K3","68453164","WEI.JIANG","Windows","0","Read","G:\Group_Windt132k\shared\REIT Team\Valley National Bank\Synd Bought Loan" 
"2026-07-09 17:00:00","WINDT142K3","68453167","WEI.JIANG","Windows","0","Read","G:\Group_Windt132k\shared\REIT Team\Valley National Bank\Participation Sold Loan" 
"2026-07-09 17:00:00","WINDT142K3","68453170","WEI.JIANG","Windows","0","Read","G:\Group_Windt132k\shared\REIT Team\Valley National Bank\Participation Sold Loan" 
"2026-07-09 17:00:00","WINDT142K3","68453173","WEI.JIANG","Windows","0","Read","G:\Group_Windt132k\shared\REIT Team\Valley National Bank" 
"2026-07-09 17:00:00","WINDT142K3","68453175","WEI.JIANG","Windows","0","Read","G:\Group_Windt132k\shared\REIT Team\Valley National Bank" 
"2026-07-09 17:00:00","WINDT142K3","68453178","WEI.JIANG","Windows","0","Read","G:\Group_Windt132k\shared\REIT Team\Peachtree\Cadence Bank Transactions" 
"2026-07-09 17:00:00","WINDT142K3","68453182","WEI.JIANG","Windows","0","Read","G:\Group_Windt132k\shared\REIT Team\Peachtree\Cadence Bank Transactions" 
"2026-07-09 17:00:00","WINDT142K3","68453184","WEI.JIANG","Windows","0","Read","G:\Group_Windt132k\shared\REIT Team\Peachtree\PCFIV" 
"2026-07-09 17:00:00","WINDT142K3","68453188","WEI.JIANG","Windows","0","Read","G:\Group_Windt132k\shared\REIT Team\Peachtree\PCFIV" 
"2026-07-09 17:00:00","WINDT142K3","68453191","WEI.JIANG","Windows","0","Read","G:\Group_Windt132k\shared\REIT Team\Peachtree\Non Fund (NF) - Loans in PDOF" 
"2026-07-09 17:00:00","WINDT142K3","68453194","WEI.JIANG","Windows","0","Read","G:\Group_Windt132k\shared\REIT Team\Peachtree\Non Fund (NF) - Loans in PDOF" 
"2026-07-09 17:00:00","WINDT142K3","68453197","WEI.JIANG","Windows","0","Read","G:\Group_Windt132k\shared\REIT Team\Peachtree\PSOF\Billing Statement" 
"2026-07-09 17:00:00","WINDT142K3","68453200","WEI.JIANG","Windows","0","Read","G:\Group_Windt132k\shared\REIT Team\Peachtree\PSOF\Billing Statement" 
"2026-07-09 17:00:00","WINDT142K3","68453203","WEI.JIANG","Windows","0","Read","G:\Group_Windt132k\shared\REIT Team\Peachtree\PSOF" 
"2026-07-09 17:00:00","WINDT142K3","68453207","WEI.JIANG","Windows","0","Read","G:\Group_Windt132k\shared\REIT Team\Peachtree\PSOF" 
"2026-07-09 17:00:00","WINDT142K3","68453210","WEI.JIANG","Windows","0","Read","G:\Group_Windt132k\shared\REIT Team\Peachtree\PDOF\Billing Statements" 
"2026-07-09 17:00:00","WINDT142K3","68453212","WEI.JIANG","Windows","0","Read","G:\Group_Windt132k\shared\REIT Team\Peachtree\PDOF\Billing Statements" 
"2026-07-09 17:00:00","WINDT142K3","68453215","WEI.JIANG","Windows","0","Read","G:\Group_Windt132k\shared\REIT Team\Peachtree\PDOF" 
"2026-07-09 17:00:00","WINDT142K3","68453219","WEI.JIANG","Windows","0","Read","G:\Group_Windt132k\shared\REIT Team\Peachtree\PDOF" 
"2026-07-09 17:00:00","WINDT142K3","68453221","WEI.JIANG","Windows","0","Read","G:\Group_Windt132k\shared\REIT Team\Peachtree\FUND III" 
"2026-07-09 17:00:00","WINDT142K3","68453224","WEI.JIANG","Windows","0","Read","G:\Group_Windt132k\shared\REIT Team\Peachtree\FUND III" 
"2026-07-09 17:00:00","WINDT142K3","68453225","WEI.JIANG","Windows","0","Read","G:\Group_Windt132k\shared\REIT Team\Peachtree\FUND II" 
"2026-07-09 17:00:00","WINDT142K3","68453228","WEI.JIANG","Windows","0","Read","G:\Group_Windt132k\shared\REIT Team\Peachtree\FUND II" 
"2026-07-09 17:00:00","WINDT142K3","68453230","WEI.JIANG","Windows","0","Read","G:\Group_Windt132k\shared\REIT Team\Peachtree" 
"2026-07-09 17:00:00","WINDT142K3","68453232","WEI.JIANG","Windows","0","Read","G:\Group_Windt132k\shared\REIT Team\Peachtree" 
"2026-07-09 17:00:00","WINDT142K3","68453234","WEI.JIANG","Windows","0","Read","G:\Group_Windt132k\shared\REIT Team\Rompsen\WF Transactions" 
"2026-07-09 17:00:00","WINDT142K3","68453237","WEI.JIANG","Windows","0","Read","G:\Group_Windt132k\shared\REIT Team\Rompsen\WF Transactions" 
"2026-07-09 17:00:00","WINDT142K3","68453239","WEI.JIANG","Windows","0","Read","G:\Group_Windt132k\shared\REIT Team\Rompsen\Loan expense to be reimbursed by borrower" 
"2026-07-09 17:00:00","WINDT142K3","68453241","WEI.JIANG","Windows","0","Read","G:\Group_Windt132k\shared\REIT Team\Rompsen\Loan expense to be reimbursed by borrower" 
"2026-07-09 17:00:00","WINDT142K3","68453243","WEI.JIANG","Windows","0","Read","G:\Group_Windt132k\shared\REIT Team\Rompsen\Mortgage Statement" 
"2026-07-09 17:00:00","WINDT142K3","68453245","WEI.JIANG","Windows","0","Read","G:\Group_Windt132k\shared\REIT Team\Rompsen\Mortgage Statement" 
"2026-07-09 17:00:00","WINDT142K3","68453247","WEI.JIANG","Windows","0","Read","G:\Group_Windt132k\shared\REIT Team\Rompsen\Monthly Report" 
"2026-07-09 17:00:00","WINDT142K3","68453249","WEI.JIANG","Windows","0","Read","G:\Group_Windt132k\shared\REIT Team\Rompsen\Monthly Report" 
"2026-07-09 17:00:00","WINDT142K3","68453294","BMCADOO","Windows","0","Read","G:\Group_Windt132k\Shared\ANICO\LPs\ANICO LP Production\ANICO LP 2Q26\May\7067 - Q1 2026 PCAP Statements - Civitas Pretium Fund, LP - ANICO.pdf" 
"2026-07-09 17:00:00","WINDT142K3","68453309","BMCADOO","Windows","0","Read","G:\Group_Windt132k\Shared\ANICO\LPs\ANICO LP Production\ANICO LP 2Q26\May\7069 - CLPMCF II-A - ANICNY_Distribution - 05.22.2026.pdf" 
"2026-07-09 17:00:00","WINDT142K3","68453319","BMCADOO","Windows","0","Read","G:\Group_Windt132k\Shared\ANICO\LPs\ANICO LP Production\ANICO LP 2Q26\May\7068 - CLPMCF II-A - ANIC_Distribution - 05.22.2026.pdf" 
"2026-07-09 17:00:00","WINDT142K3","68453327","BMCADOO","Windows","0","Read","G:\Group_Windt132k\Shared\ANICO\LPs\ANICO LP Production\ANICO LP 2Q26\May\7070 - CLCP II-A - ANSARP_Distribution - 05.22.2026.pdf" 
"2026-07-09 17:00:00","WINDT142K3","68453339","BMCADOO","Windows","0","Read","G:\Group_Windt132k\Shared\ANICO\LPs\ANICO LP Production\ANICO LP 2Q26\May\7077 - Statement of Capital Account - SOUND POINT US DIR LEN FD II (RN) LP - 03.31.2026.pdf" 
"2026-07-09 17:00:00","WINDT142K3","68453350","BMCADOO","Windows","0","Read","G:\Group_Windt132k\Shared\ANICO\LPs\ANICO LP Production\ANICO LP 2Q26\May\7102 - BSP SOF II STRUCTURED NOTE L.P. Q1 2026 Partner Capital Statement.pdf" 
"2026-07-09 17:00:00","WINDT142K3","68453363","BMCADOO","Windows","0","Read","G:\Group_Windt132k\Shared\ANICO\LPs\ANICO LP Production\ANICO LP 2Q26\May\7108 - Oaktree_Mezzanine_Fund_V_Feeder_(ICI)_L.P._Account_Statement_31_Mar_2026.pdf" 
"2026-07-09 17:00:00","WINDT142K3","68454726","BMCADOO","Windows","0","Read","G:\Group_Windt132k\Shared\ANICO\LPs\ANICO LP Production\ANICO LP 2Q26\May\7108. - Oaktree_Mezzanine_Fund_V_Feeder_(ICI)_L.P._Account_Statement_31_Mar_2026.pdf" 
"2026-07-09 17:00:00","WINDT142K3","68454857","BMCADOO","Windows","0","Read","G:\Group_Windt132k\Shared\ANICO\LPs\ANICO LP Production\ANICO LP 2Q26\May\7112 - Monroe IV_033126_MCP000228525_American National Insurance Company.pdf" 
"2026-07-09 17:00:00","WINDT142K3","68454910","BMCADOO","Windows","0","Read","G:\Group_Windt132k\Shared\ANICO\LPs\ANICO LP Production\ANICO LP 2Q26\April" 
"2026-07-09 17:00:00","WINDT142K3","68454911","BMCADOO","Windows","0","Read","G:\Group_Windt132k\Shared\ANICO\LPs\ANICO LP Production\ANICO LP 2Q26\April" 
"2026-07-09 17:00:00","WINDT142K3","68455042","BMCADOO","Windows","0","Read","G:\Group_Windt132k\Shared\ANICO\LPs\ANICO LP Production\ANICO LP 2Q26\April\7094 - Deerpath Q4 2025 Capital Account Statement.pdf" 
"2026-07-09 17:00:00","WINDT142K3","68455276","BMCADOO","Windows","0","Read","G:\Group_Windt132k\Shared\ANICO\LPs\ANICO LP Production\ANICO LP 2Q26\April\7113 - BREG Savannah Capital Acct Statement 03.31.2026.pdf" 
"2026-07-09 17:00:00","WINDT142K3","68456256","MMCMANUS","Windows","0","Read","G:\Group_Windt132k\Shared\REIT Team\SG Capital\Monthly Report\2026\MoO\06.30.26\EOM\U" 
"2026-07-09 17:00:00","WINDT142K3","68456258","MMCMANUS","Windows","0","Read","G:\Group_Windt132k\Shared\REIT Team\SG Capital\Monthly Report\2026\MoO\06.30.26\EOM\U" 
"2026-07-09 17:00:00","WINDT142K3","68457471","RKUMAR3","Windows","0","Read","G:\Group_Windt132k\Shared\ANICO\Derivatives CLewis\6.30.2026\Work (Month End)\GL Recon" 
"2026-07-09 17:00:00","WINDT142K3","68457472","RKUMAR3","Windows","0","Read","G:\Group_Windt132k\Shared\ANICO\Derivatives CLewis\6.30.2026\Work (Month End)\GL Recon" 
"2026-07-09 17:00:00","WINDT142K3","68457691","RKUMAR3","Windows","0","Write + Read","G:\Group_Windt132k\Shared\ANICO\Derivatives CLewis\6.30.2026\Work (Month End)\GL Recon\ANICO Options PGAAP Recon 6.30.26 Includes Reports - Work.xlsx" 
"2026-07-09 17:00:00","WINDT142K3","68457841","BMCADOO","Windows","0","Write + Read","G:\Group_Windt132k\Shared\ANICO\LPs\ANICO LP Production\ANICO LP 2Q26\ANIC June 2026 LP Control GAAP and STAT EMA_BA.xlsx" 
"2026-07-09 17:00:00","WINDT142K3","68457843","RKUMAR3","Windows","0","Write + Read","G:\Group_Windt132k\Shared\ANICO\Derivatives CLewis\6.30.2026\Work (Month End)\GL Recon\~$ANICO Options PGAAP Recon 6.30.26 Includes Reports - Work.xlsx" 
"2026-07-09 17:00:00","WINDT142K3","68457939","MPARLAPI","Windows","0","Read","G:\Group_Windt132k\Shared\ANICO\SMA\Implementation CLewis\2026_06_30\Revised 7.9.26" 
"2026-07-09 17:00:00","WINDT142K3","68457941","MPARLAPI","Windows","0","Read","G:\Group_Windt132k\Shared\ANICO\SMA\Implementation CLewis\2026_06_30\Revised 7.9.26" 
"2026-07-09 17:00:00","WINDT142K3","68457943","MPARLAPI","Windows","0","Read","G:\Group_Windt132k" 
"2026-07-09 17:00:00","WINDT142K3","68457945","MPARLAPI","Windows","0","Read","G:\Group_Windt132k" 
"2026-07-09 17:00:00","WINDT142K3","68458123","KZIADIE","Windows","0","Read","G:\Group_Windt132k\Shared\REIT Team\Peachtree\Cortland\2026\05 May 2026" 
"2026-07-09 17:00:00","WINDT142K3","68458124","KZIADIE","Windows","0","Read","G:\Group_Windt132k\Shared\REIT Team\Peachtree\Cortland\2026\05 May 2026" 
"2026-07-09 17:00:00","WINDT142K3","68458127","KZIADIE","Windows","0","Read","G:\Group_Windt132k\Shared\REIT Team\Peachtree\PCFIV\26049P4B Flamingo Crossing 4-Pack - Winter Garden, FL" 
"2026-07-09 17:00:00","WINDT142K3","68458128","KZIADIE","Windows","0","Read","G:\Group_Windt132k\Shared\REIT Team\Peachtree\PCFIV\26049P4B Flamingo Crossing 4-Pack - Winter Garden, FL" 
"2026-07-09 17:00:00","WINDT142K3","68458129","KZIADIE","Windows","0","Read","G:\Group_Windt132k\Shared\REIT Team\Peachtree\PCFIV\26053P4N National Dr. Apts. (Project Bella) - Los Angeles, CA\Payoff Statement" 
"2026-07-09 17:00:00","WINDT142K3","68458130","KZIADIE","Windows","0","Read","G:\Group_Windt132k\Shared\REIT Team\Peachtree\PCFIV\26053P4N National Dr. Apts. (Project Bella) - Los Angeles, CA\Payoff Statement" 
"2026-07-09 17:00:00","WINDT142K3","68458501","KZIADIE","Windows","0","Read","G:\Group_Windt132k\Shared\REIT Team\Peachtree\PDOF and PSOF Invoice Schedules - Shortcut.lnk" 
"2026-07-09 17:00:00","WINDT142K3","68458561","KZIADIE","Windows","0","Read","G:\Group_Windt132k\Shared\REIT Team\Peachtree\Verticals - TranHist Report\06 - 2026" 
"2026-07-09 17:00:00","WINDT142K3","68458562","KZIADIE","Windows","0","Read","G:\Group_Windt132k\Shared\REIT Team\Peachtree\Verticals - TranHist Report\06 - 2026" 
"2026-07-09 18:00:00",INFO: The system global flag 'maintain objects list' needs 
"2026-07-09 18:00:00",      to be enabled to see local opened files. 
"2026-07-09 18:00:00",      See Openfiles /? for more information. 
"2026-07-09 18:00:00",Files opened remotely via local share points: 
"2026-07-09 18:00:00",--------------------------------------------- 
"2026-07-09 18:00:00","Hostname","ID","Accessed By","Type","#Locks","Open Mode","Open File (Path\executable)" 
"2026-07-09 18:00:00","WINDT142K3","6","N/A","Windows","0","Write + Read","\PIPE\EVENTLOG" 
"2026-07-09 18:00:00","WINDT142K3","68457471","RKUMAR3","Windows","0","Read","G:\Group_Windt132k\Shared\ANICO\Derivatives CLewis\6.30.2026\Work (Month End)\GL Recon" 
"2026-07-09 18:00:00","WINDT142K3","68457472","RKUMAR3","Windows","0","Read","G:\Group_Windt132k\Shared\ANICO\Derivatives CLewis\6.30.2026\Work (Month End)\GL Recon" 
"2026-07-09 18:00:00","WINDT142K3","68459803","MMCMANUS","Windows","0","Read","G:\Group_Windt132k\Shared\REIT Team\SG Capital\Monthly Report\2026\MoO\06.30.26\EOM\U" 
"2026-07-09 18:00:00","WINDT142K3","68459804","MMCMANUS","Windows","0","Read","G:\Group_Windt132k\Shared\REIT Team\SG Capital\Monthly Report\2026\MoO\06.30.26\EOM\U" 
"2026-07-09 18:00:00","WINDT142K3","68460272","RFREYTAG","Windows","0","Read","G:\Group_Windt132k\Shared\RLI Conversion\06 June 2026\Recon" 
"2026-07-09 18:00:00","WINDT142K3","68460274","RFREYTAG","Windows","0","Read","G:\Group_Windt132k\Shared\RLI Conversion\06 June 2026\Recon" 
"2026-07-09 19:00:00",INFO: The system global flag 'maintain objects list' needs 
"2026-07-09 19:00:00",      to be enabled to see local opened files. 
"2026-07-09 19:00:00",      See Openfiles /? for more information. 
"2026-07-09 19:00:00",Files opened remotely via local share points: 
"2026-07-09 19:00:00",--------------------------------------------- 
"2026-07-09 19:00:00","Hostname","ID","Accessed By","Type","#Locks","Open Mode","Open File (Path\executable)" 
"2026-07-09 19:00:00","WINDT142K3","6","N/A","Windows","0","Write + Read","\PIPE\EVENTLOG" 
"2026-07-09 19:00:00","WINDT142K3","68457471","RKUMAR3","Windows","0","Read","G:\Group_Windt132k\Shared\ANICO\Derivatives CLewis\6.30.2026\Work (Month End)\GL Recon" 
"2026-07-09 19:00:00","WINDT142K3","68457472","RKUMAR3","Windows","0","Read","G:\Group_Windt132k\Shared\ANICO\Derivatives CLewis\6.30.2026\Work (Month End)\GL Recon" 
"2026-07-09 19:00:00","WINDT142K3","68459803","MMCMANUS","Windows","0","Read","G:\Group_Windt132k\Shared\REIT Team\SG Capital\Monthly Report\2026\MoO\06.30.26\EOM\U" 
"2026-07-09 19:00:00","WINDT142K3","68459804","MMCMANUS","Windows","0","Read","G:\Group_Windt132k\Shared\REIT Team\SG Capital\Monthly Report\2026\MoO\06.30.26\EOM\U" 
"2026-07-09 19:00:00","WINDT142K3","68460272","RFREYTAG","Windows","0","Read","G:\Group_Windt132k\Shared\RLI Conversion\06 June 2026\Recon" 
"2026-07-09 19:00:00","WINDT142K3","68460274","RFREYTAG","Windows","0","Read","G:\Group_Windt132k\Shared\RLI Conversion\06 June 2026\Recon" 
"2026-07-09 20:00:00",INFO: The system global flag 'maintain objects list' needs 
"2026-07-09 20:00:00",      to be enabled to see local opened files. 
"2026-07-09 20:00:00",      See Openfiles /? for more information. 
"2026-07-09 20:00:00",Files opened remotely via local share points: 
"2026-07-09 20:00:00",--------------------------------------------- 
"2026-07-09 20:00:00","Hostname","ID","Accessed By","Type","#Locks","Open Mode","Open File (Path\executable)" 
"2026-07-09 20:00:00","WINDT142K3","6","N/A","Windows","0","Write + Read","\PIPE\EVENTLOG" 
"2026-07-09 20:00:00","WINDT142K3","68457471","RKUMAR3","Windows","0","Read","G:\Group_Windt132k\Shared\ANICO\Derivatives CLewis\6.30.2026\Work (Month End)\GL Recon" 
"2026-07-09 20:00:00","WINDT142K3","68457472","RKUMAR3","Windows","0","Read","G:\Group_Windt132k\Shared\ANICO\Derivatives CLewis\6.30.2026\Work (Month End)\GL Recon" 
"2026-07-09 21:00:00",INFO: The system global flag 'maintain objects list' needs 
"2026-07-09 21:00:00",      to be enabled to see local opened files. 
"2026-07-09 21:00:00",      See Openfiles /? for more information. 
"2026-07-09 21:00:00",Files opened remotely via local share points: 
"2026-07-09 21:00:00",--------------------------------------------- 
"2026-07-09 21:00:00","Hostname","ID","Accessed By","Type","#Locks","Open Mode","Open File (Path\executable)" 
"2026-07-09 21:00:00","WINDT142K3","6","N/A","Windows","0","Write + Read","\PIPE\EVENTLOG" 
"2026-07-09 21:00:00","WINDT142K3","68457471","RKUMAR3","Windows","0","Read","G:\Group_Windt132k\Shared\ANICO\Derivatives CLewis\6.30.2026\Work (Month End)\GL Recon" 
"2026-07-09 21:00:00","WINDT142K3","68457472","RKUMAR3","Windows","0","Read","G:\Group_Windt132k\Shared\ANICO\Derivatives CLewis\6.30.2026\Work (Month End)\GL Recon" 
"2026-07-09 22:00:00",INFO: The system global flag 'maintain objects list' needs 
"2026-07-09 22:00:00",      to be enabled to see local opened files. 
"2026-07-09 22:00:00",      See Openfiles /? for more information. 
"2026-07-09 22:00:00",Files opened remotely via local share points: 
"2026-07-09 22:00:00",--------------------------------------------- 
"2026-07-09 22:00:00","Hostname","ID","Accessed By","Type","#Locks","Open Mode","Open File (Path\executable)" 
"2026-07-09 22:00:00","WINDT142K3","6","N/A","Windows","0","Write + Read","\PIPE\EVENTLOG" 
"2026-07-09 22:00:00","WINDT142K3","68461956","DBETTERS","Windows","0","Read","G:\Group_Windt132k\Shared\RLI Conversion\06 June 2026" 
"2026-07-09 22:00:00","WINDT142K3","68461957","DBETTERS","Windows","0","Read","G:\Group_Windt132k\Shared\RLI Conversion\06 June 2026" 
"2026-07-09 22:00:00","WINDT142K3","68461971","DBETTERS","Windows","0","Write + Read","G:\Group_Windt132k\Shared\RLI Conversion\06 June 2026\RLI Cash Reconciliation 06.26.26.xlsx" 
"2026-07-09 22:00:00","WINDT142K3","68461981","DBETTERS","Windows","0","Write + Read","G:\Group_Windt132k\Shared\RLI Conversion\06 June 2026\~$RLI Cash Reconciliation 06.26.26.xlsx" 
"2026-07-09 22:00:00","WINDT142K3","68462064","DBETTERS","Windows","0","Write + Read","G:\Group_Windt132k\Shared\RLI Conversion\06 June 2026\20260528-JPM-RLI-TRANS.csv" 
"2026-07-09 23:00:00",INFO: The system global flag 'maintain objects list' needs 
"2026-07-09 23:00:00",      to be enabled to see local opened files. 
"2026-07-09 23:00:00",      See Openfiles /? for more information. 
"2026-07-09 23:00:00",Files opened remotely via local share points: 
"2026-07-09 23:00:00",--------------------------------------------- 
"2026-07-09 23:00:00","Hostname","ID","Accessed By","Type","#Locks","Open Mode","Open File (Path\executable)" 
"2026-07-09 23:00:00","WINDT142K3","6","N/A","Windows","0","Write + Read","\PIPE\EVENTLOG" 
"2026-07-09 23:00:00","WINDT142K3","68462447","DBETTERS","Windows","0","Write + Read","G:\Group_Windt132k\Shared\MarylandCare\2026.02.28\Sent to MLC\MCMI GL Recon GAAP 02.28.2026.xlsm" 
"2026-07-09 23:00:00","WINDT142K3","68462458","DBETTERS","Windows","0","Write + Read","G:\Group_Windt132k\Shared\MarylandCare\2026.02.28\Sent to MLC\~$MCMI GL Recon GAAP 02.28.2026.xlsm" 
"2026-07-09 23:00:00","WINDT142K3","68462547","DBETTERS","Windows","0","Write + Read","G:\Group_Windt132k\Shared\MarylandCare\2026.03.31\Sent to MLC\MCMI GL Recon GAAP 03.31.26.xlsm" 
"2026-07-09 23:00:00","WINDT142K3","68462558","DBETTERS","Windows","0","Write + Read","G:\Group_Windt132k\Shared\MarylandCare\2026.03.31\Sent to MLC\~$MCMI GL Recon GAAP 03.31.26.xlsm" 
"2026-07-09 23:00:00","WINDT142K3","68462655","DBETTERS","Windows","0","Read","G:\Group_Windt132k\Shared\MarylandCare\2026.03.31\MarylandCare_20260407\1.1.4.3 03 March\1.1.4.3.6 03.2026 MCMI Equity 5TL-03279.pdf" 
"2026-07-09 23:00:00","WINDT142K3","68462796","DBETTERS","Windows","0","Read","G:\Group_Windt132k\Shared\MarylandCare\2026.01.31\1.1.4.6 01.2026 MCMI Equity 5TL-03279.pdf" 
"2026-07-09 23:00:00","WINDT142K3","68462924","DBETTERS","Windows","0","Read","G:\Group_Windt132k\Shared\MarylandCare\2026.01.31\1.1.4.8 01.2026 MCMI Fixed Income 5TL-03268.pdf" 
"2026-07-09 23:00:00","WINDT142K3","68463006","DBETTERS","Windows","0","Read","G:\Group_Windt132k\Shared\MarylandCare\2026.06.30\Sent to MLC" 
"2026-07-09 23:00:00","WINDT142K3","68463007","DBETTERS","Windows","0","Read","G:\Group_Windt132k\Shared\MarylandCare\2026.06.30\Sent to MLC" 
"2026-07-10 00:00:00",INFO: The system global flag 'maintain objects list' needs 
"2026-07-10 00:00:00",      to be enabled to see local opened files. 
"2026-07-10 00:00:00",      See Openfiles /? for more information. 
"2026-07-10 00:00:00",Files opened remotely via local share points: 
"2026-07-10 00:00:00",--------------------------------------------- 
"2026-07-10 00:00:00","Hostname","ID","Accessed By","Type","#Locks","Open Mode","Open File (Path\executable)" 
"2026-07-10 00:00:00","WINDT142K3","6","N/A","Windows","0","Write + Read","\PIPE\EVENTLOG" 
"2026-07-10 01:00:00",INFO: The system global flag 'maintain objects list' needs 
"2026-07-10 01:00:00",      to be enabled to see local opened files. 
"2026-07-10 01:00:00",      See Openfiles /? for more information. 
"2026-07-10 01:00:00",Files opened remotely via local share points: 
"2026-07-10 01:00:00",--------------------------------------------- 
"2026-07-10 01:00:00","Hostname","ID","Accessed By","Type","#Locks","Open Mode","Open File (Path\executable)" 
"2026-07-10 01:00:00","WINDT142K3","6","N/A","Windows","0","Write + Read","\PIPE\EVENTLOG" 
"2026-07-10 02:00:00",INFO: The system global flag 'maintain objects list' needs 
"2026-07-10 02:00:00",      to be enabled to see local opened files. 
"2026-07-10 02:00:00",      See Openfiles /? for more information. 
"2026-07-10 02:00:00",Files opened remotely via local share points: 
"2026-07-10 02:00:00",--------------------------------------------- 
"2026-07-10 02:00:00","Hostname","ID","Accessed By","Type","#Locks","Open Mode","Open File (Path\executable)" 
"2026-07-10 02:00:00","WINDT142K3","6","N/A","Windows","0","Write + Read","\PIPE\EVENTLOG" 
"2026-07-10 03:00:00",INFO: The system global flag 'maintain objects list' needs 
"2026-07-10 03:00:00",      to be enabled to see local opened files. 
"2026-07-10 03:00:00",      See Openfiles /? for more information. 
"2026-07-10 03:00:00",Files opened remotely via local share points: 
"2026-07-10 03:00:00",--------------------------------------------- 
"2026-07-10 03:00:00","Hostname","ID","Accessed By","Type","#Locks","Open Mode","Open File (Path\executable)" 
"2026-07-10 03:00:00","WINDT142K3","6","N/A","Windows","0","Write + Read","\PIPE\EVENTLOG" 
"2026-07-10 04:00:00",INFO: The system global flag 'maintain objects list' needs 
"2026-07-10 04:00:00",      to be enabled to see local opened files. 
"2026-07-10 04:00:00",      See Openfiles /? for more information. 
"2026-07-10 04:00:00",Files opened remotely via local share points: 
"2026-07-10 04:00:00",--------------------------------------------- 
"2026-07-10 04:00:00","Hostname","ID","Accessed By","Type","#Locks","Open Mode","Open File (Path\executable)" 
"2026-07-10 04:00:00","WINDT142K3","6","N/A","Windows","0","Write + Read","\PIPE\EVENTLOG" 
"2026-07-10 05:00:00",INFO: The system global flag 'maintain objects list' needs 
"2026-07-10 05:00:00",      to be enabled to see local opened files. 
"2026-07-10 05:00:00",      See Openfiles /? for more information. 
"2026-07-10 05:00:00",Files opened remotely via local share points: 
"2026-07-10 05:00:00",--------------------------------------------- 
"2026-07-10 05:00:00","Hostname","ID","Accessed By","Type","#Locks","Open Mode","Open File (Path\executable)" 
"2026-07-10 05:00:00","WINDT142K3","6","N/A","Windows","0","Write + Read","\PIPE\EVENTLOG" 
"2026-07-10 06:00:00",INFO: The system global flag 'maintain objects list' needs 
"2026-07-10 06:00:00",      to be enabled to see local opened files. 
"2026-07-10 06:00:00",      See Openfiles /? for more information. 
"2026-07-10 06:00:00",Files opened remotely via local share points: 
"2026-07-10 06:00:00",--------------------------------------------- 
"2026-07-10 06:00:00","Hostname","ID","Accessed By","Type","#Locks","Open Mode","Open File (Path\executable)" 
"2026-07-10 06:00:00","WINDT142K3","6","N/A","Windows","0","Write + Read","\PIPE\EVENTLOG" 
"2026-07-10 07:00:00",INFO: The system global flag 'maintain objects list' needs 
"2026-07-10 07:00:00",      to be enabled to see local opened files. 
"2026-07-10 07:00:00",      See Openfiles /? for more information. 
"2026-07-10 07:00:00",Files opened remotely via local share points: 
"2026-07-10 07:00:00",--------------------------------------------- 
"2026-07-10 07:00:00","Hostname","ID","Accessed By","Type","#Locks","Open Mode","Open File (Path\executable)" 
"2026-07-10 07:00:00","WINDT142K3","6","N/A","Windows","0","Write + Read","\PIPE\EVENTLOG" 
"2026-07-10 08:00:00",INFO: The system global flag 'maintain objects list' needs 
"2026-07-10 08:00:00",      to be enabled to see local opened files. 
"2026-07-10 08:00:00",      See Openfiles /? for more information. 
"2026-07-10 08:00:00",Files opened remotely via local share points: 
"2026-07-10 08:00:00",--------------------------------------------- 
"2026-07-10 08:00:00","Hostname","ID","Accessed By","Type","#Locks","Open Mode","Open File (Path\executable)" 
"2026-07-10 08:00:00","WINDT142K3","6","N/A","Windows","0","Write + Read","\PIPE\EVENTLOG" 
"2026-07-10 09:00:00",INFO: The system global flag 'maintain objects list' needs 
"2026-07-10 09:00:00",      to be enabled to see local opened files. 
"2026-07-10 09:00:00",      See Openfiles /? for more information. 
"2026-07-10 09:00:00",Files opened remotely via local share points: 
"2026-07-10 09:00:00",--------------------------------------------- 
"2026-07-10 09:00:00","Hostname","ID","Accessed By","Type","#Locks","Open Mode","Open File (Path\executable)" 
"2026-07-10 09:00:00","WINDT142K3","6","N/A","Windows","0","Write + Read","\PIPE\EVENTLOG" 
"2026-07-10 09:00:00","WINDT142K3","68465201","MMCMANUS","Windows","0","Write + Read","G:\Group_Windt132k\Shared\REIT Team\SG Capital\Monthly Report\2026\MoO\06.30.26\EOM\PastDues.xlsx" 
"2026-07-10 09:00:00","WINDT142K3","68465204","MMCMANUS","Windows","0","Write + Read","G:\Group_Windt132k\Shared\REIT Team\SG Capital\Monthly Report\2026\MoO\06.30.26\EOM\~$PastDues.xlsx" 
"2026-07-10 09:00:00","WINDT142K3","68465567","JCACCAVA","Windows","0","Write + Read","G:\Group_Windt132k\Shared\REIT Team\SG Capital\Monthly Report\2026\MoO\06.30.26\EOM\SGCAP MoO_SMA_LoanLevel 6.30.26 working.xlsx" 
"2026-07-10 09:00:00","WINDT142K3","68465573","JCACCAVA","Windows","0","Write + Read","G:\Group_Windt132k\Shared\REIT Team\SG Capital\Monthly Report\2026\MoO\06.30.26\EOM\~$SGCAP MoO_SMA_LoanLevel 6.30.26 working.xlsx" 
"2026-07-10 09:00:00","WINDT142K3","68465691","JCACCAVA","Windows","0","Read","G:\Group_Windt132k\Shared\REIT Team\SG Capital\Monthly Report\2026\MoO\06.30.26\EOM" 
"2026-07-10 09:00:00","WINDT142K3","68465693","JCACCAVA","Windows","0","Read","G:\Group_Windt132k\Shared\REIT Team\SG Capital\Monthly Report\2026\MoO\06.30.26\EOM" 
"2026-07-10 09:00:00","WINDT142K3","68465883","JCACCAVA","Windows","0","Write + Read","G:\Group_Windt132k\Shared\REIT Team\SG Capital\Monthly Report\2026\MoO\06.30.26\EOM\~$SGCAP Final PnL and Recon Endeavor 6.30.2026 Working.xlsx" 
"2026-07-10 09:00:00","WINDT142K3","68466063","JCACCAVA","Windows","0","Write + Read","G:\Group_Windt132k\Shared\REIT Team\SG Capital\Monthly Report\2026\MoO\06.30.26\EOM\SGCAP Final PnL and Recon Endeavor 6.30.2026 Working.xlsx" 
"2026-07-10 09:00:00","WINDT142K3","68466138","KZIADIE","Windows","0","Read","G:\Group_Windt132k\Shared\REIT Team\Peachtree\Non Fund (NF) - Loans in PDOF\25067NFB Swansey Lots\Loan Docs\Swansey Lots - RE Note.pdf" 
"2026-07-10 09:00:00","WINDT142K3","68466156","KZIADIE","Windows","0","Read","G:\Group_Windt132k\Shared\REIT Team\Peachtree\Non Fund (NF) - Loans in PDOF\25067NFB Swansey Lots\Loan Docs\Swansey Lots - Loan Agreement.pdf" 
"2026-07-10 09:00:00","WINDT142K3","68466206","KZIADIE","Windows","0","Write + Read","G:\Group_Windt132k\Shared\REIT Team\Peachtree\Non Fund (NF) - Loans in PDOF\25067NFB Swansey Lots\Swansey Lots - New Loan Onboarding Checklist.xlsx" 
"2026-07-10 09:00:00","WINDT142K3","68466209","KZIADIE","Windows","0","Write + Read","G:\Group_Windt132k\Shared\REIT Team\Peachtree\Non Fund (NF) - Loans in PDOF\25067NFB Swansey Lots\~$Swansey Lots - New Loan Onboarding Checklist.xlsx" 
"2026-07-10 09:00:00","WINDT142K3","68466670","MMCMANUS","Windows","0","Read","G:\Group_Windt132k\Shared\REIT Team\SG Capital\Monthly Report\2026\MoO\06.30.26\EOM" 
"2026-07-10 09:00:00","WINDT142K3","68466673","MMCMANUS","Windows","0","Read","G:\Group_Windt132k\Shared\REIT Team\SG Capital\Monthly Report\2026\MoO\06.30.26\EOM" 
"2026-07-10 09:00:00","WINDT142K3","68466718","KZIADIE","Windows","0","Write + Read","G:\Group_Windt132k\Shared\REIT Team\Peachtree\Non Fund (NF) - Loans in PDOF\25067NFB Swansey Lots\Payoff Request\~$Swansey Lots_Peachtree Payoff Cal_07.30.2026.xlsx" 
"2026-07-10 09:00:00","WINDT142K3","68466752","KZIADIE","Windows","0","Write + Read","G:\Group_Windt132k\Shared\REIT Team\Peachtree\Non Fund (NF) - Loans in PDOF\25067NFB Swansey Lots\Payoff Request\Swansey Lots_Peachtree Payoff Cal_07.30.2026.xlsx" 
"2026-07-10 09:00:00","WINDT142K3","68466817","MMCMANUS","Windows","0","Write + Read","G:\Group_Windt132k\Shared\REIT Team\SG Capital\Monthly Report\2026\MoO\06.30.26\EOM\SGCAP Final PnL and Recon 6.30.2026 U Fund Working.xlsx" 
"2026-07-10 09:00:00","WINDT142K3","68466834","MMCMANUS","Windows","0","Write + Read","G:\Group_Windt132k\Shared\REIT Team\SG Capital\Monthly Report\2026\MoO\06.30.26\EOM\~$SGCAP Final PnL and Recon 6.30.2026 U Fund Working.xlsx" 
"2026-07-10 09:00:00","WINDT142K3","68467196","KZIADIE","Windows","0","Read","G:\Group_Windt132k\Shared\REIT Team\Peachtree\Non Fund (NF) - Loans in PDOF\Billing Statements\2026\07 Jul 2026" 
"2026-07-10 09:00:00","WINDT142K3","68467197","KZIADIE","Windows","0","Read","G:\Group_Windt132k\Shared\REIT Team\Peachtree\Non Fund (NF) - Loans in PDOF\Billing Statements\2026\07 Jul 2026" 
"2026-07-10 09:00:00","WINDT142K3","68467220","KZIADIE","Windows","0","Read","G:\Group_Windt132k\Shared\REIT Team\Peachtree\Non Fund (NF) - Loans in PDOF\Billing Statements\2026\07 Jul 2026\Swansey Lots - Peachtree Invoice (2026 07).pdf" 
"2026-07-10 09:00:00","WINDT142K3","68467322","RKUMAR3","Windows","0","Read","G:\Group_Windt132k\Shared\ANICO\Derivatives CLewis\6.30.2026\Sent to ANICO" 
"2026-07-10 09:00:00","WINDT142K3","68467323","RKUMAR3","Windows","0","Read","G:\Group_Windt132k\Shared\ANICO\Derivatives CLewis\6.30.2026\Sent to ANICO" 
"2026-07-10 09:00:00","WINDT142K3","68467427","JCACCAVA","Windows","0","Read","G:\Group_Windt132k\Shared\REIT Team\SG Capital\Monthly Report\2026\G1001\06.30.26\EOM" 
"2026-07-10 09:00:00","WINDT142K3","68467428","JCACCAVA","Windows","0","Read","G:\Group_Windt132k\Shared\REIT Team\SG Capital\Monthly Report\2026\G1001\06.30.26\EOM" 
"2026-07-10 09:00:00","WINDT142K3","68467448","JCACCAVA","Windows","0","Write + Read","G:\Group_Windt132k\Shared\REIT Team\SG Capital\Monthly Report\2026\G1001\06.30.26\EOM\SGCAP G1001_SMA_Loan_Level 6.30.26 working.xlsx" 
"2026-07-10 09:00:00","WINDT142K3","68467455","JCACCAVA","Windows","0","Write + Read","G:\Group_Windt132k\Shared\REIT Team\SG Capital\Monthly Report\2026\G1001\06.30.26\EOM\~$SGCAP G1001_SMA_Loan_Level 6.30.26 working.xlsx" 
"2026-07-10 09:00:00","WINDT142K3","68467710","KCARTA","Windows","0","Write + Read","G:\Group_Windt132k\Shared\REIT Team\Saluda Grade\Loan Servicing\2026\06 June 2026\June 2026 Checklist.xlsx" 
"2026-07-10 09:00:00","WINDT142K3","68467739","RKUMAR3","Windows","0","Read","G:\Group_Windt132k\Shared\ANICO" 
"2026-07-10 10:00:00",INFO: The system global flag 'maintain objects list' needs 
"2026-07-10 10:00:00",      to be enabled to see local opened files. 
"2026-07-10 10:00:00",      See Openfiles /? for more information. 
"2026-07-10 10:00:00",Files opened remotely via local share points: 
"2026-07-10 10:00:00",--------------------------------------------- 
"2026-07-10 10:00:00","Hostname","ID","Accessed By","Type","#Locks","Open Mode","Open File (Path\executable)" 
"2026-07-10 10:00:00","WINDT142K3","6","N/A","Windows","0","Write + Read","\PIPE\EVENTLOG" 
"2026-07-10 10:00:00","WINDT142K3","68467427","JCACCAVA","Windows","0","Read","G:\Group_Windt132k\Shared\REIT Team\SG Capital\Monthly Report\2026\G1001\06.30.26\EOM" 
"2026-07-10 10:00:00","WINDT142K3","68467428","JCACCAVA","Windows","0","Read","G:\Group_Windt132k\Shared\REIT Team\SG Capital\Monthly Report\2026\G1001\06.30.26\EOM" 
"2026-07-10 10:00:00","WINDT142K3","68472038","MPARLAPI","Windows","0","Write + Read","G:\Group_Windt132k\Shared\ANICO\SMA\Implementation CLewis\FTP Site Credentials\ANICO FTP.xlsx" 
"2026-07-10 10:00:00","WINDT142K3","68472041","MPARLAPI","Windows","0","Write + Read","G:\Group_Windt132k\Shared\ANICO\SMA\Implementation CLewis\FTP Site Credentials\~$ANICO FTP.xlsx" 
"2026-07-10 10:00:00","WINDT142K3","68472649","JCACCAVA","Windows","0","Read","G:\Group_Windt132k\Shared\REIT Team\SG Capital\Monthly Report\2026\MoO\05.31.26\EOM" 
"2026-07-10 10:00:00","WINDT142K3","68472651","JCACCAVA","Windows","0","Read","G:\Group_Windt132k\Shared\REIT Team\SG Capital\Monthly Report\2026\MoO\05.31.26\EOM" 
"2026-07-10 10:00:00","WINDT142K3","68472854","WEI.JIANG","Windows","0","Read","G:\Group_Windt132k\shared\REIT Team\Rompsen\Loans" 
"2026-07-10 10:00:00","WINDT142K3","68472855","WEI.JIANG","Windows","0","Read","G:\Group_Windt132k\shared\REIT Team\Rompsen\Loans" 
"2026-07-10 10:00:00","WINDT142K3","68472856","WEI.JIANG","Windows","0","Read","G:\Group_Windt132k\shared\REIT Team\Rompsen" 
"2026-07-10 10:00:00","WINDT142K3","68472857","WEI.JIANG","Windows","0","Read","G:\Group_Windt132k\shared\REIT Team\Rompsen" 
"2026-07-10 10:00:00","WINDT142K3","68472858","WEI.JIANG","Windows","0","Read","G:\Group_Windt132k\shared\REIT Team\Romspen CAD Shadow" 
"2026-07-10 10:00:00","WINDT142K3","68472859","WEI.JIANG","Windows","0","Read","G:\Group_Windt132k\shared\REIT Team\Romspen CAD Shadow" 
"2026-07-10 10:00:00","WINDT142K3","68472860","WEI.JIANG","Windows","0","Read","G:\Group_Windt132k\shared\REIT Team" 
"2026-07-10 10:00:00","WINDT142K3","68472861","WEI.JIANG","Windows","0","Read","G:\Group_Windt132k\shared\REIT Team" 
"2026-07-10 10:00:00","WINDT142K3","68472862","WEI.JIANG","Windows","0","Read","G:\Group_Windt132k\shared\REIT Team\Post Road" 
"2026-07-10 10:00:00","WINDT142K3","68472863","WEI.JIANG","Windows","0","Read","G:\Group_Windt132k\shared\REIT Team\Post Road" 
"2026-07-10 10:00:00","WINDT142K3","68472864","WEI.JIANG","Windows","0","Read","G:\Group_Windt132k\shared\REIT Team\Valley National Bank\Syndication Loan" 
"2026-07-10 10:00:00","WINDT142K3","68472865","WEI.JIANG","Windows","0","Read","G:\Group_Windt132k\shared\REIT Team\Valley National Bank\Syndication Loan" 
"2026-07-10 10:00:00","WINDT142K3","68472866","WEI.JIANG","Windows","0","Read","G:\Group_Windt132k\shared\REIT Team\Valley National Bank\Synd Bought Loan" 
"2026-07-10 10:00:00","WINDT142K3","68472867","WEI.JIANG","Windows","0","Read","G:\Group_Windt132k\shared\REIT Team\Valley National Bank\Synd Bought Loan" 
"2026-07-10 10:00:00","WINDT142K3","68472868","WEI.JIANG","Windows","0","Read","G:\Group_Windt132k\shared\REIT Team\Valley National Bank\Participation Sold Loan" 
"2026-07-10 10:00:00","WINDT142K3","68472869","WEI.JIANG","Windows","0","Read","G:\Group_Windt132k\shared\REIT Team\Valley National Bank\Participation Sold Loan" 
"2026-07-10 10:00:00","WINDT142K3","68472870","WEI.JIANG","Windows","0","Read","G:\Group_Windt132k\shared\REIT Team\Valley National Bank" 
"2026-07-10 10:00:00","WINDT142K3","68472871","WEI.JIANG","Windows","0","Read","G:\Group_Windt132k\shared\REIT Team\Valley National Bank" 
"2026-07-10 10:00:00","WINDT142K3","68472872","WEI.JIANG","Windows","0","Read","G:\Group_Windt132k\shared\REIT Team\Peachtree\Cadence Bank Transactions" 
"2026-07-10 10:00:00","WINDT142K3","68472873","WEI.JIANG","Windows","0","Read","G:\Group_Windt132k\shared\REIT Team\Peachtree\Cadence Bank Transactions" 
"2026-07-10 10:00:00","WINDT142K3","68472874","WEI.JIANG","Windows","0","Read","G:\Group_Windt132k\shared\REIT Team\Peachtree\PCFIV" 
"2026-07-10 10:00:00","WINDT142K3","68472875","WEI.JIANG","Windows","0","Read","G:\Group_Windt132k\shared\REIT Team\Peachtree\PCFIV" 
"2026-07-10 10:00:00","WINDT142K3","68472876","WEI.JIANG","Windows","0","Read","G:\Group_Windt132k\shared\REIT Team\Peachtree\Non Fund (NF) - Loans in PDOF" 
"2026-07-10 10:00:00","WINDT142K3","68472877","WEI.JIANG","Windows","0","Read","G:\Group_Windt132k\shared\REIT Team\Peachtree\Non Fund (NF) - Loans in PDOF" 
"2026-07-10 10:00:00","WINDT142K3","68472878","WEI.JIANG","Windows","0","Read","G:\Group_Windt132k\shared\REIT Team\Peachtree\PSOF\Billing Statement" 
"2026-07-10 10:00:00","WINDT142K3","68472879","WEI.JIANG","Windows","0","Read","G:\Group_Windt132k\shared\REIT Team\Peachtree\PSOF\Billing Statement" 
"2026-07-10 10:00:00","WINDT142K3","68472880","WEI.JIANG","Windows","0","Read","G:\Group_Windt132k\shared\REIT Team\Peachtree\PSOF" 
"2026-07-10 10:00:00","WINDT142K3","68472881","WEI.JIANG","Windows","0","Read","G:\Group_Windt132k\shared\REIT Team\Peachtree\PSOF" 
"2026-07-10 10:00:00","WINDT142K3","68472882","WEI.JIANG","Windows","0","Read","G:\Group_Windt132k\shared\REIT Team\Peachtree\PDOF\Billing Statements" 
"2026-07-10 10:00:00","WINDT142K3","68472883","WEI.JIANG","Windows","0","Read","G:\Group_Windt132k\shared\REIT Team\Peachtree\PDOF\Billing Statements" 
"2026-07-10 10:00:00","WINDT142K3","68472884","WEI.JIANG","Windows","0","Read","G:\Group_Windt132k\shared\REIT Team\Peachtree\PDOF" 
"2026-07-10 10:00:00","WINDT142K3","68472885","WEI.JIANG","Windows","0","Read","G:\Group_Windt132k\shared\REIT Team\Peachtree\PDOF" 
"2026-07-10 10:00:00","WINDT142K3","68472886","WEI.JIANG","Windows","0","Read","G:\Group_Windt132k\shared\REIT Team\Peachtree\FUND III" 
"2026-07-10 10:00:00","WINDT142K3","68472887","WEI.JIANG","Windows","0","Read","G:\Group_Windt132k\shared\REIT Team\Peachtree\FUND III" 
"2026-07-10 10:00:00","WINDT142K3","68472888","WEI.JIANG","Windows","0","Read","G:\Group_Windt132k\shared\REIT Team\Peachtree\FUND II" 
"2026-07-10 10:00:00","WINDT142K3","68472889","WEI.JIANG","Windows","0","Read","G:\Group_Windt132k\shared\REIT Team\Peachtree\FUND II" 
"2026-07-10 10:00:00","WINDT142K3","68472890","WEI.JIANG","Windows","0","Read","G:\Group_Windt132k\shared\REIT Team\Peachtree" 
"2026-07-10 10:00:00","WINDT142K3","68472891","WEI.JIANG","Windows","0","Read","G:\Group_Windt132k\shared\REIT Team\Peachtree" 
"2026-07-10 10:00:00","WINDT142K3","68472892","WEI.JIANG","Windows","0","Read","G:\Group_Windt132k\shared\REIT Team\Rompsen\WF Transactions" 
"2026-07-10 10:00:00","WINDT142K3","68472893","WEI.JIANG","Windows","0","Read","G:\Group_Windt132k\shared\REIT Team\Rompsen\WF Transactions" 
"2026-07-10 10:00:00","WINDT142K3","68472894","WEI.JIANG","Windows","0","Read","G:\Group_Windt132k\shared\REIT Team\Rompsen\Loan expense to be reimbursed by borrower" 
"2026-07-10 10:00:00","WINDT142K3","68472895","WEI.JIANG","Windows","0","Read","G:\Group_Windt132k\shared\REIT Team\Rompsen\Loan expense to be reimbursed by borrower" 
"2026-07-10 10:00:00","WINDT142K3","68472896","WEI.JIANG","Windows","0","Read","G:\Group_Windt132k\shared\REIT Team\Rompsen\Mortgage Statement" 
"2026-07-10 10:00:00","WINDT142K3","68472897","WEI.JIANG","Windows","0","Read","G:\Group_Windt132k\shared\REIT Team\Rompsen\Mortgage Statement" 
"2026-07-10 10:00:00","WINDT142K3","68472898","WEI.JIANG","Windows","0","Read","G:\Group_Windt132k\shared\REIT Team\Rompsen\Monthly Report" 
"2026-07-10 10:00:00","WINDT142K3","68472899","WEI.JIANG","Windows","0","Read","G:\Group_Windt132k\shared\REIT Team\Rompsen\Monthly Report" 
"2026-07-10 10:00:00","WINDT142K3","68473335","JCACCAVA","Windows","0","Write + Read","G:\Group_Windt132k\Shared\REIT Team\SG Capital\Monthly Report\2026\G1001\06.30.26\EOM\SGCAP G1001_SMA_Loan_Level 6.30.26 working.xlsx" 
"2026-07-10 10:00:00","WINDT142K3","68473354","JCACCAVA","Windows","0","Write + Read","G:\Group_Windt132k\Shared\REIT Team\SG Capital\Monthly Report\2026\G1001\06.30.26\EOM\~$SGCAP G1001_SMA_Loan_Level 6.30.26 working.xlsx" 
"2026-07-10 10:00:00","WINDT142K3","68473853","JCACCAVA","Windows","0","Write + Read","G:\Group_Windt132k\Shared\REIT Team\SG Capital\Monthly Report\2026\MoO\06.30.26\EOM\~$SGCAP MoO_SMA_LoanLevel 6.30.26 v2.xlsx" 
"2026-07-10 10:00:00","WINDT142K3","68474989","APRATHEP","Windows","0","Read","G:\Group_Windt132k\Shared\REIT Team\Saluda Grade\Loan Servicing\2026\06 June 2026\Remits" 
"2026-07-10 10:00:00","WINDT142K3","68474990","APRATHEP","Windows","0","Read","G:\Group_Windt132k\Shared\REIT Team\Saluda Grade\Loan Servicing\2026\06 June 2026\Remits" 
"2026-07-10 10:00:00","WINDT142K3","68475092","KCARTA","Windows","0","Write + Read","G:\Group_Windt132k\Shared\REIT Team\Saluda Grade\Loan Servicing\2026\06 June 2026\Remit Recons\SPS-SGLT3 6.30.26 Remittance Recon.xlsx" 
"2026-07-10 10:00:00","WINDT142K3","68475097","KCARTA","Windows","0","Write + Read","G:\Group_Windt132k\Shared\REIT Team\Saluda Grade\Loan Servicing\2026\06 June 2026\Remit Recons\~$SPS-SGLT3 6.30.26 Remittance Recon.xlsx" 
"2026-07-10 10:00:00","WINDT142K3","68475510","TFEBLES","Windows","0","Read","G:\Group_Windt132k\Shared\REIT Team\Rompsen\Loans\8706 - 10029 Rufo Properties Portfolio 12.28.2018\Payoff\06.30.2026" 
"2026-07-10 10:00:00","WINDT142K3","68475511","TFEBLES","Windows","0","Read","G:\Group_Windt132k\Shared\REIT Team\Rompsen\Loans\8706 - 10029 Rufo Properties Portfolio 12.28.2018\Payoff\06.30.2026" 
"2026-07-10 10:00:00","WINDT142K3","68475536","KZIADIE","Windows","0","Write + Read","G:\Group_Windt132k\Shared\REIT Team\Peachtree\Non Fund (NF) - Loans in PDOF\25067NFB Swansey Lots\Payoff Request\Swansey Lots_Peachtree Payoff_7.30.26.docx" 
"2026-07-10 10:00:00","WINDT142K3","68475609","DBETTERS","Windows","0","Write + Read","G:\Group_Windt132k\Shared\RLI Conversion\06 June 2026\~$SecurityPriceImport 063026.xlsx" 
"2026-07-10 10:00:00","WINDT142K3","68475636","DBETTERS","Windows","0","Write + Read","G:\Group_Windt132k\Shared\RLI Conversion\06 June 2026\SecurityPriceImport 063026.xlsx" 
"2026-07-10 10:00:00","WINDT142K3","68475720","MPARLAPI","Windows","0","Read","G:\Group_Windt132k\Shared\ANICO\SMA\Implementation CLewis\FTP Site Credentials" 
"2026-07-10 10:00:00","WINDT142K3","68475721","MPARLAPI","Windows","0","Read","G:\Group_Windt132k\Shared\ANICO\SMA\Implementation CLewis\FTP Site Credentials" 
"2026-07-10 10:00:00","WINDT142K3","68475829","JCACCAVA","Windows","0","Write + Read","G:\Group_Windt132k\Shared\REIT Team\SG Capital\Monthly Report\2026\MoO\06.30.26\EOM\SGCAP MoO_SMA_LoanLevel 6.30.26 v2.xlsx" 
"2026-07-10 10:00:00","WINDT142K3","68476287","MMCMANUS","Windows","0","Read","G:\Group_Windt132k\Shared\REIT Team\SG Capital\Monthly Report\2026\G1001\05.31.26\EOM\G1001" 
"2026-07-10 10:00:00","WINDT142K3","68476288","MMCMANUS","Windows","0","Read","G:\Group_Windt132k\Shared\REIT Team\SG Capital\Monthly Report\2026\G1001\05.31.26\EOM\G1001" 
"2026-07-10 10:00:00","WINDT142K3","68477172","JCACCAVA","Windows","0","Write + Read","G:\Group_Windt132k\Shared\REIT Team\SG Capital\Monthly Report\2026\MoO\05.31.26\EOM\SGCAP Final PnL and Recon Endeavor 5.31.2026 Working.xlsx" 
"2026-07-10 10:00:00","WINDT142K3","68477216","JCACCAVA","Windows","0","Write + Read","G:\Group_Windt132k\Shared\REIT Team\SG Capital\Monthly Report\2026\MoO\05.31.26\EOM\~$SGCAP Final PnL and Recon Endeavor 5.31.2026 Working.xlsx" 
"2026-07-10 10:00:00","WINDT142K3","68477534","MMCMANUS","Windows","0","Write + Read","G:\Group_Windt132k\Shared\REIT Team\SG Capital\Monthly Report\2026\G1001\05.31.26\EOM\G1001\SGCAP TransList 5.31.2026 G1001 Fund.xlsx" 
"2026-07-10 10:00:00","WINDT142K3","68477543","MMCMANUS","Windows","0","Write + Read","G:\Group_Windt132k\Shared\REIT Team\SG Capital\Monthly Report\2026\G1001\05.31.26\EOM\G1001\~$SGCAP TransList 5.31.2026 G1001 Fund.xlsx" 
"2026-07-10 10:00:00","WINDT142K3","68477624","KBRAY","Windows","0","Read","G:\Group_Windt132k\Shared\REIT Team\Prop Capital\Monthly Processing\2026\07.31.2026\Remit" 
"2026-07-10 10:00:00","WINDT142K3","68477628","KBRAY","Windows","0","Read","G:\Group_Windt132k\Shared\REIT Team\Prop Capital\Monthly Processing\2026\07.31.2026\Remit" 
"2026-07-10 10:00:00","WINDT142K3","68477827","KZIADIE","Windows","0","Read","G:\Group_Windt132k\shared\REIT Team" 
"2026-07-10 10:00:00","WINDT142K3","68477828","KZIADIE","Windows","0","Read","G:\Group_Windt132k\shared\REIT Team" 
"2026-07-10 10:00:00","WINDT142K3","68477829","KZIADIE","Windows","0","Read","G:\Group_Windt132k\Shared\REIT Team\Peachtree\Cortland\2026\06 Jun 2026" 
"2026-07-10 10:00:00","WINDT142K3","68477830","KZIADIE","Windows","0","Read","G:\Group_Windt132k\Shared\REIT Team\Peachtree\Cortland\2026\06 Jun 2026" 
"2026-07-10 10:00:00","WINDT142K3","68477867","DBETTERS","Windows","0","Read","G:\Group_Windt132k\Shared\RLI Conversion\06 June 2026\Pricing\MTHAFSIM June 15 2026_1.csv" 
"2026-07-10 10:00:00","WINDT142K3","68477889","KZIADIE","Windows","0","Write + Read","\PIPE\srvsvc" 
"2026-07-10 11:00:00",INFO: The system global flag 'maintain objects list' needs 
"2026-07-10 11:00:00",      to be enabled to see local opened files. 
"2026-07-10 11:00:00",      See Openfiles /? for more information. 
"2026-07-10 11:00:00",Files opened remotely via local share points: 
"2026-07-10 11:00:00",--------------------------------------------- 
"2026-07-10 11:00:00","Hostname","ID","Accessed By","Type","#Locks","Open Mode","Open File (Path\executable)" 
"2026-07-10 11:00:00","WINDT142K3","6","N/A","Windows","0","Write + Read","\PIPE\EVENTLOG" 
"2026-07-10 11:00:00","WINDT142K3","68472038","MPARLAPI","Windows","0","Write + Read","G:\Group_Windt132k\Shared\ANICO\SMA\Implementation CLewis\FTP Site Credentials\ANICO FTP.xlsx" 
"2026-07-10 11:00:00","WINDT142K3","68472041","MPARLAPI","Windows","0","Write + Read","G:\Group_Windt132k\Shared\ANICO\SMA\Implementation CLewis\FTP Site Credentials\~$ANICO FTP.xlsx" 
"2026-07-10 11:00:00","WINDT142K3","68472854","WEI.JIANG","Windows","0","Read","G:\Group_Windt132k\shared\REIT Team\Rompsen\Loans" 
"2026-07-10 11:00:00","WINDT142K3","68472855","WEI.JIANG","Windows","0","Read","G:\Group_Windt132k\shared\REIT Team\Rompsen\Loans" 
"2026-07-10 11:00:00","WINDT142K3","68472856","WEI.JIANG","Windows","0","Read","G:\Group_Windt132k\shared\REIT Team\Rompsen" 
"2026-07-10 11:00:00","WINDT142K3","68472857","WEI.JIANG","Windows","0","Read","G:\Group_Windt132k\shared\REIT Team\Rompsen" 
"2026-07-10 11:00:00","WINDT142K3","68472858","WEI.JIANG","Windows","0","Read","G:\Group_Windt132k\shared\REIT Team\Romspen CAD Shadow" 
"2026-07-10 11:00:00","WINDT142K3","68472859","WEI.JIANG","Windows","0","Read","G:\Group_Windt132k\shared\REIT Team\Romspen CAD Shadow" 
"2026-07-10 11:00:00","WINDT142K3","68472860","WEI.JIANG","Windows","0","Read","G:\Group_Windt132k\shared\REIT Team" 
"2026-07-10 11:00:00","WINDT142K3","68472861","WEI.JIANG","Windows","0","Read","G:\Group_Windt132k\shared\REIT Team" 
"2026-07-10 11:00:00","WINDT142K3","68472862","WEI.JIANG","Windows","0","Read","G:\Group_Windt132k\shared\REIT Team\Post Road" 
"2026-07-10 11:00:00","WINDT142K3","68472863","WEI.JIANG","Windows","0","Read","G:\Group_Windt132k\shared\REIT Team\Post Road" 
"2026-07-10 11:00:00","WINDT142K3","68472864","WEI.JIANG","Windows","0","Read","G:\Group_Windt132k\shared\REIT Team\Valley National Bank\Syndication Loan" 
"2026-07-10 11:00:00","WINDT142K3","68472865","WEI.JIANG","Windows","0","Read","G:\Group_Windt132k\shared\REIT Team\Valley National Bank\Syndication Loan" 
"2026-07-10 11:00:00","WINDT142K3","68472866","WEI.JIANG","Windows","0","Read","G:\Group_Windt132k\shared\REIT Team\Valley National Bank\Synd Bought Loan" 
"2026-07-10 11:00:00","WINDT142K3","68472867","WEI.JIANG","Windows","0","Read","G:\Group_Windt132k\shared\REIT Team\Valley National Bank\Synd Bought Loan" 
"2026-07-10 11:00:00","WINDT142K3","68472868","WEI.JIANG","Windows","0","Read","G:\Group_Windt132k\shared\REIT Team\Valley National Bank\Participation Sold Loan" 
"2026-07-10 11:00:00","WINDT142K3","68472869","WEI.JIANG","Windows","0","Read","G:\Group_Windt132k\shared\REIT Team\Valley National Bank\Participation Sold Loan" 
"2026-07-10 11:00:00","WINDT142K3","68472870","WEI.JIANG","Windows","0","Read","G:\Group_Windt132k\shared\REIT Team\Valley National Bank" 
"2026-07-10 11:00:00","WINDT142K3","68472871","WEI.JIANG","Windows","0","Read","G:\Group_Windt132k\shared\REIT Team\Valley National Bank" 
"2026-07-10 11:00:00","WINDT142K3","68472872","WEI.JIANG","Windows","0","Read","G:\Group_Windt132k\shared\REIT Team\Peachtree\Cadence Bank Transactions" 
"2026-07-10 11:00:00","WINDT142K3","68472873","WEI.JIANG","Windows","0","Read","G:\Group_Windt132k\shared\REIT Team\Peachtree\Cadence Bank Transactions" 
"2026-07-10 11:00:00","WINDT142K3","68472874","WEI.JIANG","Windows","0","Read","G:\Group_Windt132k\shared\REIT Team\Peachtree\PCFIV" 
"2026-07-10 11:00:00","WINDT142K3","68472875","WEI.JIANG","Windows","0","Read","G:\Group_Windt132k\shared\REIT Team\Peachtree\PCFIV" 
"2026-07-10 11:00:00","WINDT142K3","68472876","WEI.JIANG","Windows","0","Read","G:\Group_Windt132k\shared\REIT Team\Peachtree\Non Fund (NF) - Loans in PDOF" 
"2026-07-10 11:00:00","WINDT142K3","68472877","WEI.JIANG","Windows","0","Read","G:\Group_Windt132k\shared\REIT Team\Peachtree\Non Fund (NF) - Loans in PDOF" 
"2026-07-10 11:00:00","WINDT142K3","68472878","WEI.JIANG","Windows","0","Read","G:\Group_Windt132k\shared\REIT Team\Peachtree\PSOF\Billing Statement" 
"2026-07-10 11:00:00","WINDT142K3","68472879","WEI.JIANG","Windows","0","Read","G:\Group_Windt132k\shared\REIT Team\Peachtree\PSOF\Billing Statement" 
"2026-07-10 11:00:00","WINDT142K3","68472880","WEI.JIANG","Windows","0","Read","G:\Group_Windt132k\shared\REIT Team\Peachtree\PSOF" 
"2026-07-10 11:00:00","WINDT142K3","68472881","WEI.JIANG","Windows","0","Read","G:\Group_Windt132k\shared\REIT Team\Peachtree\PSOF" 
"2026-07-10 11:00:00","WINDT142K3","68472882","WEI.JIANG","Windows","0","Read","G:\Group_Windt132k\shared\REIT Team\Peachtree\PDOF\Billing Statements" 
"2026-07-10 11:00:00","WINDT142K3","68472883","WEI.JIANG","Windows","0","Read","G:\Group_Windt132k\shared\REIT Team\Peachtree\PDOF\Billing Statements" 
"2026-07-10 11:00:00","WINDT142K3","68472884","WEI.JIANG","Windows","0","Read","G:\Group_Windt132k\shared\REIT Team\Peachtree\PDOF" 
"2026-07-10 11:00:00","WINDT142K3","68472885","WEI.JIANG","Windows","0","Read","G:\Group_Windt132k\shared\REIT Team\Peachtree\PDOF" 
"2026-07-10 11:00:00","WINDT142K3","68472886","WEI.JIANG","Windows","0","Read","G:\Group_Windt132k\shared\REIT Team\Peachtree\FUND III" 
"2026-07-10 11:00:00","WINDT142K3","68472887","WEI.JIANG","Windows","0","Read","G:\Group_Windt132k\shared\REIT Team\Peachtree\FUND III" 
"2026-07-10 11:00:00","WINDT142K3","68472888","WEI.JIANG","Windows","0","Read","G:\Group_Windt132k\shared\REIT Team\Peachtree\FUND II" 
"2026-07-10 11:00:00","WINDT142K3","68472889","WEI.JIANG","Windows","0","Read","G:\Group_Windt132k\shared\REIT Team\Peachtree\FUND II" 
"2026-07-10 11:00:00","WINDT142K3","68472890","WEI.JIANG","Windows","0","Read","G:\Group_Windt132k\shared\REIT Team\Peachtree" 
"2026-07-10 11:00:00","WINDT142K3","68472891","WEI.JIANG","Windows","0","Read","G:\Group_Windt132k\shared\REIT Team\Peachtree" 
"2026-07-10 11:00:00","WINDT142K3","68472892","WEI.JIANG","Windows","0","Read","G:\Group_Windt132k\shared\REIT Team\Rompsen\WF Transactions" 
"2026-07-10 11:00:00","WINDT142K3","68472893","WEI.JIANG","Windows","0","Read","G:\Group_Windt132k\shared\REIT Team\Rompsen\WF Transactions" 
"2026-07-10 11:00:00","WINDT142K3","68472894","WEI.JIANG","Windows","0","Read","G:\Group_Windt132k\shared\REIT Team\Rompsen\Loan expense to be reimbursed by borrower" 
"2026-07-10 11:00:00","WINDT142K3","68472895","WEI.JIANG","Windows","0","Read","G:\Group_Windt132k\shared\REIT Team\Rompsen\Loan expense to be reimbursed by borrower" 
"2026-07-10 11:00:00","WINDT142K3","68472896","WEI.JIANG","Windows","0","Read","G:\Group_Windt132k\shared\REIT Team\Rompsen\Mortgage Statement" 
"2026-07-10 11:00:00","WINDT142K3","68472897","WEI.JIANG","Windows","0","Read","G:\Group_Windt132k\shared\REIT Team\Rompsen\Mortgage Statement" 
"2026-07-10 11:00:00","WINDT142K3","68472898","WEI.JIANG","Windows","0","Read","G:\Group_Windt132k\shared\REIT Team\Rompsen\Monthly Report" 
"2026-07-10 11:00:00","WINDT142K3","68472899","WEI.JIANG","Windows","0","Read","G:\Group_Windt132k\shared\REIT Team\Rompsen\Monthly Report" 
"2026-07-10 11:00:00","WINDT142K3","68475609","DBETTERS","Windows","0","Write + Read","G:\Group_Windt132k\Shared\RLI Conversion\06 June 2026\~$SecurityPriceImport 063026.xlsx" 
"2026-07-10 11:00:00","WINDT142K3","68475636","DBETTERS","Windows","0","Write + Read","G:\Group_Windt132k\Shared\RLI Conversion\06 June 2026\SecurityPriceImport 063026.xlsx" 
"2026-07-10 11:00:00","WINDT142K3","68479490","TFEBLES","Windows","0","Read","G:\Group_Windt132k\Shared\REIT Team\Rompsen\Loans\8706 - 10029 Rufo Properties Portfolio 12.28.2018\Payoff\06.30.2026" 
"2026-07-10 11:00:00","WINDT142K3","68479491","TFEBLES","Windows","0","Read","G:\Group_Windt132k\Shared\REIT Team\Rompsen\Loans\8706 - 10029 Rufo Properties Portfolio 12.28.2018\Payoff\06.30.2026" 
"2026-07-10 11:00:00","WINDT142K3","68479492","TFEBLES","Windows","0","Read","G:\Group_Windt132k\Shared\REIT Team\Rompsen\Loans\8913 - 10073 Urban Capital Partners LLC\Payoff\07.08.2026" 
"2026-07-10 11:00:00","WINDT142K3","68479493","TFEBLES","Windows","0","Read","G:\Group_Windt132k\Shared\REIT Team\Rompsen\Loans\8913 - 10073 Urban Capital Partners LLC\Payoff\07.08.2026" 
"2026-07-10 11:00:00","WINDT142K3","68479494","TFEBLES","Windows","0","Read","G:\Group_Windt132k\Shared\REIT Team\Rompsen\Monthly Report\07.31.2026" 
"2026-07-10 11:00:00","WINDT142K3","68479495","TFEBLES","Windows","0","Read","G:\Group_Windt132k\Shared\REIT Team\Rompsen\Monthly Report\07.31.2026" 
"2026-07-10 11:00:00","WINDT142K3","68480684","APRATHEP","Windows","0","Read","G:\Group_Windt132k\Shared\REIT Team\Saluda Grade\Loan Servicing\2026\06 June 2026\Remits" 
"2026-07-10 11:00:00","WINDT142K3","68480686","APRATHEP","Windows","0","Read","G:\Group_Windt132k\Shared\REIT Team\Saluda Grade\Loan Servicing\2026\06 June 2026\Remits" 
"2026-07-10 11:00:00","WINDT142K3","68481207","JCACCAVA","Windows","0","Write + Read","G:\Group_Windt132k\Shared\REIT Team\SG Capital\Monthly Report\2026\MoO\06.30.26\EOM\~$SGCAP MoO_SMA_LoanLevel 6.30.26 working v2.xlsb.xlsx" 
"2026-07-10 11:00:00","WINDT142K3","68482074","DBETTERS","Windows","0","Read","G:\Group_Windt132k\Shared\ANICO\SMA\Implementation CLewis\2026_06_30" 
"2026-07-10 11:00:00","WINDT142K3","68482075","DBETTERS","Windows","0","Read","G:\Group_Windt132k\Shared\ANICO\SMA\Implementation CLewis\2026_06_30" 
"2026-07-10 11:00:00","WINDT142K3","68482101","DBETTERS","Windows","0","Write + Read","G:\Group_Windt132k\Shared\ANICO\SMA\Implementation CLewis\2026_06_30\Holdings Report Custom STAT Local 06.30.26.xlsx" 
"2026-07-10 11:00:00","WINDT142K3","68482124","DBETTERS","Windows","0","Write + Read","G:\Group_Windt132k\Shared\ANICO\SMA\Implementation CLewis\2026_06_30\~$Holdings Report Custom STAT Local 06.30.26.xlsx" 
"2026-07-10 11:00:00","WINDT142K3","68482214","KBRAY","Windows","0","Read","G:\Group_Windt132k\Shared\REIT Team\Prop Capital\Monthly Processing\2026\07.31.2026\Remit" 
"2026-07-10 11:00:00","WINDT142K3","68482216","KBRAY","Windows","0","Read","G:\Group_Windt132k\Shared\REIT Team\Prop Capital\Monthly Processing\2026\07.31.2026\Remit" 
"2026-07-10 11:00:00","WINDT142K3","68482441","BMCADOO","Windows","0","Read","G:\Group_Windt132k\Shared\ANICO\LPs\ANICO LP Production\ANICO LP 4Q25" 
"2026-07-10 11:00:00","WINDT142K3","68482442","BMCADOO","Windows","0","Read","G:\Group_Windt132k\Shared\ANICO\LPs\ANICO LP Production\ANICO LP 4Q25" 
"2026-07-10 11:00:00","WINDT142K3","68482543","BMCADOO","Windows","0","Read","G:\Group_Windt132k\Shared\ANICO\LPs\ANICO LP Production\ANICO LP 4Q25\ANICONY 4Q25 Schedule BA_v3.pdf" 
"2026-07-10 11:00:00","WINDT142K3","68482603","BMCADOO","Windows","0","Read","G:\Group_Windt132k\Shared\ANICO\LPs\ANICO LP Production\ANICO LP 4Q25\ANICO 4Q25 Schedule BA_v3.pdf" 
"2026-07-10 11:00:00","WINDT142K3","68482906","TRUSTEK","Windows","0","Read","G:\Group_Windt132k\Shared\RLI Conversion\06 June 2026" 
"2026-07-10 11:00:00","WINDT142K3","68482909","TRUSTEK","Windows","0","Read","G:\Group_Windt132k\Shared\RLI Conversion\06 June 2026\Recon" 
"2026-07-10 11:00:00","WINDT142K3","68482910","TRUSTEK","Windows","0","Read","G:\Group_Windt132k\Shared\RLI Conversion\06 June 2026\Recon" 
"2026-07-10 11:00:00","WINDT142K3","68482935","KZIADIE","Windows","0","Read","G:\Group_Windt132k\Shared\REIT Team\Peachtree\PSOF\24013P2N - 24014P2N Denver, CO" 
"2026-07-10 11:00:00","WINDT142K3","68482937","KZIADIE","Windows","0","Read","G:\Group_Windt132k\Shared\REIT Team\Peachtree\PSOF\24013P2N - 24014P2N Denver, CO" 
"2026-07-10 11:00:00","WINDT142K3","68482996","KCARTA","Windows","0","Read","G:\Group_Windt132k\Shared\REIT Team\Saluda Grade\Loan Servicing\2026\06 June 2026\Remit Recons" 
"2026-07-10 11:00:00","WINDT142K3","68482998","KCARTA","Windows","0","Read","G:\Group_Windt132k\Shared\REIT Team\Saluda Grade\Loan Servicing\2026\06 June 2026\Remit Recons" 
"2026-07-10 11:00:00","WINDT142K3","68483050","KCARTA","Windows","0","Read","G:\Group_Windt132k\Shared\REIT Team\Saluda Grade\Loan Servicing\2026\06 June 2026\Remits\Interim\SGLT5" 
"2026-07-10 11:00:00","WINDT142K3","68483053","KCARTA","Windows","0","Read","G:\Group_Windt132k\Shared\REIT Team\Saluda Grade\Loan Servicing\2026\06 June 2026\Remits\Interim\SGLT5" 
"2026-07-10 11:00:00","WINDT142K3","68483135","JCACCAVA","Windows","0","Write + Read","G:\Group_Windt132k\Shared\REIT Team\SG Capital\Monthly Report\2026\MoO\06.30.26\EOM\SGCAP MoO_SMA_LoanLevel 6.30.26 working v2.xlsb.xlsx" 
"2026-07-10 11:00:00","WINDT142K3","68483272","KCARTA","Windows","0","Write + Read","G:\Group_Windt132k\Shared\REIT Team\Saluda Grade\Loan Servicing\2026\06 June 2026\Remits\Interim\SGLT5\AmWest - 5.31.2026 - SGLT5 - FINAL working.xlsx" 
"2026-07-10 11:00:00","WINDT142K3","68483287","KCARTA","Windows","0","Write + Read","G:\Group_Windt132k\Shared\REIT Team\Saluda Grade\Loan Servicing\2026\06 June 2026\Remits\Interim\SGLT5\~$AmWest - 5.31.2026 - SGLT5 - FINAL working.xlsx" 
"2026-07-10 11:00:00","WINDT142K3","68483377","KCARTA","Windows","0","Write + Read","G:\Group_Windt132k\Shared\REIT Team\Saluda Grade\Loan Servicing\2026\06 June 2026\Remit Recons\AmWest-SGLT5 6.30.26 Remittance Recon.xlsx" 
"2026-07-10 11:00:00","WINDT142K3","68483389","KCARTA","Windows","0","Write + Read","G:\Group_Windt132k\Shared\REIT Team\Saluda Grade\Loan Servicing\2026\06 June 2026\Remit Recons\~$AmWest-SGLT5 6.30.26 Remittance Recon.xlsx" 
"2026-07-10 11:00:00","WINDT142K3","68483403","MPARLAPI","Windows","0","Read","G:\Group_Windt132k\Shared\ANICO\SMA\Implementation CLewis\FTP Site Credentials" 
"2026-07-10 11:00:00","WINDT142K3","68483404","MPARLAPI","Windows","0","Read","G:\Group_Windt132k\Shared\ANICO\SMA\Implementation CLewis\FTP Site Credentials" 
"2026-07-10 11:00:00","WINDT142K3","68483416","DBETTERS","Windows","0","Read","G:\Group_Windt132k\Shared\RLI Conversion\06 June 2026" 
"2026-07-10 11:00:00","WINDT142K3","68483417","DBETTERS","Windows","0","Read","G:\Group_Windt132k\Shared\RLI Conversion\06 June 2026" 
"2026-07-10 11:00:00","WINDT142K3","68483465","JCACCAVA","Windows","0","Read","G:\Group_Windt132k\Shared\REIT Team\SG Capital\Monthly Report\2026\MoO\06.30.26\EOM" 
"2026-07-10 11:00:00","WINDT142K3","68483466","JCACCAVA","Windows","0","Read","G:\Group_Windt132k\Shared\REIT Team\SG Capital\Monthly Report\2026\MoO\06.30.26\EOM" 
"2026-07-10 11:00:00","WINDT142K3","68483622","JCACCAVA","Windows","0","Read","G:\Group_Windt132k\Shared\REIT Team\Saluda Grade\Loan Servicing\2026\06 June 2026\Sale" 
"2026-07-10 11:00:00","WINDT142K3","68483623","JCACCAVA","Windows","0","Read","G:\Group_Windt132k\Shared\REIT Team\Saluda Grade\Loan Servicing\2026\06 June 2026\Sale" 
"2026-07-10 11:00:00","WINDT142K3","68483646","JCACCAVA","Windows","0","Write + Read","G:\Group_Windt132k\Shared\REIT Team\Saluda Grade\Loan Servicing\2026\06 June 2026\Sale\SS&C Loan Tape_AMIP_20260629.xlsx" 
"2026-07-10 11:00:00","WINDT142K3","68483654","JCACCAVA","Windows","0","Write + Read","G:\Group_Windt132k\Shared\REIT Team\Saluda Grade\Loan Servicing\2026\06 June 2026\Sale\~$SS&C Loan Tape_AMIP_20260629.xlsx" 
"2026-07-10 11:00:00","WINDT142K3","68483672","TFEBLES","Windows","0","Read","G:\Group_Windt132k\Shared\REIT Team\Rompsen\Loans\8913 - 10073 Urban Capital Partners LLC\Forbearance\Forbearance Effective 2.02.2026" 
"2026-07-10 11:00:00","WINDT142K3","68483673","TFEBLES","Windows","0","Read","G:\Group_Windt132k\Shared\REIT Team\Rompsen\Loans\8913 - 10073 Urban Capital Partners LLC\Forbearance\Forbearance Effective 2.02.2026" 
"2026-07-10 11:00:00","WINDT142K3","68483686","TFEBLES","Windows","0","Read","G:\Group_Windt132k\Shared\REIT Team\Rompsen\Loans\8913 - 10073 Urban Capital Partners LLC\Forbearance\Forbearance Effective 2.02.2026\03.20.26 (Fully Executed) Final Modification to Forbearance Agreement (Romspen - Urban Capital - Veasey).pdf" 
"2026-07-10 12:00:00",INFO: The system global flag 'maintain objects list' needs 
"2026-07-10 12:00:00",      to be enabled to see local opened files. 
"2026-07-10 12:00:00",      See Openfiles /? for more information. 
"2026-07-10 12:00:00",Files opened remotely via local share points: 
"2026-07-10 12:00:00",--------------------------------------------- 
"2026-07-10 12:00:00","Hostname","ID","Accessed By","Type","#Locks","Open Mode","Open File (Path\executable)" 
"2026-07-10 12:00:00","WINDT142K3","6","N/A","Windows","0","Write + Read","\PIPE\EVENTLOG" 
"2026-07-10 12:00:00","WINDT142K3","68475609","DBETTERS","Windows","0","Write + Read","G:\Group_Windt132k\Shared\RLI Conversion\06 June 2026\~$SecurityPriceImport 063026.xlsx" 
"2026-07-10 12:00:00","WINDT142K3","68475636","DBETTERS","Windows","0","Write + Read","G:\Group_Windt132k\Shared\RLI Conversion\06 June 2026\SecurityPriceImport 063026.xlsx" 
"2026-07-10 12:00:00","WINDT142K3","68480684","APRATHEP","Windows","0","Read","G:\Group_Windt132k\Shared\REIT Team\Saluda Grade\Loan Servicing\2026\06 June 2026\Remits" 
"2026-07-10 12:00:00","WINDT142K3","68480686","APRATHEP","Windows","0","Read","G:\Group_Windt132k\Shared\REIT Team\Saluda Grade\Loan Servicing\2026\06 June 2026\Remits" 
"2026-07-10 12:00:00","WINDT142K3","68481207","JCACCAVA","Windows","0","Write + Read","G:\Group_Windt132k\Shared\REIT Team\SG Capital\Monthly Report\2026\MoO\06.30.26\EOM\~$SGCAP MoO_SMA_LoanLevel 6.30.26 working v2.xlsb.xlsx" 
"2026-07-10 12:00:00","WINDT142K3","68482074","DBETTERS","Windows","0","Read","G:\Group_Windt132k\Shared\ANICO\SMA\Implementation CLewis\2026_06_30" 
"2026-07-10 12:00:00","WINDT142K3","68482075","DBETTERS","Windows","0","Read","G:\Group_Windt132k\Shared\ANICO\SMA\Implementation CLewis\2026_06_30" 
"2026-07-10 12:00:00","WINDT142K3","68482101","DBETTERS","Windows","0","Write + Read","G:\Group_Windt132k\Shared\ANICO\SMA\Implementation CLewis\2026_06_30\Holdings Report Custom STAT Local 06.30.26.xlsx" 
"2026-07-10 12:00:00","WINDT142K3","68482124","DBETTERS","Windows","0","Write + Read","G:\Group_Windt132k\Shared\ANICO\SMA\Implementation CLewis\2026_06_30\~$Holdings Report Custom STAT Local 06.30.26.xlsx" 
"2026-07-10 12:00:00","WINDT142K3","68482543","BMCADOO","Windows","0","Read","G:\Group_Windt132k\Shared\ANICO\LPs\ANICO LP Production\ANICO LP 4Q25\ANICONY 4Q25 Schedule BA_v3.pdf" 
"2026-07-10 12:00:00","WINDT142K3","68482603","BMCADOO","Windows","0","Read","G:\Group_Windt132k\Shared\ANICO\LPs\ANICO LP Production\ANICO LP 4Q25\ANICO 4Q25 Schedule BA_v3.pdf" 
"2026-07-10 12:00:00","WINDT142K3","68482906","TRUSTEK","Windows","0","Read","G:\Group_Windt132k\Shared\RLI Conversion\06 June 2026" 
"2026-07-10 12:00:00","WINDT142K3","68482909","TRUSTEK","Windows","0","Read","G:\Group_Windt132k\Shared\RLI Conversion\06 June 2026\Recon" 
"2026-07-10 12:00:00","WINDT142K3","68482910","TRUSTEK","Windows","0","Read","G:\Group_Windt132k\Shared\RLI Conversion\06 June 2026\Recon" 
"2026-07-10 12:00:00","WINDT142K3","68483403","MPARLAPI","Windows","0","Read","G:\Group_Windt132k\Shared\ANICO\SMA\Implementation CLewis\FTP Site Credentials" 
"2026-07-10 12:00:00","WINDT142K3","68483404","MPARLAPI","Windows","0","Read","G:\Group_Windt132k\Shared\ANICO\SMA\Implementation CLewis\FTP Site Credentials" 
"2026-07-10 12:00:00","WINDT142K3","68483416","DBETTERS","Windows","0","Read","G:\Group_Windt132k\Shared\RLI Conversion\06 June 2026" 
"2026-07-10 12:00:00","WINDT142K3","68483417","DBETTERS","Windows","0","Read","G:\Group_Windt132k\Shared\RLI Conversion\06 June 2026" 
"2026-07-10 12:00:00","WINDT142K3","68483686","TFEBLES","Windows","0","Read","G:\Group_Windt132k\Shared\REIT Team\Rompsen\Loans\8913 - 10073 Urban Capital Partners LLC\Forbearance\Forbearance Effective 2.02.2026\03.20.26 (Fully Executed) Final Modification to Forbearance Agreement (Romspen - Urban Capital - Veasey).pdf" 
"2026-07-10 12:00:00","WINDT142K3","68484066","TFEBLES","Windows","0","Read","G:\Group_Windt132k\Shared\REIT Team\Rompsen\Loans\8913 - 10073 Urban Capital Partners LLC\Payoff\02.02.2026\Romspen_Loan statement_Urban Capital Partners ,LLC 02.02.2026.pdf" 
"2026-07-10 12:00:00","WINDT142K3","68484101","JCACCAVA","Windows","0","Read","G:\Group_Windt132k\Shared\REIT Team\Saluda Grade\Loan Servicing\2026\04 April 2026\Sale\NPL1" 
"2026-07-10 12:00:00","WINDT142K3","68484102","JCACCAVA","Windows","0","Read","G:\Group_Windt132k\Shared\REIT Team\Saluda Grade\Loan Servicing\2026\04 April 2026\Sale\NPL1" 
"2026-07-10 12:00:00","WINDT142K3","68484135","TFEBLES","Windows","0","Read","G:\Group_Windt132k\Shared\REIT Team\Rompsen\Loans\8913 - 10073 Urban Capital Partners LLC\Forbearance\Veasey - Urban Capital - Forbearance Agreement (fully executed).pdf" 
"2026-07-10 12:00:00","WINDT142K3","68484508","RKUMAR3","Windows","0","Read","G:\Group_Windt132k\Shared\ANICO\Derivatives CLewis\6.30.2026\Work (Month End)\GL Recon" 
"2026-07-10 12:00:00","WINDT142K3","68484511","RKUMAR3","Windows","0","Read","G:\Group_Windt132k\Shared\ANICO\Derivatives CLewis\6.30.2026\Work (Month End)\GL Recon" 
"2026-07-10 12:00:00","WINDT142K3","68484610","PMUGASHU","Windows","0","Read","G:\Group_Windt132k\Shared\RLI Conversion\06 June 2026" 
"2026-07-10 12:00:00","WINDT142K3","68484613","PMUGASHU","Windows","0","Read","G:\Group_Windt132k\Shared\RLI Conversion\06 June 2026\Recon" 
"2026-07-10 12:00:00","WINDT142K3","68484614","PMUGASHU","Windows","0","Read","G:\Group_Windt132k\Shared\RLI Conversion\06 June 2026\Recon" 
"2026-07-10 12:00:00","WINDT142K3","68485660","KBRAY","Windows","0","Read","G:\Group_Windt132k\Shared\REIT Team\Prop Capital\Monthly Processing\2026\07.31.2026\Remit" 
"2026-07-10 12:00:00","WINDT142K3","68485661","KBRAY","Windows","0","Read","G:\Group_Windt132k\Shared\REIT Team\Prop Capital\Monthly Processing\2026\07.31.2026\Remit" 
"2026-07-10 12:00:00","WINDT142K3","68486015","JCACCAVA","Windows","0","Read","G:\Group_Windt132k\Shared\REIT Team\Saluda Grade\Loan Servicing\2026\06 June 2026\Sale\Loc6" 
"2026-07-10 12:00:00","WINDT142K3","68486017","JCACCAVA","Windows","0","Read","G:\Group_Windt132k\Shared\REIT Team\Saluda Grade\Loan Servicing\2026\06 June 2026\Sale\Loc6" 
"2026-07-10 12:00:00","WINDT142K3","68486225","RKUMAR3","Windows","0","Read","G:\Group_Windt132k\Shared\ANICO\Derivatives CLewis\6.30.2026\From Middle Office SS&C\Recap Files from Middle Office (SS&C)" 
"2026-07-10 12:00:00","WINDT142K3","68486226","RKUMAR3","Windows","0","Read","G:\Group_Windt132k\Shared\ANICO\Derivatives CLewis\6.30.2026\From Middle Office SS&C\Recap Files from Middle Office (SS&C)" 
"2026-07-10 12:00:00","WINDT142K3","68486253","WEI.JIANG","Windows","0","Read","G:\Group_Windt132k\shared\REIT Team\Rompsen\Loans" 
"2026-07-10 12:00:00","WINDT142K3","68486254","WEI.JIANG","Windows","0","Read","G:\Group_Windt132k\shared\REIT Team\Rompsen\Loans" 
"2026-07-10 12:00:00","WINDT142K3","68486255","WEI.JIANG","Windows","0","Read","G:\Group_Windt132k\shared\REIT Team\Rompsen" 
"2026-07-10 12:00:00","WINDT142K3","68486256","WEI.JIANG","Windows","0","Read","G:\Group_Windt132k\shared\REIT Team\Rompsen" 
"2026-07-10 12:00:00","WINDT142K3","68486257","WEI.JIANG","Windows","0","Read","G:\Group_Windt132k\shared\REIT Team\Romspen CAD Shadow" 
"2026-07-10 12:00:00","WINDT142K3","68486258","WEI.JIANG","Windows","0","Read","G:\Group_Windt132k\shared\REIT Team\Romspen CAD Shadow" 
"2026-07-10 12:00:00","WINDT142K3","68486259","WEI.JIANG","Windows","0","Read","G:\Group_Windt132k\shared\REIT Team" 
"2026-07-10 12:00:00","WINDT142K3","68486260","WEI.JIANG","Windows","0","Read","G:\Group_Windt132k\shared\REIT Team" 
"2026-07-10 12:00:00","WINDT142K3","68486261","WEI.JIANG","Windows","0","Read","G:\Group_Windt132k\shared\REIT Team\Post Road" 
"2026-07-10 12:00:00","WINDT142K3","68486262","WEI.JIANG","Windows","0","Read","G:\Group_Windt132k\shared\REIT Team\Post Road" 
"2026-07-10 12:00:00","WINDT142K3","68486263","WEI.JIANG","Windows","0","Read","G:\Group_Windt132k\shared\REIT Team\Valley National Bank\Syndication Loan" 
"2026-07-10 12:00:00","WINDT142K3","68486264","WEI.JIANG","Windows","0","Read","G:\Group_Windt132k\shared\REIT Team\Valley National Bank\Syndication Loan" 
"2026-07-10 12:00:00","WINDT142K3","68486265","WEI.JIANG","Windows","0","Read","G:\Group_Windt132k\shared\REIT Team\Valley National Bank\Synd Bought Loan" 
"2026-07-10 12:00:00","WINDT142K3","68486266","WEI.JIANG","Windows","0","Read","G:\Group_Windt132k\shared\REIT Team\Valley National Bank\Synd Bought Loan" 
"2026-07-10 12:00:00","WINDT142K3","68486267","WEI.JIANG","Windows","0","Read","G:\Group_Windt132k\shared\REIT Team\Valley National Bank\Participation Sold Loan" 
"2026-07-10 12:00:00","WINDT142K3","68486268","WEI.JIANG","Windows","0","Read","G:\Group_Windt132k\shared\REIT Team\Valley National Bank\Participation Sold Loan" 
"2026-07-10 12:00:00","WINDT142K3","68486269","WEI.JIANG","Windows","0","Read","G:\Group_Windt132k\shared\REIT Team\Valley National Bank" 
"2026-07-10 12:00:00","WINDT142K3","68486270","WEI.JIANG","Windows","0","Read","G:\Group_Windt132k\shared\REIT Team\Valley National Bank" 
"2026-07-10 12:00:00","WINDT142K3","68486271","WEI.JIANG","Windows","0","Read","G:\Group_Windt132k\shared\REIT Team\Peachtree\Cadence Bank Transactions" 
"2026-07-10 12:00:00","WINDT142K3","68486272","WEI.JIANG","Windows","0","Read","G:\Group_Windt132k\shared\REIT Team\Peachtree\Cadence Bank Transactions" 
"2026-07-10 12:00:00","WINDT142K3","68486273","WEI.JIANG","Windows","0","Read","G:\Group_Windt132k\shared\REIT Team\Peachtree\PCFIV" 
"2026-07-10 12:00:00","WINDT142K3","68486274","WEI.JIANG","Windows","0","Read","G:\Group_Windt132k\shared\REIT Team\Peachtree\PCFIV" 
"2026-07-10 12:00:00","WINDT142K3","68486275","WEI.JIANG","Windows","0","Read","G:\Group_Windt132k\shared\REIT Team\Peachtree\Non Fund (NF) - Loans in PDOF" 
"2026-07-10 12:00:00","WINDT142K3","68486276","WEI.JIANG","Windows","0","Read","G:\Group_Windt132k\shared\REIT Team\Peachtree\Non Fund (NF) - Loans in PDOF" 
"2026-07-10 12:00:00","WINDT142K3","68486277","WEI.JIANG","Windows","0","Read","G:\Group_Windt132k\shared\REIT Team\Peachtree\PSOF\Billing Statement" 
"2026-07-10 12:00:00","WINDT142K3","68486278","WEI.JIANG","Windows","0","Read","G:\Group_Windt132k\shared\REIT Team\Peachtree\PSOF\Billing Statement" 
"2026-07-10 12:00:00","WINDT142K3","68486279","WEI.JIANG","Windows","0","Read","G:\Group_Windt132k\shared\REIT Team\Peachtree\PSOF" 
"2026-07-10 12:00:00","WINDT142K3","68486280","WEI.JIANG","Windows","0","Read","G:\Group_Windt132k\shared\REIT Team\Peachtree\PSOF" 
"2026-07-10 12:00:00","WINDT142K3","68486281","WEI.JIANG","Windows","0","Read","G:\Group_Windt132k\shared\REIT Team\Peachtree\PDOF\Billing Statements" 
"2026-07-10 12:00:00","WINDT142K3","68486282","WEI.JIANG","Windows","0","Read","G:\Group_Windt132k\shared\REIT Team\Peachtree\PDOF\Billing Statements" 
"2026-07-10 12:00:00","WINDT142K3","68486283","WEI.JIANG","Windows","0","Read","G:\Group_Windt132k\shared\REIT Team\Peachtree\PDOF" 
"2026-07-10 12:00:00","WINDT142K3","68486284","WEI.JIANG","Windows","0","Read","G:\Group_Windt132k\shared\REIT Team\Peachtree\PDOF" 
"2026-07-10 12:00:00","WINDT142K3","68486285","WEI.JIANG","Windows","0","Read","G:\Group_Windt132k\shared\REIT Team\Peachtree\FUND III" 
"2026-07-10 12:00:00","WINDT142K3","68486286","WEI.JIANG","Windows","0","Read","G:\Group_Windt132k\shared\REIT Team\Peachtree\FUND III" 
"2026-07-10 12:00:00","WINDT142K3","68486287","WEI.JIANG","Windows","0","Read","G:\Group_Windt132k\shared\REIT Team\Peachtree\FUND II" 
"2026-07-10 12:00:00","WINDT142K3","68486288","WEI.JIANG","Windows","0","Read","G:\Group_Windt132k\shared\REIT Team\Peachtree\FUND II" 
"2026-07-10 12:00:00","WINDT142K3","68486289","WEI.JIANG","Windows","0","Read","G:\Group_Windt132k\shared\REIT Team\Peachtree" 
"2026-07-10 12:00:00","WINDT142K3","68486290","WEI.JIANG","Windows","0","Read","G:\Group_Windt132k\shared\REIT Team\Peachtree" 
"2026-07-10 12:00:00","WINDT142K3","68486291","WEI.JIANG","Windows","0","Read","G:\Group_Windt132k\shared\REIT Team\Rompsen\WF Transactions" 
"2026-07-10 12:00:00","WINDT142K3","68486292","WEI.JIANG","Windows","0","Read","G:\Group_Windt132k\shared\REIT Team\Rompsen\WF Transactions" 
"2026-07-10 12:00:00","WINDT142K3","68486293","WEI.JIANG","Windows","0","Read","G:\Group_Windt132k\shared\REIT Team\Rompsen\Loan expense to be reimbursed by borrower" 
"2026-07-10 12:00:00","WINDT142K3","68486294","WEI.JIANG","Windows","0","Read","G:\Group_Windt132k\shared\REIT Team\Rompsen\Loan expense to be reimbursed by borrower" 
"2026-07-10 12:00:00","WINDT142K3","68486295","WEI.JIANG","Windows","0","Read","G:\Group_Windt132k\shared\REIT Team\Rompsen\Mortgage Statement" 
"2026-07-10 12:00:00","WINDT142K3","68486296","WEI.JIANG","Windows","0","Read","G:\Group_Windt132k\shared\REIT Team\Rompsen\Mortgage Statement" 
"2026-07-10 12:00:00","WINDT142K3","68486297","WEI.JIANG","Windows","0","Read","G:\Group_Windt132k\shared\REIT Team\Rompsen\Monthly Report" 
"2026-07-10 12:00:00","WINDT142K3","68486298","WEI.JIANG","Windows","0","Read","G:\Group_Windt132k\shared\REIT Team\Rompsen\Monthly Report" 
"2026-07-10 12:00:00","WINDT142K3","68486809","TFEBLES","Windows","0","Read","G:\Group_Windt132k\Shared\REIT Team\Rompsen\Loans\8913 - 10073 Urban Capital Partners LLC\Payoff\2025\09.04.2025\Romspen_Loan statement_Urban Capital Partners ,LLC 09.04.2025.pdf" 
"2026-07-10 12:00:00","WINDT142K3","68487100","BMCADOO","Windows","0","Write + Read","G:\Group_Windt132k\Shared\ANICO\LPs\ANICO LP Production\ANICO LP 4Q25\ANIC December 2025 LP Control GAAP and STAT EMA_BA_v2.xlsx" 
"2026-07-10 12:00:00","WINDT142K3","68487103","BMCADOO","Windows","0","Write + Read","G:\Group_Windt132k\Shared\ANICO\LPs\ANICO LP Production\ANICO LP 4Q25\~$ANIC December 2025 LP Control GAAP and STAT EMA_BA_v2.xlsx" 
"2026-07-10 12:00:00","WINDT142K3","68487135","WEI.JIANG","Windows","0","Read","G:\Group_Windt132k\shared\REIT Team\Rompsen\Loans\8913 - 10073 Urban Capital Partners LLC\Payoff" 
"2026-07-10 12:00:00","WINDT142K3","68487157","WEI.JIANG","Windows","0","Read","G:\Group_Windt132k\Shared\REIT Team\Rompsen\Loans\8913 - 10073 Urban Capital Partners LLC\Payoff\02.02.2026\Romspen_Loan statement_Urban Capital Partners ,LLC 02.02.2026.pdf" 
"2026-07-10 12:00:00","WINDT142K3","68487244","JCACCAVA","Windows","0","Read","G:\Group_Windt132k\Shared\REIT Team\SG Capital\Monthly Report\2026\MoO\06.30.26\EOM" 
"2026-07-10 12:00:00","WINDT142K3","68487245","JCACCAVA","Windows","0","Read","G:\Group_Windt132k\Shared\REIT Team\SG Capital\Monthly Report\2026\MoO\06.30.26\EOM" 
"2026-07-10 12:00:00","WINDT142K3","68487338","JCACCAVA","Windows","0","Write + Read","G:\Group_Windt132k\Shared\REIT Team\SG Capital\Monthly Report\2026\MoO\06.30.26\EOM\SGCAP MoO_SMA_LoanLevel 6.30.26 working v2.xlsb.xlsx" 
"2026-07-10 12:00:00","WINDT142K3","68487486","KZIADIE","Windows","0","Read","G:\Group_Windt132k\Shared\REIT Team\Peachtree\PSOF\24013P2N - 24014P2N Denver, CO\Previous Loan Docs\LA - Amendments\Loan Agreement-10-2021-The Art LLC-Curio-Denver-CO.pdf" 
"2026-07-10 12:00:00","WINDT142K3","68487604","KZIADIE","Windows","0","Read","G:\Group_Windt132k\Shared\REIT Team\Peachtree\PSOF\24013P2N - 24014P2N Denver, CO\Previous Loan Docs\LA - Amendments\The ART LLC Loan Agreement.pdf" 
"2026-07-10 12:00:00","WINDT142K3","68487752","KZIADIE","Windows","0","Read","G:\Group_Windt132k\Shared\REIT Team\Peachtree\PSOF\24013P2N - 24014P2N Denver, CO\WAB Payoff Statement\The ART #20001 & 20002   Good through 03 31 24.pdf" 
"2026-07-10 12:00:00","WINDT142K3","68487860","KZIADIE","Windows","0","Read","G:\Group_Windt132k\Shared\REIT Team\Peachtree\PSOF\24013P2N - 24014P2N Denver, CO" 
"2026-07-10 12:00:00","WINDT142K3","68487861","KZIADIE","Windows","0","Read","G:\Group_Windt132k\Shared\REIT Team\Peachtree\PSOF\24013P2N - 24014P2N Denver, CO" 
"2026-07-10 12:00:00","WINDT142K3","68487877","KZIADIE","Windows","0","Write + Read","G:\Group_Windt132k\Shared\REIT Team\Peachtree\PSOF\24013P2N - 24014P2N Denver, CO\New Loan Onboarding_ Note Purchase_ Curio - Denver_ CO (A&B Notes).msg" 
"2026-07-10 12:00:00","WINDT142K3","68487930","BMCADOO","Windows","0","Write + Read","G:\Group_Windt132k\Shared\KofC\KofC 2026\26.06\~$KOFC LP Control GAAP and STAT EMA_June 2026_Alt Method_BA.xlsx" 
"2026-07-10 12:00:00","WINDT142K3","68487967","BMCADOO","Windows","0","Write + Read","G:\Group_Windt132k\Shared\KofC\KofC 2026\26.06\KOFC LP Control GAAP and STAT EMA_June 2026_Alt Method_BA.xlsx" 
"2026-07-10 12:00:00","WINDT142K3","68488203","TFEBLES","Windows","0","Read","G:\Group_Windt132k\Shared\REIT Team\Rompsen\Loans\8913 - 10073 Urban Capital Partners LLC\Payoff\2025\12.18.2025" 
"2026-07-10 12:00:00","WINDT142K3","68488204","TFEBLES","Windows","0","Read","G:\Group_Windt132k\Shared\REIT Team\Rompsen\Loans\8913 - 10073 Urban Capital Partners LLC\Payoff\2025\12.18.2025" 
"2026-07-10 12:00:00","WINDT142K3","68488205","TFEBLES","Windows","0","Read","G:\Group_Windt132k\Shared\REIT Team\Rompsen\Loans\9043 - Sarasota North 1, LLC" 
"2026-07-10 12:00:00","WINDT142K3","68488206","TFEBLES","Windows","0","Read","G:\Group_Windt132k\Shared\REIT Team\Rompsen\Loans\9043 - Sarasota North 1, LLC" 
"2026-07-10 12:00:00","WINDT142K3","68488209","TFEBLES","Windows","0","Read","G:\Group_Windt132k\Shared\REIT Team\Rompsen\Loans\8706 - 10029 Rufo Properties Portfolio 12.28.2018\Payoff\06.30.2026" 
"2026-07-10 12:00:00","WINDT142K3","68488210","TFEBLES","Windows","0","Read","G:\Group_Windt132k\Shared\REIT Team\Rompsen\Loans\8706 - 10029 Rufo Properties Portfolio 12.28.2018\Payoff\06.30.2026" 
"2026-07-10 12:00:00","WINDT142K3","68488211","TFEBLES","Windows","0","Read","G:\Group_Windt132k\Shared\REIT Team\Rompsen\Loans\8913 - 10073 Urban Capital Partners LLC\Payoff\07.08.2026" 
"2026-07-10 12:00:00","WINDT142K3","68488212","TFEBLES","Windows","0","Read","G:\Group_Windt132k\Shared\REIT Team\Rompsen\Loans\8913 - 10073 Urban Capital Partners LLC\Payoff\07.08.2026" 
"2026-07-10 12:00:00","WINDT142K3","68488213","TFEBLES","Windows","0","Read","G:\Group_Windt132k\Shared\REIT Team\Rompsen\Monthly Report\07.31.2026" 
"2026-07-10 12:00:00","WINDT142K3","68488214","TFEBLES","Windows","0","Read","G:\Group_Windt132k\Shared\REIT Team\Rompsen\Monthly Report\07.31.2026" 
"2026-07-10 12:00:00","WINDT142K3","68488217","BMCADOO","Windows","0","Read","G:\Group_Windt132k\Shared\KofC\KofC 2026\26.03" 
"2026-07-10 12:00:00","WINDT142K3","68488218","BMCADOO","Windows","0","Read","G:\Group_Windt132k\Shared\KofC\KofC 2026\26.03" 
"2026-07-10 12:00:00","WINDT142K3","68488495","TFEBLES","Windows","0","Read","G:\Group_Windt132k\Shared\REIT Team\Rompsen\Loans\8913 - 10073 Urban Capital Partners LLC\Forbearance\Forbearance Effective 2.02.2026" 
"2026-07-10 12:00:00","WINDT142K3","68488496","TFEBLES","Windows","0","Read","G:\Group_Windt132k\Shared\REIT Team\Rompsen\Loans\8913 - 10073 Urban Capital Partners LLC\Forbearance\Forbearance Effective 2.02.2026" 
"2026-07-10 12:00:00","WINDT142K3","68488497","TFEBLES","Windows","0","Read","G:\Group_Windt132k\Shared\REIT Team\Rompsen\Loans\8913 - 10073 Urban Capital Partners LLC\Forbearance\Forbearance Effective 2.02.2026\Loan No_ 8913_ Urban Capital.msg" 
"2026-07-10 13:00:00",INFO: The system global flag 'maintain objects list' needs 
"2026-07-10 13:00:00",      to be enabled to see local opened files. 
"2026-07-10 13:00:00",      See Openfiles /? for more information. 
"2026-07-10 13:00:00",Files opened remotely via local share points: 
"2026-07-10 13:00:00",--------------------------------------------- 
"2026-07-10 13:00:00","Hostname","ID","Accessed By","Type","#Locks","Open Mode","Open File (Path\executable)" 
"2026-07-10 13:00:00","WINDT142K3","6","N/A","Windows","0","Write + Read","\PIPE\EVENTLOG" 
"2026-07-10 13:00:00","WINDT142K3","68475609","DBETTERS","Windows","0","Write + Read","G:\Group_Windt132k\Shared\RLI Conversion\06 June 2026\~$SecurityPriceImport 063026.xlsx" 
"2026-07-10 13:00:00","WINDT142K3","68475636","DBETTERS","Windows","0","Write + Read","G:\Group_Windt132k\Shared\RLI Conversion\06 June 2026\SecurityPriceImport 063026.xlsx" 
"2026-07-10 13:00:00","WINDT142K3","68480684","APRATHEP","Windows","0","Read","G:\Group_Windt132k\Shared\REIT Team\Saluda Grade\Loan Servicing\2026\06 June 2026\Remits" 
"2026-07-10 13:00:00","WINDT142K3","68480686","APRATHEP","Windows","0","Read","G:\Group_Windt132k\Shared\REIT Team\Saluda Grade\Loan Servicing\2026\06 June 2026\Remits" 
"2026-07-10 13:00:00","WINDT142K3","68481207","JCACCAVA","Windows","0","Write + Read","G:\Group_Windt132k\Shared\REIT Team\SG Capital\Monthly Report\2026\MoO\06.30.26\EOM\~$SGCAP MoO_SMA_LoanLevel 6.30.26 working v2.xlsb.xlsx" 
"2026-07-10 13:00:00","WINDT142K3","68482543","BMCADOO","Windows","0","Read","G:\Group_Windt132k\Shared\ANICO\LPs\ANICO LP Production\ANICO LP 4Q25\ANICONY 4Q25 Schedule BA_v3.pdf" 
"2026-07-10 13:00:00","WINDT142K3","68482603","BMCADOO","Windows","0","Read","G:\Group_Windt132k\Shared\ANICO\LPs\ANICO LP Production\ANICO LP 4Q25\ANICO 4Q25 Schedule BA_v3.pdf" 
"2026-07-10 13:00:00","WINDT142K3","68483686","TFEBLES","Windows","0","Read","G:\Group_Windt132k\Shared\REIT Team\Rompsen\Loans\8913 - 10073 Urban Capital Partners LLC\Forbearance\Forbearance Effective 2.02.2026\03.20.26 (Fully Executed) Final Modification to Forbearance Agreement (Romspen - Urban Capital - Veasey).pdf" 
"2026-07-10 13:00:00","WINDT142K3","68484066","TFEBLES","Windows","0","Read","G:\Group_Windt132k\Shared\REIT Team\Rompsen\Loans\8913 - 10073 Urban Capital Partners LLC\Payoff\02.02.2026\Romspen_Loan statement_Urban Capital Partners ,LLC 02.02.2026.pdf" 
"2026-07-10 13:00:00","WINDT142K3","68484101","JCACCAVA","Windows","0","Read","G:\Group_Windt132k\Shared\REIT Team\Saluda Grade\Loan Servicing\2026\04 April 2026\Sale\NPL1" 
"2026-07-10 13:00:00","WINDT142K3","68484102","JCACCAVA","Windows","0","Read","G:\Group_Windt132k\Shared\REIT Team\Saluda Grade\Loan Servicing\2026\04 April 2026\Sale\NPL1" 
"2026-07-10 13:00:00","WINDT142K3","68484135","TFEBLES","Windows","0","Read","G:\Group_Windt132k\Shared\REIT Team\Rompsen\Loans\8913 - 10073 Urban Capital Partners LLC\Forbearance\Veasey - Urban Capital - Forbearance Agreement (fully executed).pdf" 
"2026-07-10 13:00:00","WINDT142K3","68484610","PMUGASHU","Windows","0","Read","G:\Group_Windt132k\Shared\RLI Conversion\06 June 2026" 
"2026-07-10 13:00:00","WINDT142K3","68486015","JCACCAVA","Windows","0","Read","G:\Group_Windt132k\Shared\REIT Team\Saluda Grade\Loan Servicing\2026\06 June 2026\Sale\Loc6" 
"2026-07-10 13:00:00","WINDT142K3","68486017","JCACCAVA","Windows","0","Read","G:\Group_Windt132k\Shared\REIT Team\Saluda Grade\Loan Servicing\2026\06 June 2026\Sale\Loc6" 
"2026-07-10 13:00:00","WINDT142K3","68486253","WEI.JIANG","Windows","0","Read","G:\Group_Windt132k\shared\REIT Team\Rompsen\Loans" 
"2026-07-10 13:00:00","WINDT142K3","68486254","WEI.JIANG","Windows","0","Read","G:\Group_Windt132k\shared\REIT Team\Rompsen\Loans" 
"2026-07-10 13:00:00","WINDT142K3","68486255","WEI.JIANG","Windows","0","Read","G:\Group_Windt132k\shared\REIT Team\Rompsen" 
"2026-07-10 13:00:00","WINDT142K3","68486256","WEI.JIANG","Windows","0","Read","G:\Group_Windt132k\shared\REIT Team\Rompsen" 
"2026-07-10 13:00:00","WINDT142K3","68486257","WEI.JIANG","Windows","0","Read","G:\Group_Windt132k\shared\REIT Team\Romspen CAD Shadow" 
"2026-07-10 13:00:00","WINDT142K3","68486258","WEI.JIANG","Windows","0","Read","G:\Group_Windt132k\shared\REIT Team\Romspen CAD Shadow" 
"2026-07-10 13:00:00","WINDT142K3","68486259","WEI.JIANG","Windows","0","Read","G:\Group_Windt132k\shared\REIT Team" 
"2026-07-10 13:00:00","WINDT142K3","68486260","WEI.JIANG","Windows","0","Read","G:\Group_Windt132k\shared\REIT Team" 
"2026-07-10 13:00:00","WINDT142K3","68486261","WEI.JIANG","Windows","0","Read","G:\Group_Windt132k\shared\REIT Team\Post Road" 
"2026-07-10 13:00:00","WINDT142K3","68486262","WEI.JIANG","Windows","0","Read","G:\Group_Windt132k\shared\REIT Team\Post Road" 
"2026-07-10 13:00:00","WINDT142K3","68486263","WEI.JIANG","Windows","0","Read","G:\Group_Windt132k\shared\REIT Team\Valley National Bank\Syndication Loan" 
"2026-07-10 13:00:00","WINDT142K3","68486264","WEI.JIANG","Windows","0","Read","G:\Group_Windt132k\shared\REIT Team\Valley National Bank\Syndication Loan" 
"2026-07-10 13:00:00","WINDT142K3","68486265","WEI.JIANG","Windows","0","Read","G:\Group_Windt132k\shared\REIT Team\Valley National Bank\Synd Bought Loan" 
"2026-07-10 13:00:00","WINDT142K3","68486266","WEI.JIANG","Windows","0","Read","G:\Group_Windt132k\shared\REIT Team\Valley National Bank\Synd Bought Loan" 
"2026-07-10 13:00:00","WINDT142K3","68486267","WEI.JIANG","Windows","0","Read","G:\Group_Windt132k\shared\REIT Team\Valley National Bank\Participation Sold Loan" 
"2026-07-10 13:00:00","WINDT142K3","68486268","WEI.JIANG","Windows","0","Read","G:\Group_Windt132k\shared\REIT Team\Valley National Bank\Participation Sold Loan" 
"2026-07-10 13:00:00","WINDT142K3","68486269","WEI.JIANG","Windows","0","Read","G:\Group_Windt132k\shared\REIT Team\Valley National Bank" 
"2026-07-10 13:00:00","WINDT142K3","68486270","WEI.JIANG","Windows","0","Read","G:\Group_Windt132k\shared\REIT Team\Valley National Bank" 
"2026-07-10 13:00:00","WINDT142K3","68486271","WEI.JIANG","Windows","0","Read","G:\Group_Windt132k\shared\REIT Team\Peachtree\Cadence Bank Transactions" 
"2026-07-10 13:00:00","WINDT142K3","68486272","WEI.JIANG","Windows","0","Read","G:\Group_Windt132k\shared\REIT Team\Peachtree\Cadence Bank Transactions" 
"2026-07-10 13:00:00","WINDT142K3","68486273","WEI.JIANG","Windows","0","Read","G:\Group_Windt132k\shared\REIT Team\Peachtree\PCFIV" 
"2026-07-10 13:00:00","WINDT142K3","68486274","WEI.JIANG","Windows","0","Read","G:\Group_Windt132k\shared\REIT Team\Peachtree\PCFIV" 
"2026-07-10 13:00:00","WINDT142K3","68486275","WEI.JIANG","Windows","0","Read","G:\Group_Windt132k\shared\REIT Team\Peachtree\Non Fund (NF) - Loans in PDOF" 
"2026-07-10 13:00:00","WINDT142K3","68486276","WEI.JIANG","Windows","0","Read","G:\Group_Windt132k\shared\REIT Team\Peachtree\Non Fund (NF) - Loans in PDOF" 
"2026-07-10 13:00:00","WINDT142K3","68486277","WEI.JIANG","Windows","0","Read","G:\Group_Windt132k\shared\REIT Team\Peachtree\PSOF\Billing Statement" 
"2026-07-10 13:00:00","WINDT142K3","68486278","WEI.JIANG","Windows","0","Read","G:\Group_Windt132k\shared\REIT Team\Peachtree\PSOF\Billing Statement" 
"2026-07-10 13:00:00","WINDT142K3","68486279","WEI.JIANG","Windows","0","Read","G:\Group_Windt132k\shared\REIT Team\Peachtree\PSOF" 
"2026-07-10 13:00:00","WINDT142K3","68486280","WEI.JIANG","Windows","0","Read","G:\Group_Windt132k\shared\REIT Team\Peachtree\PSOF" 
"2026-07-10 13:00:00","WINDT142K3","68486281","WEI.JIANG","Windows","0","Read","G:\Group_Windt132k\shared\REIT Team\Peachtree\PDOF\Billing Statements" 
"2026-07-10 13:00:00","WINDT142K3","68486282","WEI.JIANG","Windows","0","Read","G:\Group_Windt132k\shared\REIT Team\Peachtree\PDOF\Billing Statements" 
"2026-07-10 13:00:00","WINDT142K3","68486283","WEI.JIANG","Windows","0","Read","G:\Group_Windt132k\shared\REIT Team\Peachtree\PDOF" 
"2026-07-10 13:00:00","WINDT142K3","68486284","WEI.JIANG","Windows","0","Read","G:\Group_Windt132k\shared\REIT Team\Peachtree\PDOF" 
"2026-07-10 13:00:00","WINDT142K3","68486285","WEI.JIANG","Windows","0","Read","G:\Group_Windt132k\shared\REIT Team\Peachtree\FUND III" 
"2026-07-10 13:00:00","WINDT142K3","68486286","WEI.JIANG","Windows","0","Read","G:\Group_Windt132k\shared\REIT Team\Peachtree\FUND III" 
"2026-07-10 13:00:00","WINDT142K3","68486287","WEI.JIANG","Windows","0","Read","G:\Group_Windt132k\shared\REIT Team\Peachtree\FUND II" 
"2026-07-10 13:00:00","WINDT142K3","68486288","WEI.JIANG","Windows","0","Read","G:\Group_Windt132k\shared\REIT Team\Peachtree\FUND II" 
"2026-07-10 13:00:00","WINDT142K3","68486289","WEI.JIANG","Windows","0","Read","G:\Group_Windt132k\shared\REIT Team\Peachtree" 
"2026-07-10 13:00:00","WINDT142K3","68486290","WEI.JIANG","Windows","0","Read","G:\Group_Windt132k\shared\REIT Team\Peachtree" 
"2026-07-10 13:00:00","WINDT142K3","68486291","WEI.JIANG","Windows","0","Read","G:\Group_Windt132k\shared\REIT Team\Rompsen\WF Transactions" 
"2026-07-10 13:00:00","WINDT142K3","68486292","WEI.JIANG","Windows","0","Read","G:\Group_Windt132k\shared\REIT Team\Rompsen\WF Transactions" 
"2026-07-10 13:00:00","WINDT142K3","68486293","WEI.JIANG","Windows","0","Read","G:\Group_Windt132k\shared\REIT Team\Rompsen\Loan expense to be reimbursed by borrower" 
"2026-07-10 13:00:00","WINDT142K3","68486294","WEI.JIANG","Windows","0","Read","G:\Group_Windt132k\shared\REIT Team\Rompsen\Loan expense to be reimbursed by borrower" 
"2026-07-10 13:00:00","WINDT142K3","68486295","WEI.JIANG","Windows","0","Read","G:\Group_Windt132k\shared\REIT Team\Rompsen\Mortgage Statement" 
"2026-07-10 13:00:00","WINDT142K3","68486296","WEI.JIANG","Windows","0","Read","G:\Group_Windt132k\shared\REIT Team\Rompsen\Mortgage Statement" 
"2026-07-10 13:00:00","WINDT142K3","68486297","WEI.JIANG","Windows","0","Read","G:\Group_Windt132k\shared\REIT Team\Rompsen\Monthly Report" 
"2026-07-10 13:00:00","WINDT142K3","68486298","WEI.JIANG","Windows","0","Read","G:\Group_Windt132k\shared\REIT Team\Rompsen\Monthly Report" 
"2026-07-10 13:00:00","WINDT142K3","68486809","TFEBLES","Windows","0","Read","G:\Group_Windt132k\Shared\REIT Team\Rompsen\Loans\8913 - 10073 Urban Capital Partners LLC\Payoff\2025\09.04.2025\Romspen_Loan statement_Urban Capital Partners ,LLC 09.04.2025.pdf" 
"2026-07-10 13:00:00","WINDT142K3","68487100","BMCADOO","Windows","0","Write + Read","G:\Group_Windt132k\Shared\ANICO\LPs\ANICO LP Production\ANICO LP 4Q25\ANIC December 2025 LP Control GAAP and STAT EMA_BA_v2.xlsx" 
"2026-07-10 13:00:00","WINDT142K3","68487103","BMCADOO","Windows","0","Write + Read","G:\Group_Windt132k\Shared\ANICO\LPs\ANICO LP Production\ANICO LP 4Q25\~$ANIC December 2025 LP Control GAAP and STAT EMA_BA_v2.xlsx" 
"2026-07-10 13:00:00","WINDT142K3","68487135","WEI.JIANG","Windows","0","Read","G:\Group_Windt132k\shared\REIT Team\Rompsen\Loans\8913 - 10073 Urban Capital Partners LLC\Payoff" 
"2026-07-10 13:00:00","WINDT142K3","68487244","JCACCAVA","Windows","0","Read","G:\Group_Windt132k\Shared\REIT Team\SG Capital\Monthly Report\2026\MoO\06.30.26\EOM" 
"2026-07-10 13:00:00","WINDT142K3","68487245","JCACCAVA","Windows","0","Read","G:\Group_Windt132k\Shared\REIT Team\SG Capital\Monthly Report\2026\MoO\06.30.26\EOM" 
"2026-07-10 13:00:00","WINDT142K3","68487338","JCACCAVA","Windows","0","Write + Read","G:\Group_Windt132k\Shared\REIT Team\SG Capital\Monthly Report\2026\MoO\06.30.26\EOM\SGCAP MoO_SMA_LoanLevel 6.30.26 working v2.xlsb.xlsx" 
"2026-07-10 13:00:00","WINDT142K3","68487486","KZIADIE","Windows","0","Read","G:\Group_Windt132k\Shared\REIT Team\Peachtree\PSOF\24013P2N - 24014P2N Denver, CO\Previous Loan Docs\LA - Amendments\Loan Agreement-10-2021-The Art LLC-Curio-Denver-CO.pdf" 
"2026-07-10 13:00:00","WINDT142K3","68487604","KZIADIE","Windows","0","Read","G:\Group_Windt132k\Shared\REIT Team\Peachtree\PSOF\24013P2N - 24014P2N Denver, CO\Previous Loan Docs\LA - Amendments\The ART LLC Loan Agreement.pdf" 
"2026-07-10 13:00:00","WINDT142K3","68487752","KZIADIE","Windows","0","Read","G:\Group_Windt132k\Shared\REIT Team\Peachtree\PSOF\24013P2N - 24014P2N Denver, CO\WAB Payoff Statement\The ART #20001 & 20002   Good through 03 31 24.pdf" 
"2026-07-10 13:00:00","WINDT142K3","68488203","TFEBLES","Windows","0","Read","G:\Group_Windt132k\Shared\REIT Team\Rompsen\Loans\8913 - 10073 Urban Capital Partners LLC\Payoff\2025\12.18.2025" 
"2026-07-10 13:00:00","WINDT142K3","68488204","TFEBLES","Windows","0","Read","G:\Group_Windt132k\Shared\REIT Team\Rompsen\Loans\8913 - 10073 Urban Capital Partners LLC\Payoff\2025\12.18.2025" 
"2026-07-10 13:00:00","WINDT142K3","68488205","TFEBLES","Windows","0","Read","G:\Group_Windt132k\Shared\REIT Team\Rompsen\Loans\9043 - Sarasota North 1, LLC" 
"2026-07-10 13:00:00","WINDT142K3","68488206","TFEBLES","Windows","0","Read","G:\Group_Windt132k\Shared\REIT Team\Rompsen\Loans\9043 - Sarasota North 1, LLC" 
"2026-07-10 13:00:00","WINDT142K3","68488209","TFEBLES","Windows","0","Read","G:\Group_Windt132k\Shared\REIT Team\Rompsen\Loans\8706 - 10029 Rufo Properties Portfolio 12.28.2018\Payoff\06.30.2026" 
"2026-07-10 13:00:00","WINDT142K3","68488210","TFEBLES","Windows","0","Read","G:\Group_Windt132k\Shared\REIT Team\Rompsen\Loans\8706 - 10029 Rufo Properties Portfolio 12.28.2018\Payoff\06.30.2026" 
"2026-07-10 13:00:00","WINDT142K3","68488211","TFEBLES","Windows","0","Read","G:\Group_Windt132k\Shared\REIT Team\Rompsen\Loans\8913 - 10073 Urban Capital Partners LLC\Payoff\07.08.2026" 
"2026-07-10 13:00:00","WINDT142K3","68488212","TFEBLES","Windows","0","Read","G:\Group_Windt132k\Shared\REIT Team\Rompsen\Loans\8913 - 10073 Urban Capital Partners LLC\Payoff\07.08.2026" 
"2026-07-10 13:00:00","WINDT142K3","68488213","TFEBLES","Windows","0","Read","G:\Group_Windt132k\Shared\REIT Team\Rompsen\Monthly Report\07.31.2026" 
"2026-07-10 13:00:00","WINDT142K3","68488214","TFEBLES","Windows","0","Read","G:\Group_Windt132k\Shared\REIT Team\Rompsen\Monthly Report\07.31.2026" 
"2026-07-10 13:00:00","WINDT142K3","68488561","BMCADOO","Windows","0","Write + Read","G:\Group_Windt132k\Shared\KofC\KofC 2026\26.03\KOFC LP Control GAAP and STAT EMA_March 2026_Alt Method_BA_v3.xlsx" 
"2026-07-10 13:00:00","WINDT142K3","68488566","BMCADOO","Windows","0","Write + Read","G:\Group_Windt132k\Shared\KofC\KofC 2026\26.03\~$KOFC LP Control GAAP and STAT EMA_March 2026_Alt Method_BA_v3.xlsx" 
"2026-07-10 13:00:00","WINDT142K3","68488649","BMCADOO","Windows","0","Read","G:\Group_Windt132k\Shared\KofC\KofC 2026\26.06" 
"2026-07-10 13:00:00","WINDT142K3","68488650","BMCADOO","Windows","0","Read","G:\Group_Windt132k\Shared\KofC\KofC 2026\26.06" 
"2026-07-10 13:00:00","WINDT142K3","68488749","BMCADOO","Windows","0","Write + Read","G:\Group_Windt132k\Shared\KofC\KofC 2026\26.06\~$KOFC LP Control GAAP and STAT EMA_June 2026_Alt Method_BA.xlsx" 
"2026-07-10 13:00:00","WINDT142K3","68488833","PMUGASHU","Windows","0","Read","G:\Group_Windt132k\Shared\RLI Conversion\06 June 2026" 
"2026-07-10 13:00:00","WINDT142K3","68488837","PMUGASHU","Windows","0","Read","G:\Group_Windt132k\Shared\RLI Conversion\06 June 2026" 
"2026-07-10 13:00:00","WINDT142K3","68488879","DBETTERS","Windows","0","Read","G:\Group_Windt132k\Shared\RLI Conversion\05 May 2026\Recon" 
"2026-07-10 13:00:00","WINDT142K3","68488880","DBETTERS","Windows","0","Read","G:\Group_Windt132k\Shared\RLI Conversion\05 May 2026\Recon" 
"2026-07-10 13:00:00","WINDT142K3","68489761","BMCADOO","Windows","0","Write + Read","G:\Group_Windt132k\Shared\KofC\KofC 2026\26.06\KOFC LP Control GAAP and STAT EMA_June 2026_Alt Method_BA.xlsx" 
"2026-07-10 13:00:00","WINDT142K3","68489778","KZIADIE","Windows","0","Read","G:\Group_Windt132k\Shared\REIT Team\Peachtree\PSOF\24013P2N - 24014P2N Denver, CO" 
"2026-07-10 13:00:00","WINDT142K3","68489779","KZIADIE","Windows","0","Read","G:\Group_Windt132k\Shared\REIT Team\Peachtree\PSOF\24013P2N - 24014P2N Denver, CO" 
"2026-07-10 13:00:00","WINDT142K3","68490647","RKUMAR3","Windows","0","Write + Read","G:\Group_Windt132k\Shared\ANICO\Derivatives CLewis\6.30.2026\ANICO Options Daily Processing Procedures June 2026.xlsx" 
"2026-07-10 13:00:00","WINDT142K3","68490661","RKUMAR3","Windows","0","Write + Read","G:\Group_Windt132k\Shared\ANICO\Derivatives CLewis\6.30.2026\~$ANICO Options Daily Processing Procedures June 2026.xlsx" 
"2026-07-10 13:00:00","WINDT142K3","68491164","KBRAY","Windows","0","Write + Read","G:\Group_Windt132k\Shared\REIT Team\Prop Capital\Monthly Processing\2026\07.31.2026\Remit\TMS\~$06-2026 TMS Retained WORKING.xlsx" 
"2026-07-10 13:00:00","WINDT142K3","68491213","KBRAY","Windows","0","Write + Read","G:\Group_Windt132k\Shared\REIT Team\Prop Capital\Monthly Processing\2026\07.31.2026\Remit\TMS\06-2026 TMS Retained WORKING.xlsx" 
"2026-07-10 13:00:00","WINDT142K3","68491299","RKUMAR3","Windows","0","Read","G:\Group_Windt132k\Shared\ANICO\Derivatives CLewis\6.30.2026" 
"2026-07-10 13:00:00","WINDT142K3","68491302","RKUMAR3","Windows","0","Read","G:\Group_Windt132k\Shared\ANICO\Derivatives CLewis\6.30.2026" 
"2026-07-10 13:00:00","WINDT142K3","68491305","RKUMAR3","Windows","0","Read","G:\Group_Windt132k\Shared\ANICO\Derivatives CLewis\6.30.2026\From Middle Office SS&C\Recap Files from Middle Office (SS&C)" 
"2026-07-10 13:00:00","WINDT142K3","68491308","RKUMAR3","Windows","0","Read","G:\Group_Windt132k\Shared\ANICO\Derivatives CLewis\6.30.2026\From Middle Office SS&C\Recap Files from Middle Office (SS&C)" 
"2026-07-10 13:00:00","WINDT142K3","68491361","DBETTERS","Windows","0","Write + Read","G:\Group_Windt132k\Shared\RLI Conversion\06 June 2026\Recon\Prelim Quantity check 6.30.26.xlsx" 
"2026-07-10 13:00:00","WINDT142K3","68491516","TFEBLES","Windows","0","Read","G:\Group_Windt132k\Shared\REIT Team\Rompsen\Loans\8913 - 10073 Urban Capital Partners LLC\Forbearance\Forbearance Effective 2.02.2026" 
"2026-07-10 13:00:00","WINDT142K3","68491517","TFEBLES","Windows","0","Read","G:\Group_Windt132k\Shared\REIT Team\Rompsen\Loans\8913 - 10073 Urban Capital Partners LLC\Forbearance\Forbearance Effective 2.02.2026" 
"2026-07-10 13:00:00","WINDT142K3","68492690","KZIADIE","Windows","0","Read","G:\Group_Windt132k\Shared\REIT Team\Peachtree\PDOF\Due Vs. Paid Report\2026\07. Jul 2026" 
"2026-07-10 14:00:00",INFO: The system global flag 'maintain objects list' needs 
"2026-07-10 14:00:00",      to be enabled to see local opened files. 
"2026-07-10 14:00:00",      See Openfiles /? for more information. 
"2026-07-10 14:00:00",Files opened remotely via local share points: 
"2026-07-10 14:00:00",--------------------------------------------- 
"2026-07-10 14:00:00","Hostname","ID","Accessed By","Type","#Locks","Open Mode","Open File (Path\executable)" 
"2026-07-10 14:00:00","WINDT142K3","6","N/A","Windows","0","Write + Read","\PIPE\EVENTLOG" 
"2026-07-10 14:00:00","WINDT142K3","68475609","DBETTERS","Windows","0","Write + Read","G:\Group_Windt132k\Shared\RLI Conversion\06 June 2026\~$SecurityPriceImport 063026.xlsx" 
"2026-07-10 14:00:00","WINDT142K3","68475636","DBETTERS","Windows","0","Write + Read","G:\Group_Windt132k\Shared\RLI Conversion\06 June 2026\SecurityPriceImport 063026.xlsx" 
"2026-07-10 14:00:00","WINDT142K3","68482543","BMCADOO","Windows","0","Read","G:\Group_Windt132k\Shared\ANICO\LPs\ANICO LP Production\ANICO LP 4Q25\ANICONY 4Q25 Schedule BA_v3.pdf" 
"2026-07-10 14:00:00","WINDT142K3","68482603","BMCADOO","Windows","0","Read","G:\Group_Windt132k\Shared\ANICO\LPs\ANICO LP Production\ANICO LP 4Q25\ANICO 4Q25 Schedule BA_v3.pdf" 
"2026-07-10 14:00:00","WINDT142K3","68483686","TFEBLES","Windows","0","Read","G:\Group_Windt132k\Shared\REIT Team\Rompsen\Loans\8913 - 10073 Urban Capital Partners LLC\Forbearance\Forbearance Effective 2.02.2026\03.20.26 (Fully Executed) Final Modification to Forbearance Agreement (Romspen - Urban Capital - Veasey).pdf" 
"2026-07-10 14:00:00","WINDT142K3","68484066","TFEBLES","Windows","0","Read","G:\Group_Windt132k\Shared\REIT Team\Rompsen\Loans\8913 - 10073 Urban Capital Partners LLC\Payoff\02.02.2026\Romspen_Loan statement_Urban Capital Partners ,LLC 02.02.2026.pdf" 
"2026-07-10 14:00:00","WINDT142K3","68484101","JCACCAVA","Windows","0","Read","G:\Group_Windt132k\Shared\REIT Team\Saluda Grade\Loan Servicing\2026\04 April 2026\Sale\NPL1" 
"2026-07-10 14:00:00","WINDT142K3","68484102","JCACCAVA","Windows","0","Read","G:\Group_Windt132k\Shared\REIT Team\Saluda Grade\Loan Servicing\2026\04 April 2026\Sale\NPL1" 
"2026-07-10 14:00:00","WINDT142K3","68484135","TFEBLES","Windows","0","Read","G:\Group_Windt132k\Shared\REIT Team\Rompsen\Loans\8913 - 10073 Urban Capital Partners LLC\Forbearance\Veasey - Urban Capital - Forbearance Agreement (fully executed).pdf" 
"2026-07-10 14:00:00","WINDT142K3","68484610","PMUGASHU","Windows","0","Read","G:\Group_Windt132k\Shared\RLI Conversion\06 June 2026" 
"2026-07-10 14:00:00","WINDT142K3","68486015","JCACCAVA","Windows","0","Read","G:\Group_Windt132k\Shared\REIT Team\Saluda Grade\Loan Servicing\2026\06 June 2026\Sale\Loc6" 
"2026-07-10 14:00:00","WINDT142K3","68486017","JCACCAVA","Windows","0","Read","G:\Group_Windt132k\Shared\REIT Team\Saluda Grade\Loan Servicing\2026\06 June 2026\Sale\Loc6" 
"2026-07-10 14:00:00","WINDT142K3","68486253","WEI.JIANG","Windows","0","Read","G:\Group_Windt132k\shared\REIT Team\Rompsen\Loans" 
"2026-07-10 14:00:00","WINDT142K3","68486254","WEI.JIANG","Windows","0","Read","G:\Group_Windt132k\shared\REIT Team\Rompsen\Loans" 
"2026-07-10 14:00:00","WINDT142K3","68486255","WEI.JIANG","Windows","0","Read","G:\Group_Windt132k\shared\REIT Team\Rompsen" 
"2026-07-10 14:00:00","WINDT142K3","68486256","WEI.JIANG","Windows","0","Read","G:\Group_Windt132k\shared\REIT Team\Rompsen" 
"2026-07-10 14:00:00","WINDT142K3","68486257","WEI.JIANG","Windows","0","Read","G:\Group_Windt132k\shared\REIT Team\Romspen CAD Shadow" 
"2026-07-10 14:00:00","WINDT142K3","68486258","WEI.JIANG","Windows","0","Read","G:\Group_Windt132k\shared\REIT Team\Romspen CAD Shadow" 
"2026-07-10 14:00:00","WINDT142K3","68486259","WEI.JIANG","Windows","0","Read","G:\Group_Windt132k\shared\REIT Team" 
"2026-07-10 14:00:00","WINDT142K3","68486260","WEI.JIANG","Windows","0","Read","G:\Group_Windt132k\shared\REIT Team" 
"2026-07-10 14:00:00","WINDT142K3","68486261","WEI.JIANG","Windows","0","Read","G:\Group_Windt132k\shared\REIT Team\Post Road" 
"2026-07-10 14:00:00","WINDT142K3","68486262","WEI.JIANG","Windows","0","Read","G:\Group_Windt132k\shared\REIT Team\Post Road" 
"2026-07-10 14:00:00","WINDT142K3","68486263","WEI.JIANG","Windows","0","Read","G:\Group_Windt132k\shared\REIT Team\Valley National Bank\Syndication Loan" 
"2026-07-10 14:00:00","WINDT142K3","68486264","WEI.JIANG","Windows","0","Read","G:\Group_Windt132k\shared\REIT Team\Valley National Bank\Syndication Loan" 
"2026-07-10 14:00:00","WINDT142K3","68486265","WEI.JIANG","Windows","0","Read","G:\Group_Windt132k\shared\REIT Team\Valley National Bank\Synd Bought Loan" 
"2026-07-10 14:00:00","WINDT142K3","68486266","WEI.JIANG","Windows","0","Read","G:\Group_Windt132k\shared\REIT Team\Valley National Bank\Synd Bought Loan" 
"2026-07-10 14:00:00","WINDT142K3","68486267","WEI.JIANG","Windows","0","Read","G:\Group_Windt132k\shared\REIT Team\Valley National Bank\Participation Sold Loan" 
"2026-07-10 14:00:00","WINDT142K3","68486268","WEI.JIANG","Windows","0","Read","G:\Group_Windt132k\shared\REIT Team\Valley National Bank\Participation Sold Loan" 
"2026-07-10 14:00:00","WINDT142K3","68486269","WEI.JIANG","Windows","0","Read","G:\Group_Windt132k\shared\REIT Team\Valley National Bank" 
"2026-07-10 14:00:00","WINDT142K3","68486270","WEI.JIANG","Windows","0","Read","G:\Group_Windt132k\shared\REIT Team\Valley National Bank" 
"2026-07-10 14:00:00","WINDT142K3","68486271","WEI.JIANG","Windows","0","Read","G:\Group_Windt132k\shared\REIT Team\Peachtree\Cadence Bank Transactions" 
"2026-07-10 14:00:00","WINDT142K3","68486272","WEI.JIANG","Windows","0","Read","G:\Group_Windt132k\shared\REIT Team\Peachtree\Cadence Bank Transactions" 
"2026-07-10 14:00:00","WINDT142K3","68486273","WEI.JIANG","Windows","0","Read","G:\Group_Windt132k\shared\REIT Team\Peachtree\PCFIV" 
"2026-07-10 14:00:00","WINDT142K3","68486274","WEI.JIANG","Windows","0","Read","G:\Group_Windt132k\shared\REIT Team\Peachtree\PCFIV" 
"2026-07-10 14:00:00","WINDT142K3","68486275","WEI.JIANG","Windows","0","Read","G:\Group_Windt132k\shared\REIT Team\Peachtree\Non Fund (NF) - Loans in PDOF" 
"2026-07-10 14:00:00","WINDT142K3","68486276","WEI.JIANG","Windows","0","Read","G:\Group_Windt132k\shared\REIT Team\Peachtree\Non Fund (NF) - Loans in PDOF" 
"2026-07-10 14:00:00","WINDT142K3","68486277","WEI.JIANG","Windows","0","Read","G:\Group_Windt132k\shared\REIT Team\Peachtree\PSOF\Billing Statement" 
"2026-07-10 14:00:00","WINDT142K3","68486278","WEI.JIANG","Windows","0","Read","G:\Group_Windt132k\shared\REIT Team\Peachtree\PSOF\Billing Statement" 
"2026-07-10 14:00:00","WINDT142K3","68486279","WEI.JIANG","Windows","0","Read","G:\Group_Windt132k\shared\REIT Team\Peachtree\PSOF" 
"2026-07-10 14:00:00","WINDT142K3","68486280","WEI.JIANG","Windows","0","Read","G:\Group_Windt132k\shared\REIT Team\Peachtree\PSOF" 
"2026-07-10 14:00:00","WINDT142K3","68486281","WEI.JIANG","Windows","0","Read","G:\Group_Windt132k\shared\REIT Team\Peachtree\PDOF\Billing Statements" 
"2026-07-10 14:00:00","WINDT142K3","68486282","WEI.JIANG","Windows","0","Read","G:\Group_Windt132k\shared\REIT Team\Peachtree\PDOF\Billing Statements" 
"2026-07-10 14:00:00","WINDT142K3","68486283","WEI.JIANG","Windows","0","Read","G:\Group_Windt132k\shared\REIT Team\Peachtree\PDOF" 
"2026-07-10 14:00:00","WINDT142K3","68486284","WEI.JIANG","Windows","0","Read","G:\Group_Windt132k\shared\REIT Team\Peachtree\PDOF" 
"2026-07-10 14:00:00","WINDT142K3","68486285","WEI.JIANG","Windows","0","Read","G:\Group_Windt132k\shared\REIT Team\Peachtree\FUND III" 
"2026-07-10 14:00:00","WINDT142K3","68486286","WEI.JIANG","Windows","0","Read","G:\Group_Windt132k\shared\REIT Team\Peachtree\FUND III" 
"2026-07-10 14:00:00","WINDT142K3","68486287","WEI.JIANG","Windows","0","Read","G:\Group_Windt132k\shared\REIT Team\Peachtree\FUND II" 
"2026-07-10 14:00:00","WINDT142K3","68486288","WEI.JIANG","Windows","0","Read","G:\Group_Windt132k\shared\REIT Team\Peachtree\FUND II" 
"2026-07-10 14:00:00","WINDT142K3","68486289","WEI.JIANG","Windows","0","Read","G:\Group_Windt132k\shared\REIT Team\Peachtree" 
"2026-07-10 14:00:00","WINDT142K3","68486290","WEI.JIANG","Windows","0","Read","G:\Group_Windt132k\shared\REIT Team\Peachtree" 
"2026-07-10 14:00:00","WINDT142K3","68486291","WEI.JIANG","Windows","0","Read","G:\Group_Windt132k\shared\REIT Team\Rompsen\WF Transactions" 
"2026-07-10 14:00:00","WINDT142K3","68486292","WEI.JIANG","Windows","0","Read","G:\Group_Windt132k\shared\REIT Team\Rompsen\WF Transactions" 
"2026-07-10 14:00:00","WINDT142K3","68486293","WEI.JIANG","Windows","0","Read","G:\Group_Windt132k\shared\REIT Team\Rompsen\Loan expense to be reimbursed by borrower" 
"2026-07-10 14:00:00","WINDT142K3","68486294","WEI.JIANG","Windows","0","Read","G:\Group_Windt132k\shared\REIT Team\Rompsen\Loan expense to be reimbursed by borrower" 
"2026-07-10 14:00:00","WINDT142K3","68486295","WEI.JIANG","Windows","0","Read","G:\Group_Windt132k\shared\REIT Team\Rompsen\Mortgage Statement" 
"2026-07-10 14:00:00","WINDT142K3","68486296","WEI.JIANG","Windows","0","Read","G:\Group_Windt132k\shared\REIT Team\Rompsen\Mortgage Statement" 
"2026-07-10 14:00:00","WINDT142K3","68486297","WEI.JIANG","Windows","0","Read","G:\Group_Windt132k\shared\REIT Team\Rompsen\Monthly Report" 
"2026-07-10 14:00:00","WINDT142K3","68486298","WEI.JIANG","Windows","0","Read","G:\Group_Windt132k\shared\REIT Team\Rompsen\Monthly Report" 
"2026-07-10 14:00:00","WINDT142K3","68486809","TFEBLES","Windows","0","Read","G:\Group_Windt132k\Shared\REIT Team\Rompsen\Loans\8913 - 10073 Urban Capital Partners LLC\Payoff\2025\09.04.2025\Romspen_Loan statement_Urban Capital Partners ,LLC 09.04.2025.pdf" 
"2026-07-10 14:00:00","WINDT142K3","68487100","BMCADOO","Windows","0","Write + Read","G:\Group_Windt132k\Shared\ANICO\LPs\ANICO LP Production\ANICO LP 4Q25\ANIC December 2025 LP Control GAAP and STAT EMA_BA_v2.xlsx" 
"2026-07-10 14:00:00","WINDT142K3","68487103","BMCADOO","Windows","0","Write + Read","G:\Group_Windt132k\Shared\ANICO\LPs\ANICO LP Production\ANICO LP 4Q25\~$ANIC December 2025 LP Control GAAP and STAT EMA_BA_v2.xlsx" 
"2026-07-10 14:00:00","WINDT142K3","68487135","WEI.JIANG","Windows","0","Read","G:\Group_Windt132k\shared\REIT Team\Rompsen\Loans\8913 - 10073 Urban Capital Partners LLC\Payoff" 
"2026-07-10 14:00:00","WINDT142K3","68487244","JCACCAVA","Windows","0","Read","G:\Group_Windt132k\Shared\REIT Team\SG Capital\Monthly Report\2026\MoO\06.30.26\EOM" 
"2026-07-10 14:00:00","WINDT142K3","68487245","JCACCAVA","Windows","0","Read","G:\Group_Windt132k\Shared\REIT Team\SG Capital\Monthly Report\2026\MoO\06.30.26\EOM" 
"2026-07-10 14:00:00","WINDT142K3","68487486","KZIADIE","Windows","0","Read","G:\Group_Windt132k\Shared\REIT Team\Peachtree\PSOF\24013P2N - 24014P2N Denver, CO\Previous Loan Docs\LA - Amendments\Loan Agreement-10-2021-The Art LLC-Curio-Denver-CO.pdf" 
"2026-07-10 14:00:00","WINDT142K3","68487604","KZIADIE","Windows","0","Read","G:\Group_Windt132k\Shared\REIT Team\Peachtree\PSOF\24013P2N - 24014P2N Denver, CO\Previous Loan Docs\LA - Amendments\The ART LLC Loan Agreement.pdf" 
"2026-07-10 14:00:00","WINDT142K3","68487752","KZIADIE","Windows","0","Read","G:\Group_Windt132k\Shared\REIT Team\Peachtree\PSOF\24013P2N - 24014P2N Denver, CO\WAB Payoff Statement\The ART #20001 & 20002   Good through 03 31 24.pdf" 
"2026-07-10 14:00:00","WINDT142K3","68488561","BMCADOO","Windows","0","Write + Read","G:\Group_Windt132k\Shared\KofC\KofC 2026\26.03\KOFC LP Control GAAP and STAT EMA_March 2026_Alt Method_BA_v3.xlsx" 
"2026-07-10 14:00:00","WINDT142K3","68488566","BMCADOO","Windows","0","Write + Read","G:\Group_Windt132k\Shared\KofC\KofC 2026\26.03\~$KOFC LP Control GAAP and STAT EMA_March 2026_Alt Method_BA_v3.xlsx" 
"2026-07-10 14:00:00","WINDT142K3","68488749","BMCADOO","Windows","0","Write + Read","G:\Group_Windt132k\Shared\KofC\KofC 2026\26.06\~$KOFC LP Control GAAP and STAT EMA_June 2026_Alt Method_BA.xlsx" 
"2026-07-10 14:00:00","WINDT142K3","68488833","PMUGASHU","Windows","0","Read","G:\Group_Windt132k\Shared\RLI Conversion\06 June 2026" 
"2026-07-10 14:00:00","WINDT142K3","68488837","PMUGASHU","Windows","0","Read","G:\Group_Windt132k\Shared\RLI Conversion\06 June 2026" 
"2026-07-10 14:00:00","WINDT142K3","68488879","DBETTERS","Windows","0","Read","G:\Group_Windt132k\Shared\RLI Conversion\05 May 2026\Recon" 
"2026-07-10 14:00:00","WINDT142K3","68488880","DBETTERS","Windows","0","Read","G:\Group_Windt132k\Shared\RLI Conversion\05 May 2026\Recon" 
"2026-07-10 14:00:00","WINDT142K3","68489778","KZIADIE","Windows","0","Read","G:\Group_Windt132k\Shared\REIT Team\Peachtree\PSOF\24013P2N - 24014P2N Denver, CO" 
"2026-07-10 14:00:00","WINDT142K3","68489779","KZIADIE","Windows","0","Read","G:\Group_Windt132k\Shared\REIT Team\Peachtree\PSOF\24013P2N - 24014P2N Denver, CO" 
"2026-07-10 14:00:00","WINDT142K3","68491361","DBETTERS","Windows","0","Write + Read","G:\Group_Windt132k\Shared\RLI Conversion\06 June 2026\Recon\Prelim Quantity check 6.30.26.xlsx" 
"2026-07-10 14:00:00","WINDT142K3","68494857","KBRAY","Windows","0","Read","G:\Group_Windt132k\Shared\REIT Team\Prop Capital\Monthly Processing\2026\07.31.2026\Remit\TMS" 
"2026-07-10 14:00:00","WINDT142K3","68494858","KBRAY","Windows","0","Read","G:\Group_Windt132k\Shared\REIT Team\Prop Capital\Monthly Processing\2026\07.31.2026\Remit\TMS" 
"2026-07-10 14:00:00","WINDT142K3","68495149","RFREYTAG","Windows","0","Read","G:\Group_Windt132k\Shared\RLI Conversion\05 May 2026\Recon" 
"2026-07-10 14:00:00","WINDT142K3","68495150","RFREYTAG","Windows","0","Read","G:\Group_Windt132k\Shared\RLI Conversion\05 May 2026\Recon" 
"2026-07-10 14:00:00","WINDT142K3","68495159","RFREYTAG","Windows","0","Write + Read","G:\Group_Windt132k\Shared\RLI Conversion\05 May 2026\Recon\Prelim Quantity check 5.31.26.xlsx" 
"2026-07-10 14:00:00","WINDT142K3","68495172","RFREYTAG","Windows","0","Write + Read","G:\Group_Windt132k\Shared\RLI Conversion\05 May 2026\Recon\~$Prelim Quantity check 5.31.26.xlsx" 
"2026-07-10 14:00:00","WINDT142K3","68495249","KZIADIE","Windows","0","Read","G:\Group_Windt132k\Shared\REIT Team\Peachtree\PCFIV\26008P4N Lake Ella Estates - Lady Lake, FL\Payoff Request" 
"2026-07-10 14:00:00","WINDT142K3","68495250","KZIADIE","Windows","0","Read","G:\Group_Windt132k\Shared\REIT Team\Peachtree\PCFIV\26008P4N Lake Ella Estates - Lady Lake, FL\Payoff Request" 
"2026-07-10 14:00:00","WINDT142K3","68495689","KBRAY","Windows","0","Write + Read","G:\Group_Windt132k\Shared\REIT Team\Prop Capital\Monthly Processing\2026\07.31.2026\Remit\TMS\~$06-2026 TMS Released WORKING.xlsx" 
"2026-07-10 14:00:00","WINDT142K3","68496093","KBRAY","Windows","0","Write + Read","G:\Group_Windt132k\Shared\REIT Team\Prop Capital\Monthly Processing\2026\07.31.2026\Remit\TMS\06-2026 TMS Released WORKING.xlsx" 
"2026-07-10 14:00:00","WINDT142K3","68497138","KCARTA","Windows","0","Write + Read","G:\Group_Windt132k\Shared\REIT Team\Saluda Grade\Loan Servicing\2026\06 June 2026\Remit Recons\Client File\SaludaGrade GL Remit Recon 6.30.26 working.xlsx" 
"2026-07-10 14:00:00","WINDT142K3","68497165","KCARTA","Windows","0","Write + Read","G:\Group_Windt132k\Shared\REIT Team\Saluda Grade\Loan Servicing\2026\06 June 2026\Remit Recons\Client File\~$SaludaGrade GL Remit Recon 6.30.26 working.xlsx" 
"2026-07-10 14:00:00","WINDT142K3","68497177","BMCADOO","Windows","0","Read","G:\Group_Windt132k\Shared\KofC\KofC 2026\26.06" 
"2026-07-10 14:00:00","WINDT142K3","68497181","BMCADOO","Windows","0","Read","G:\Group_Windt132k\Shared\KofC\KofC 2026\26.06" 
"2026-07-10 14:00:00","WINDT142K3","68497698","BMCADOO","Windows","0","Write + Read","G:\Group_Windt132k\Shared\KofC\KofC 2026\26.06\KOFC LP Control GAAP and STAT EMA_June 2026_Alt Method_BA.xlsx" 
"2026-07-10 14:00:00","WINDT142K3","68497868","KCARTA","Windows","0","Read","G:\Group_Windt132k\Shared\REIT Team\Saluda Grade\Loan Servicing\2026\06 June 2026\Remit Recons" 
"2026-07-10 14:00:00","WINDT142K3","68497869","KCARTA","Windows","0","Read","G:\Group_Windt132k\Shared\REIT Team\Saluda Grade\Loan Servicing\2026\06 June 2026\Remit Recons" 
"2026-07-10 14:00:00","WINDT142K3","68497912","TFEBLES","Windows","0","Read","G:\Group_Windt132k\Shared\REIT Team\Rompsen\Loans\8706 - 10029 Rufo Properties Portfolio 12.28.2018\Payoff\06.30.2026" 
"2026-07-10 14:00:00","WINDT142K3","68497913","TFEBLES","Windows","0","Read","G:\Group_Windt132k\Shared\REIT Team\Rompsen\Loans\8706 - 10029 Rufo Properties Portfolio 12.28.2018\Payoff\06.30.2026" 
"2026-07-10 14:00:00","WINDT142K3","68497914","TFEBLES","Windows","0","Read","G:\Group_Windt132k\Shared\REIT Team\Rompsen\Loans\8913 - 10073 Urban Capital Partners LLC\Forbearance\Forbearance Effective 2.02.2026" 
"2026-07-10 14:00:00","WINDT142K3","68497915","TFEBLES","Windows","0","Read","G:\Group_Windt132k\Shared\REIT Team\Rompsen\Loans\8913 - 10073 Urban Capital Partners LLC\Forbearance\Forbearance Effective 2.02.2026" 
"2026-07-10 14:00:00","WINDT142K3","68497916","TFEBLES","Windows","0","Read","G:\Group_Windt132k\Shared\REIT Team\Rompsen\Loans\8913 - 10073 Urban Capital Partners LLC\Payoff\2025\12.18.2025" 
"2026-07-10 14:00:00","WINDT142K3","68497917","TFEBLES","Windows","0","Read","G:\Group_Windt132k\Shared\REIT Team\Rompsen\Loans\8913 - 10073 Urban Capital Partners LLC\Payoff\2025\12.18.2025" 
"2026-07-10 14:00:00","WINDT142K3","68497918","TFEBLES","Windows","0","Read","G:\Group_Windt132k\Shared\REIT Team\Rompsen\Loans\9043 - Sarasota North 1, LLC" 
"2026-07-10 14:00:00","WINDT142K3","68497919","TFEBLES","Windows","0","Read","G:\Group_Windt132k\Shared\REIT Team\Rompsen\Loans\9043 - Sarasota North 1, LLC" 
"2026-07-10 14:00:00","WINDT142K3","68497922","TFEBLES","Windows","0","Read","G:\Group_Windt132k\Shared\REIT Team\Rompsen\Loans\8913 - 10073 Urban Capital Partners LLC\Payoff\07.08.2026" 
"2026-07-10 14:00:00","WINDT142K3","68497925","TFEBLES","Windows","0","Read","G:\Group_Windt132k\Shared\REIT Team\Rompsen\Loans\8913 - 10073 Urban Capital Partners LLC\Payoff\07.08.2026" 
"2026-07-10 14:00:00","WINDT142K3","68497928","TFEBLES","Windows","0","Read","G:\Group_Windt132k\Shared\REIT Team\Rompsen\Monthly Report\07.31.2026" 
"2026-07-10 14:00:00","WINDT142K3","68497931","TFEBLES","Windows","0","Read","G:\Group_Windt132k\Shared\REIT Team\Rompsen\Monthly Report\07.31.2026" 
"2026-07-10 15:00:00",INFO: The system global flag 'maintain objects list' needs 
"2026-07-10 15:00:00",      to be enabled to see local opened files. 
"2026-07-10 15:00:00",      See Openfiles /? for more information. 
"2026-07-10 15:00:00",Files opened remotely via local share points: 
"2026-07-10 15:00:00",--------------------------------------------- 
"2026-07-10 15:00:00","Hostname","ID","Accessed By","Type","#Locks","Open Mode","Open File (Path\executable)" 
"2026-07-10 15:00:00","WINDT142K3","6","N/A","Windows","0","Write + Read","\PIPE\EVENTLOG" 
"2026-07-10 15:00:00","WINDT142K3","68482543","BMCADOO","Windows","0","Read","G:\Group_Windt132k\Shared\ANICO\LPs\ANICO LP Production\ANICO LP 4Q25\ANICONY 4Q25 Schedule BA_v3.pdf" 
"2026-07-10 15:00:00","WINDT142K3","68482603","BMCADOO","Windows","0","Read","G:\Group_Windt132k\Shared\ANICO\LPs\ANICO LP Production\ANICO LP 4Q25\ANICO 4Q25 Schedule BA_v3.pdf" 
"2026-07-10 15:00:00","WINDT142K3","68483686","TFEBLES","Windows","0","Read","G:\Group_Windt132k\Shared\REIT Team\Rompsen\Loans\8913 - 10073 Urban Capital Partners LLC\Forbearance\Forbearance Effective 2.02.2026\03.20.26 (Fully Executed) Final Modification to Forbearance Agreement (Romspen - Urban Capital - Veasey).pdf" 
"2026-07-10 15:00:00","WINDT142K3","68484066","TFEBLES","Windows","0","Read","G:\Group_Windt132k\Shared\REIT Team\Rompsen\Loans\8913 - 10073 Urban Capital Partners LLC\Payoff\02.02.2026\Romspen_Loan statement_Urban Capital Partners ,LLC 02.02.2026.pdf" 
"2026-07-10 15:00:00","WINDT142K3","68484101","JCACCAVA","Windows","0","Read","G:\Group_Windt132k\Shared\REIT Team\Saluda Grade\Loan Servicing\2026\04 April 2026\Sale\NPL1" 
"2026-07-10 15:00:00","WINDT142K3","68484102","JCACCAVA","Windows","0","Read","G:\Group_Windt132k\Shared\REIT Team\Saluda Grade\Loan Servicing\2026\04 April 2026\Sale\NPL1" 
"2026-07-10 15:00:00","WINDT142K3","68484135","TFEBLES","Windows","0","Read","G:\Group_Windt132k\Shared\REIT Team\Rompsen\Loans\8913 - 10073 Urban Capital Partners LLC\Forbearance\Veasey - Urban Capital - Forbearance Agreement (fully executed).pdf" 
"2026-07-10 15:00:00","WINDT142K3","68484610","PMUGASHU","Windows","0","Read","G:\Group_Windt132k\Shared\RLI Conversion\06 June 2026" 
"2026-07-10 15:00:00","WINDT142K3","68486015","JCACCAVA","Windows","0","Read","G:\Group_Windt132k\Shared\REIT Team\Saluda Grade\Loan Servicing\2026\06 June 2026\Sale\Loc6" 
"2026-07-10 15:00:00","WINDT142K3","68486017","JCACCAVA","Windows","0","Read","G:\Group_Windt132k\Shared\REIT Team\Saluda Grade\Loan Servicing\2026\06 June 2026\Sale\Loc6" 
"2026-07-10 15:00:00","WINDT142K3","68486253","WEI.JIANG","Windows","0","Read","G:\Group_Windt132k\shared\REIT Team\Rompsen\Loans" 
"2026-07-10 15:00:00","WINDT142K3","68486254","WEI.JIANG","Windows","0","Read","G:\Group_Windt132k\shared\REIT Team\Rompsen\Loans" 
"2026-07-10 15:00:00","WINDT142K3","68486255","WEI.JIANG","Windows","0","Read","G:\Group_Windt132k\shared\REIT Team\Rompsen" 
"2026-07-10 15:00:00","WINDT142K3","68486256","WEI.JIANG","Windows","0","Read","G:\Group_Windt132k\shared\REIT Team\Rompsen" 
"2026-07-10 15:00:00","WINDT142K3","68486257","WEI.JIANG","Windows","0","Read","G:\Group_Windt132k\shared\REIT Team\Romspen CAD Shadow" 
"2026-07-10 15:00:00","WINDT142K3","68486258","WEI.JIANG","Windows","0","Read","G:\Group_Windt132k\shared\REIT Team\Romspen CAD Shadow" 
"2026-07-10 15:00:00","WINDT142K3","68486259","WEI.JIANG","Windows","0","Read","G:\Group_Windt132k\shared\REIT Team" 
"2026-07-10 15:00:00","WINDT142K3","68486260","WEI.JIANG","Windows","0","Read","G:\Group_Windt132k\shared\REIT Team" 
"2026-07-10 15:00:00","WINDT142K3","68486261","WEI.JIANG","Windows","0","Read","G:\Group_Windt132k\shared\REIT Team\Post Road" 
"2026-07-10 15:00:00","WINDT142K3","68486262","WEI.JIANG","Windows","0","Read","G:\Group_Windt132k\shared\REIT Team\Post Road" 
"2026-07-10 15:00:00","WINDT142K3","68486263","WEI.JIANG","Windows","0","Read","G:\Group_Windt132k\shared\REIT Team\Valley National Bank\Syndication Loan" 
"2026-07-10 15:00:00","WINDT142K3","68486264","WEI.JIANG","Windows","0","Read","G:\Group_Windt132k\shared\REIT Team\Valley National Bank\Syndication Loan" 
"2026-07-10 15:00:00","WINDT142K3","68486265","WEI.JIANG","Windows","0","Read","G:\Group_Windt132k\shared\REIT Team\Valley National Bank\Synd Bought Loan" 
"2026-07-10 15:00:00","WINDT142K3","68486266","WEI.JIANG","Windows","0","Read","G:\Group_Windt132k\shared\REIT Team\Valley National Bank\Synd Bought Loan" 
"2026-07-10 15:00:00","WINDT142K3","68486267","WEI.JIANG","Windows","0","Read","G:\Group_Windt132k\shared\REIT Team\Valley National Bank\Participation Sold Loan" 
"2026-07-10 15:00:00","WINDT142K3","68486268","WEI.JIANG","Windows","0","Read","G:\Group_Windt132k\shared\REIT Team\Valley National Bank\Participation Sold Loan" 
"2026-07-10 15:00:00","WINDT142K3","68486269","WEI.JIANG","Windows","0","Read","G:\Group_Windt132k\shared\REIT Team\Valley National Bank" 
"2026-07-10 15:00:00","WINDT142K3","68486270","WEI.JIANG","Windows","0","Read","G:\Group_Windt132k\shared\REIT Team\Valley National Bank" 
"2026-07-10 15:00:00","WINDT142K3","68486271","WEI.JIANG","Windows","0","Read","G:\Group_Windt132k\shared\REIT Team\Peachtree\Cadence Bank Transactions" 
"2026-07-10 15:00:00","WINDT142K3","68486272","WEI.JIANG","Windows","0","Read","G:\Group_Windt132k\shared\REIT Team\Peachtree\Cadence Bank Transactions" 
"2026-07-10 15:00:00","WINDT142K3","68486273","WEI.JIANG","Windows","0","Read","G:\Group_Windt132k\shared\REIT Team\Peachtree\PCFIV" 
"2026-07-10 15:00:00","WINDT142K3","68486274","WEI.JIANG","Windows","0","Read","G:\Group_Windt132k\shared\REIT Team\Peachtree\PCFIV" 
"2026-07-10 15:00:00","WINDT142K3","68486275","WEI.JIANG","Windows","0","Read","G:\Group_Windt132k\shared\REIT Team\Peachtree\Non Fund (NF) - Loans in PDOF" 
"2026-07-10 15:00:00","WINDT142K3","68486276","WEI.JIANG","Windows","0","Read","G:\Group_Windt132k\shared\REIT Team\Peachtree\Non Fund (NF) - Loans in PDOF" 
"2026-07-10 15:00:00","WINDT142K3","68486277","WEI.JIANG","Windows","0","Read","G:\Group_Windt132k\shared\REIT Team\Peachtree\PSOF\Billing Statement" 
"2026-07-10 15:00:00","WINDT142K3","68486278","WEI.JIANG","Windows","0","Read","G:\Group_Windt132k\shared\REIT Team\Peachtree\PSOF\Billing Statement" 
"2026-07-10 15:00:00","WINDT142K3","68486279","WEI.JIANG","Windows","0","Read","G:\Group_Windt132k\shared\REIT Team\Peachtree\PSOF" 
"2026-07-10 15:00:00","WINDT142K3","68486280","WEI.JIANG","Windows","0","Read","G:\Group_Windt132k\shared\REIT Team\Peachtree\PSOF" 
"2026-07-10 15:00:00","WINDT142K3","68486281","WEI.JIANG","Windows","0","Read","G:\Group_Windt132k\shared\REIT Team\Peachtree\PDOF\Billing Statements" 
"2026-07-10 15:00:00","WINDT142K3","68486282","WEI.JIANG","Windows","0","Read","G:\Group_Windt132k\shared\REIT Team\Peachtree\PDOF\Billing Statements" 
"2026-07-10 15:00:00","WINDT142K3","68486283","WEI.JIANG","Windows","0","Read","G:\Group_Windt132k\shared\REIT Team\Peachtree\PDOF" 
"2026-07-10 15:00:00","WINDT142K3","68486284","WEI.JIANG","Windows","0","Read","G:\Group_Windt132k\shared\REIT Team\Peachtree\PDOF" 
"2026-07-10 15:00:00","WINDT142K3","68486285","WEI.JIANG","Windows","0","Read","G:\Group_Windt132k\shared\REIT Team\Peachtree\FUND III" 
"2026-07-10 15:00:00","WINDT142K3","68486286","WEI.JIANG","Windows","0","Read","G:\Group_Windt132k\shared\REIT Team\Peachtree\FUND III" 
"2026-07-10 15:00:00","WINDT142K3","68486287","WEI.JIANG","Windows","0","Read","G:\Group_Windt132k\shared\REIT Team\Peachtree\FUND II" 
"2026-07-10 15:00:00","WINDT142K3","68486288","WEI.JIANG","Windows","0","Read","G:\Group_Windt132k\shared\REIT Team\Peachtree\FUND II" 
"2026-07-10 15:00:00","WINDT142K3","68486289","WEI.JIANG","Windows","0","Read","G:\Group_Windt132k\shared\REIT Team\Peachtree" 
"2026-07-10 15:00:00","WINDT142K3","68486290","WEI.JIANG","Windows","0","Read","G:\Group_Windt132k\shared\REIT Team\Peachtree" 
"2026-07-10 15:00:00","WINDT142K3","68486291","WEI.JIANG","Windows","0","Read","G:\Group_Windt132k\shared\REIT Team\Rompsen\WF Transactions" 
"2026-07-10 15:00:00","WINDT142K3","68486292","WEI.JIANG","Windows","0","Read","G:\Group_Windt132k\shared\REIT Team\Rompsen\WF Transactions" 
"2026-07-10 15:00:00","WINDT142K3","68486293","WEI.JIANG","Windows","0","Read","G:\Group_Windt132k\shared\REIT Team\Rompsen\Loan expense to be reimbursed by borrower" 
"2026-07-10 15:00:00","WINDT142K3","68486294","WEI.JIANG","Windows","0","Read","G:\Group_Windt132k\shared\REIT Team\Rompsen\Loan expense to be reimbursed by borrower" 
"2026-07-10 15:00:00","WINDT142K3","68486295","WEI.JIANG","Windows","0","Read","G:\Group_Windt132k\shared\REIT Team\Rompsen\Mortgage Statement" 
"2026-07-10 15:00:00","WINDT142K3","68486296","WEI.JIANG","Windows","0","Read","G:\Group_Windt132k\shared\REIT Team\Rompsen\Mortgage Statement" 
"2026-07-10 15:00:00","WINDT142K3","68486297","WEI.JIANG","Windows","0","Read","G:\Group_Windt132k\shared\REIT Team\Rompsen\Monthly Report" 
"2026-07-10 15:00:00","WINDT142K3","68486298","WEI.JIANG","Windows","0","Read","G:\Group_Windt132k\shared\REIT Team\Rompsen\Monthly Report" 
"2026-07-10 15:00:00","WINDT142K3","68486809","TFEBLES","Windows","0","Read","G:\Group_Windt132k\Shared\REIT Team\Rompsen\Loans\8913 - 10073 Urban Capital Partners LLC\Payoff\2025\09.04.2025\Romspen_Loan statement_Urban Capital Partners ,LLC 09.04.2025.pdf" 
"2026-07-10 15:00:00","WINDT142K3","68487100","BMCADOO","Windows","0","Write + Read","G:\Group_Windt132k\Shared\ANICO\LPs\ANICO LP Production\ANICO LP 4Q25\ANIC December 2025 LP Control GAAP and STAT EMA_BA_v2.xlsx" 
"2026-07-10 15:00:00","WINDT142K3","68487103","BMCADOO","Windows","0","Write + Read","G:\Group_Windt132k\Shared\ANICO\LPs\ANICO LP Production\ANICO LP 4Q25\~$ANIC December 2025 LP Control GAAP and STAT EMA_BA_v2.xlsx" 
"2026-07-10 15:00:00","WINDT142K3","68487135","WEI.JIANG","Windows","0","Read","G:\Group_Windt132k\shared\REIT Team\Rompsen\Loans\8913 - 10073 Urban Capital Partners LLC\Payoff" 
"2026-07-10 15:00:00","WINDT142K3","68487244","JCACCAVA","Windows","0","Read","G:\Group_Windt132k\Shared\REIT Team\SG Capital\Monthly Report\2026\MoO\06.30.26\EOM" 
"2026-07-10 15:00:00","WINDT142K3","68487245","JCACCAVA","Windows","0","Read","G:\Group_Windt132k\Shared\REIT Team\SG Capital\Monthly Report\2026\MoO\06.30.26\EOM" 
"2026-07-10 15:00:00","WINDT142K3","68487486","KZIADIE","Windows","0","Read","G:\Group_Windt132k\Shared\REIT Team\Peachtree\PSOF\24013P2N - 24014P2N Denver, CO\Previous Loan Docs\LA - Amendments\Loan Agreement-10-2021-The Art LLC-Curio-Denver-CO.pdf" 
"2026-07-10 15:00:00","WINDT142K3","68487604","KZIADIE","Windows","0","Read","G:\Group_Windt132k\Shared\REIT Team\Peachtree\PSOF\24013P2N - 24014P2N Denver, CO\Previous Loan Docs\LA - Amendments\The ART LLC Loan Agreement.pdf" 
"2026-07-10 15:00:00","WINDT142K3","68487752","KZIADIE","Windows","0","Read","G:\Group_Windt132k\Shared\REIT Team\Peachtree\PSOF\24013P2N - 24014P2N Denver, CO\WAB Payoff Statement\The ART #20001 & 20002   Good through 03 31 24.pdf" 
"2026-07-10 15:00:00","WINDT142K3","68488561","BMCADOO","Windows","0","Write + Read","G:\Group_Windt132k\Shared\KofC\KofC 2026\26.03\KOFC LP Control GAAP and STAT EMA_March 2026_Alt Method_BA_v3.xlsx" 
"2026-07-10 15:00:00","WINDT142K3","68488566","BMCADOO","Windows","0","Write + Read","G:\Group_Windt132k\Shared\KofC\KofC 2026\26.03\~$KOFC LP Control GAAP and STAT EMA_March 2026_Alt Method_BA_v3.xlsx" 
"2026-07-10 15:00:00","WINDT142K3","68488749","BMCADOO","Windows","0","Write + Read","G:\Group_Windt132k\Shared\KofC\KofC 2026\26.06\~$KOFC LP Control GAAP and STAT EMA_June 2026_Alt Method_BA.xlsx" 
"2026-07-10 15:00:00","WINDT142K3","68488833","PMUGASHU","Windows","0","Read","G:\Group_Windt132k\Shared\RLI Conversion\06 June 2026" 
"2026-07-10 15:00:00","WINDT142K3","68488837","PMUGASHU","Windows","0","Read","G:\Group_Windt132k\Shared\RLI Conversion\06 June 2026" 
"2026-07-10 15:00:00","WINDT142K3","68489778","KZIADIE","Windows","0","Read","G:\Group_Windt132k\Shared\REIT Team\Peachtree\PSOF\24013P2N - 24014P2N Denver, CO" 
"2026-07-10 15:00:00","WINDT142K3","68489779","KZIADIE","Windows","0","Read","G:\Group_Windt132k\Shared\REIT Team\Peachtree\PSOF\24013P2N - 24014P2N Denver, CO" 
"2026-07-10 15:00:00","WINDT142K3","68495159","RFREYTAG","Windows","0","Write + Read","G:\Group_Windt132k\Shared\RLI Conversion\05 May 2026\Recon\Prelim Quantity check 5.31.26.xlsx" 
"2026-07-10 15:00:00","WINDT142K3","68495172","RFREYTAG","Windows","0","Write + Read","G:\Group_Windt132k\Shared\RLI Conversion\05 May 2026\Recon\~$Prelim Quantity check 5.31.26.xlsx" 
"2026-07-10 15:00:00","WINDT142K3","68495249","KZIADIE","Windows","0","Read","G:\Group_Windt132k\Shared\REIT Team\Peachtree\PCFIV\26008P4N Lake Ella Estates - Lady Lake, FL\Payoff Request" 
"2026-07-10 15:00:00","WINDT142K3","68495250","KZIADIE","Windows","0","Read","G:\Group_Windt132k\Shared\REIT Team\Peachtree\PCFIV\26008P4N Lake Ella Estates - Lady Lake, FL\Payoff Request" 
"2026-07-10 15:00:00","WINDT142K3","68497165","KCARTA","Windows","0","Write + Read","G:\Group_Windt132k\Shared\REIT Team\Saluda Grade\Loan Servicing\2026\06 June 2026\Remit Recons\Client File\~$SaludaGrade GL Remit Recon 6.30.26 working.xlsx" 
"2026-07-10 15:00:00","WINDT142K3","68497698","BMCADOO","Windows","0","Write + Read","G:\Group_Windt132k\Shared\KofC\KofC 2026\26.06\KOFC LP Control GAAP and STAT EMA_June 2026_Alt Method_BA.xlsx" 
"2026-07-10 15:00:00","WINDT142K3","68497912","TFEBLES","Windows","0","Read","G:\Group_Windt132k\Shared\REIT Team\Rompsen\Loans\8706 - 10029 Rufo Properties Portfolio 12.28.2018\Payoff\06.30.2026" 
"2026-07-10 15:00:00","WINDT142K3","68497913","TFEBLES","Windows","0","Read","G:\Group_Windt132k\Shared\REIT Team\Rompsen\Loans\8706 - 10029 Rufo Properties Portfolio 12.28.2018\Payoff\06.30.2026" 
"2026-07-10 15:00:00","WINDT142K3","68497914","TFEBLES","Windows","0","Read","G:\Group_Windt132k\Shared\REIT Team\Rompsen\Loans\8913 - 10073 Urban Capital Partners LLC\Forbearance\Forbearance Effective 2.02.2026" 
"2026-07-10 15:00:00","WINDT142K3","68497915","TFEBLES","Windows","0","Read","G:\Group_Windt132k\Shared\REIT Team\Rompsen\Loans\8913 - 10073 Urban Capital Partners LLC\Forbearance\Forbearance Effective 2.02.2026" 
"2026-07-10 15:00:00","WINDT142K3","68497916","TFEBLES","Windows","0","Read","G:\Group_Windt132k\Shared\REIT Team\Rompsen\Loans\8913 - 10073 Urban Capital Partners LLC\Payoff\2025\12.18.2025" 
"2026-07-10 15:00:00","WINDT142K3","68497917","TFEBLES","Windows","0","Read","G:\Group_Windt132k\Shared\REIT Team\Rompsen\Loans\8913 - 10073 Urban Capital Partners LLC\Payoff\2025\12.18.2025" 
"2026-07-10 15:00:00","WINDT142K3","68497918","TFEBLES","Windows","0","Read","G:\Group_Windt132k\Shared\REIT Team\Rompsen\Loans\9043 - Sarasota North 1, LLC" 
"2026-07-10 15:00:00","WINDT142K3","68497919","TFEBLES","Windows","0","Read","G:\Group_Windt132k\Shared\REIT Team\Rompsen\Loans\9043 - Sarasota North 1, LLC" 
"2026-07-10 15:00:00","WINDT142K3","68497922","TFEBLES","Windows","0","Read","G:\Group_Windt132k\Shared\REIT Team\Rompsen\Loans\8913 - 10073 Urban Capital Partners LLC\Payoff\07.08.2026" 
"2026-07-10 15:00:00","WINDT142K3","68497925","TFEBLES","Windows","0","Read","G:\Group_Windt132k\Shared\REIT Team\Rompsen\Loans\8913 - 10073 Urban Capital Partners LLC\Payoff\07.08.2026" 
"2026-07-10 15:00:00","WINDT142K3","68497928","TFEBLES","Windows","0","Read","G:\Group_Windt132k\Shared\REIT Team\Rompsen\Monthly Report\07.31.2026" 
"2026-07-10 15:00:00","WINDT142K3","68497931","TFEBLES","Windows","0","Read","G:\Group_Windt132k\Shared\REIT Team\Rompsen\Monthly Report\07.31.2026" 
"2026-07-10 15:00:00","WINDT142K3","68498296","BMCADOO","Windows","0","Read","G:\Group_Windt132k\Shared\KofC\KofC 2026\26.06" 
"2026-07-10 15:00:00","WINDT142K3","68498297","BMCADOO","Windows","0","Read","G:\Group_Windt132k\Shared\KofC\KofC 2026\26.06" 
"2026-07-10 15:00:00","WINDT142K3","68498914","KBRAY","Windows","0","Write + Read","G:\Group_Windt132k\Shared\REIT Team\Prop Capital\Monthly Processing\2026\07.31.2026\Remit\NewRez\~$06-26 NewRez WORKING.xlsx" 
"2026-07-10 15:00:00","WINDT142K3","68501485","KCARTA","Windows","0","Write + Read","G:\Group_Windt132k\Shared\REIT Team\Saluda Grade\Loan Servicing\2026\06 June 2026\Remit Recons\Client File\SaludaGrade GL Remit Recon 6.30.26 working.xlsx" 
"2026-07-10 15:00:00","WINDT142K3","68502355","KBRAY","Windows","0","Write + Read","G:\Group_Windt132k\Shared\REIT Team\Prop Capital\Monthly Processing\2026\07.31.2026\Remit\NewRez\06-26 NewRez WORKING.xlsx" 
"2026-07-10 15:00:00","WINDT142K3","68502393","RFREYTAG","Windows","0","Read","G:\Group_Windt132k\Shared\RLI Conversion\06 June 2026\Recon" 
"2026-07-10 15:00:00","WINDT142K3","68502394","RFREYTAG","Windows","0","Read","G:\Group_Windt132k\Shared\RLI Conversion\06 June 2026\Recon" 
"2026-07-10 15:00:00","WINDT142K3","68502409","RFREYTAG","Windows","0","Write + Read","G:\Group_Windt132k\Shared\RLI Conversion\06 June 2026\Recon\~$Prelim Quantity check 6.30.26.xlsx" 
"2026-07-10 15:00:00","WINDT142K3","68503030","RFREYTAG","Windows","0","Write + Read","G:\Group_Windt132k\Shared\RLI Conversion\06 June 2026\Recon\Prelim Quantity check 6.30.26.xlsx" 
"2026-07-10 15:00:00","WINDT142K3","68503109","KCARTA","Windows","0","Read","G:\Group_Windt132k\Shared\REIT Team\Saluda Grade\Loan Servicing\2026\06 June 2026\Unlock Payoffs" 
"2026-07-10 15:00:00","WINDT142K3","68503110","KCARTA","Windows","0","Read","G:\Group_Windt132k\Shared\REIT Team\Saluda Grade\Loan Servicing\2026\06 June 2026\Unlock Payoffs" 
"2026-07-10 15:00:00","WINDT142K3","68503161","KCARTA","Windows","0","Read","G:\Group_Windt132k\Shared\REIT Team\Saluda Grade\Loan Servicing" 
"2026-07-10 16:00:00",INFO: The system global flag 'maintain objects list' needs 
"2026-07-10 16:00:00",      to be enabled to see local opened files. 
"2026-07-10 16:00:00",      See Openfiles /? for more information. 
"2026-07-10 16:00:00",Files opened remotely via local share points: 
"2026-07-10 16:00:00",--------------------------------------------- 
"2026-07-10 16:00:00","Hostname","ID","Accessed By","Type","#Locks","Open Mode","Open File (Path\executable)" 
"2026-07-10 16:00:00","WINDT142K3","6","N/A","Windows","0","Write + Read","\PIPE\EVENTLOG" 
"2026-07-10 16:00:00","WINDT142K3","68482543","BMCADOO","Windows","0","Read","G:\Group_Windt132k\Shared\ANICO\LPs\ANICO LP Production\ANICO LP 4Q25\ANICONY 4Q25 Schedule BA_v3.pdf" 
"2026-07-10 16:00:00","WINDT142K3","68482603","BMCADOO","Windows","0","Read","G:\Group_Windt132k\Shared\ANICO\LPs\ANICO LP Production\ANICO LP 4Q25\ANICO 4Q25 Schedule BA_v3.pdf" 
"2026-07-10 16:00:00","WINDT142K3","68483686","TFEBLES","Windows","0","Read","G:\Group_Windt132k\Shared\REIT Team\Rompsen\Loans\8913 - 10073 Urban Capital Partners LLC\Forbearance\Forbearance Effective 2.02.2026\03.20.26 (Fully Executed) Final Modification to Forbearance Agreement (Romspen - Urban Capital - Veasey).pdf" 
"2026-07-10 16:00:00","WINDT142K3","68484066","TFEBLES","Windows","0","Read","G:\Group_Windt132k\Shared\REIT Team\Rompsen\Loans\8913 - 10073 Urban Capital Partners LLC\Payoff\02.02.2026\Romspen_Loan statement_Urban Capital Partners ,LLC 02.02.2026.pdf" 
"2026-07-10 16:00:00","WINDT142K3","68484101","JCACCAVA","Windows","0","Read","G:\Group_Windt132k\Shared\REIT Team\Saluda Grade\Loan Servicing\2026\04 April 2026\Sale\NPL1" 
"2026-07-10 16:00:00","WINDT142K3","68484102","JCACCAVA","Windows","0","Read","G:\Group_Windt132k\Shared\REIT Team\Saluda Grade\Loan Servicing\2026\04 April 2026\Sale\NPL1" 
"2026-07-10 16:00:00","WINDT142K3","68484135","TFEBLES","Windows","0","Read","G:\Group_Windt132k\Shared\REIT Team\Rompsen\Loans\8913 - 10073 Urban Capital Partners LLC\Forbearance\Veasey - Urban Capital - Forbearance Agreement (fully executed).pdf" 
"2026-07-10 16:00:00","WINDT142K3","68484610","PMUGASHU","Windows","0","Read","G:\Group_Windt132k\Shared\RLI Conversion\06 June 2026" 
"2026-07-10 16:00:00","WINDT142K3","68486015","JCACCAVA","Windows","0","Read","G:\Group_Windt132k\Shared\REIT Team\Saluda Grade\Loan Servicing\2026\06 June 2026\Sale\Loc6" 
"2026-07-10 16:00:00","WINDT142K3","68486017","JCACCAVA","Windows","0","Read","G:\Group_Windt132k\Shared\REIT Team\Saluda Grade\Loan Servicing\2026\06 June 2026\Sale\Loc6" 
"2026-07-10 16:00:00","WINDT142K3","68486809","TFEBLES","Windows","0","Read","G:\Group_Windt132k\Shared\REIT Team\Rompsen\Loans\8913 - 10073 Urban Capital Partners LLC\Payoff\2025\09.04.2025\Romspen_Loan statement_Urban Capital Partners ,LLC 09.04.2025.pdf" 
"2026-07-10 16:00:00","WINDT142K3","68487100","BMCADOO","Windows","0","Write + Read","G:\Group_Windt132k\Shared\ANICO\LPs\ANICO LP Production\ANICO LP 4Q25\ANIC December 2025 LP Control GAAP and STAT EMA_BA_v2.xlsx" 
"2026-07-10 16:00:00","WINDT142K3","68487103","BMCADOO","Windows","0","Write + Read","G:\Group_Windt132k\Shared\ANICO\LPs\ANICO LP Production\ANICO LP 4Q25\~$ANIC December 2025 LP Control GAAP and STAT EMA_BA_v2.xlsx" 
"2026-07-10 16:00:00","WINDT142K3","68487244","JCACCAVA","Windows","0","Read","G:\Group_Windt132k\Shared\REIT Team\SG Capital\Monthly Report\2026\MoO\06.30.26\EOM" 
"2026-07-10 16:00:00","WINDT142K3","68487245","JCACCAVA","Windows","0","Read","G:\Group_Windt132k\Shared\REIT Team\SG Capital\Monthly Report\2026\MoO\06.30.26\EOM" 
"2026-07-10 16:00:00","WINDT142K3","68488561","BMCADOO","Windows","0","Write + Read","G:\Group_Windt132k\Shared\KofC\KofC 2026\26.03\KOFC LP Control GAAP and STAT EMA_March 2026_Alt Method_BA_v3.xlsx" 
"2026-07-10 16:00:00","WINDT142K3","68488566","BMCADOO","Windows","0","Write + Read","G:\Group_Windt132k\Shared\KofC\KofC 2026\26.03\~$KOFC LP Control GAAP and STAT EMA_March 2026_Alt Method_BA_v3.xlsx" 
"2026-07-10 16:00:00","WINDT142K3","68488749","BMCADOO","Windows","0","Write + Read","G:\Group_Windt132k\Shared\KofC\KofC 2026\26.06\~$KOFC LP Control GAAP and STAT EMA_June 2026_Alt Method_BA.xlsx" 
"2026-07-10 16:00:00","WINDT142K3","68488833","PMUGASHU","Windows","0","Read","G:\Group_Windt132k\Shared\RLI Conversion\06 June 2026" 
"2026-07-10 16:00:00","WINDT142K3","68488837","PMUGASHU","Windows","0","Read","G:\Group_Windt132k\Shared\RLI Conversion\06 June 2026" 
"2026-07-10 16:00:00","WINDT142K3","68497165","KCARTA","Windows","0","Write + Read","G:\Group_Windt132k\Shared\REIT Team\Saluda Grade\Loan Servicing\2026\06 June 2026\Remit Recons\Client File\~$SaludaGrade GL Remit Recon 6.30.26 working.xlsx" 
"2026-07-10 16:00:00","WINDT142K3","68497914","TFEBLES","Windows","0","Read","G:\Group_Windt132k\Shared\REIT Team\Rompsen\Loans\8913 - 10073 Urban Capital Partners LLC\Forbearance\Forbearance Effective 2.02.2026" 
"2026-07-10 16:00:00","WINDT142K3","68497915","TFEBLES","Windows","0","Read","G:\Group_Windt132k\Shared\REIT Team\Rompsen\Loans\8913 - 10073 Urban Capital Partners LLC\Forbearance\Forbearance Effective 2.02.2026" 
"2026-07-10 16:00:00","WINDT142K3","68497916","TFEBLES","Windows","0","Read","G:\Group_Windt132k\Shared\REIT Team\Rompsen\Loans\8913 - 10073 Urban Capital Partners LLC\Payoff\2025\12.18.2025" 
"2026-07-10 16:00:00","WINDT142K3","68497917","TFEBLES","Windows","0","Read","G:\Group_Windt132k\Shared\REIT Team\Rompsen\Loans\8913 - 10073 Urban Capital Partners LLC\Payoff\2025\12.18.2025" 
"2026-07-10 16:00:00","WINDT142K3","68497918","TFEBLES","Windows","0","Read","G:\Group_Windt132k\Shared\REIT Team\Rompsen\Loans\9043 - Sarasota North 1, LLC" 
"2026-07-10 16:00:00","WINDT142K3","68497919","TFEBLES","Windows","0","Read","G:\Group_Windt132k\Shared\REIT Team\Rompsen\Loans\9043 - Sarasota North 1, LLC" 
"2026-07-10 16:00:00","WINDT142K3","68497922","TFEBLES","Windows","0","Read","G:\Group_Windt132k\Shared\REIT Team\Rompsen\Loans\8913 - 10073 Urban Capital Partners LLC\Payoff\07.08.2026" 
"2026-07-10 16:00:00","WINDT142K3","68497925","TFEBLES","Windows","0","Read","G:\Group_Windt132k\Shared\REIT Team\Rompsen\Loans\8913 - 10073 Urban Capital Partners LLC\Payoff\07.08.2026" 
"2026-07-10 16:00:00","WINDT142K3","68497928","TFEBLES","Windows","0","Read","G:\Group_Windt132k\Shared\REIT Team\Rompsen\Monthly Report\07.31.2026" 
"2026-07-10 16:00:00","WINDT142K3","68497931","TFEBLES","Windows","0","Read","G:\Group_Windt132k\Shared\REIT Team\Rompsen\Monthly Report\07.31.2026" 
"2026-07-10 16:00:00","WINDT142K3","68498296","BMCADOO","Windows","0","Read","G:\Group_Windt132k\Shared\KofC\KofC 2026\26.06" 
"2026-07-10 16:00:00","WINDT142K3","68498297","BMCADOO","Windows","0","Read","G:\Group_Windt132k\Shared\KofC\KofC 2026\26.06" 
"2026-07-10 16:00:00","WINDT142K3","68498914","KBRAY","Windows","0","Write + Read","G:\Group_Windt132k\Shared\REIT Team\Prop Capital\Monthly Processing\2026\07.31.2026\Remit\NewRez\~$06-26 NewRez WORKING.xlsx" 
"2026-07-10 16:00:00","WINDT142K3","68502355","KBRAY","Windows","0","Write + Read","G:\Group_Windt132k\Shared\REIT Team\Prop Capital\Monthly Processing\2026\07.31.2026\Remit\NewRez\06-26 NewRez WORKING.xlsx" 
"2026-07-10 16:00:00","WINDT142K3","68503109","KCARTA","Windows","0","Read","G:\Group_Windt132k\Shared\REIT Team\Saluda Grade\Loan Servicing\2026\06 June 2026\Unlock Payoffs" 
"2026-07-10 16:00:00","WINDT142K3","68503110","KCARTA","Windows","0","Read","G:\Group_Windt132k\Shared\REIT Team\Saluda Grade\Loan Servicing\2026\06 June 2026\Unlock Payoffs" 
"2026-07-10 16:00:00","WINDT142K3","68503617","KCARTA","Windows","0","Write + Read","G:\Group_Windt132k\Shared\REIT Team\Saluda Grade\Loan Servicing\2026\06 June 2026\Remit Recons\Client File\SaludaGrade GL Remit Recon 6.30.26 working.xlsx" 
"2026-07-10 16:00:00","WINDT142K3","68503827","BMCADOO","Windows","0","Write + Read","G:\Group_Windt132k\Shared\KofC\KofC 2026\26.06\KOFC LP Control GAAP and STAT EMA_June 2026_Alt Method_BA.xlsx" 
"2026-07-10 16:00:00","WINDT142K3","68507489","KZIADIE","Windows","0","Read","G:\Group_Windt132k\Shared\REIT Team\Peachtree\PCFIV\26021P4B Hilton - Miami Beach, FL (Collins Park Hotel)" 
"2026-07-10 16:00:00","WINDT142K3","68507491","KZIADIE","Windows","0","Read","G:\Group_Windt132k\Shared\REIT Team\Peachtree\PCFIV\26021P4B Hilton - Miami Beach, FL (Collins Park Hotel)" 
"2026-07-10 16:00:00","WINDT142K3","68508260","KZIADIE","Windows","0","Read","G:\Group_Windt132k\Shared\REIT Team\Peachtree\PSOF\24013P2N - 24014P2N Denver, CO" 
"2026-07-10 16:00:00","WINDT142K3","68508262","KZIADIE","Windows","0","Read","G:\Group_Windt132k\Shared\REIT Team\Peachtree\PSOF\24013P2N - 24014P2N Denver, CO" 
"2026-07-10 16:00:00","WINDT142K3","68509561","WEI.JIANG","Windows","0","Read","G:\Group_Windt132k\shared\REIT Team\Rompsen\Loans\8913 - 10073 Urban Capital Partners LLC\Payoff\02.02.2026" 
"2026-07-10 16:00:00","WINDT142K3","68509563","WEI.JIANG","Windows","0","Read","G:\Group_Windt132k\shared\REIT Team\Rompsen\Loans\8913 - 10073 Urban Capital Partners LLC\Payoff\02.02.2026" 
"2026-07-10 16:00:00","WINDT142K3","68509564","WEI.JIANG","Windows","0","Read","G:\Group_Windt132k\shared\REIT Team\Rompsen\Loans\8913 - 10073 Urban Capital Partners LLC\Payoff" 
"2026-07-10 16:00:00","WINDT142K3","68509566","WEI.JIANG","Windows","0","Read","G:\Group_Windt132k\shared\REIT Team\Rompsen\Loans\8913 - 10073 Urban Capital Partners LLC\Payoff" 
"2026-07-10 16:00:00","WINDT142K3","68509569","WEI.JIANG","Windows","0","Read","G:\Group_Windt132k\shared\REIT Team\Rompsen\Loans" 
"2026-07-10 16:00:00","WINDT142K3","68509571","WEI.JIANG","Windows","0","Read","G:\Group_Windt132k\shared\REIT Team\Rompsen\Loans" 
"2026-07-10 16:00:00","WINDT142K3","68509573","WEI.JIANG","Windows","0","Read","G:\Group_Windt132k\shared\REIT Team\Rompsen" 
"2026-07-10 16:00:00","WINDT142K3","68509576","WEI.JIANG","Windows","0","Read","G:\Group_Windt132k\shared\REIT Team\Rompsen" 
"2026-07-10 16:00:00","WINDT142K3","68509578","WEI.JIANG","Windows","0","Read","G:\Group_Windt132k\shared\REIT Team\Romspen CAD Shadow" 
"2026-07-10 16:00:00","WINDT142K3","68509581","WEI.JIANG","Windows","0","Read","G:\Group_Windt132k\shared\REIT Team\Romspen CAD Shadow" 
"2026-07-10 16:00:00","WINDT142K3","68509582","WEI.JIANG","Windows","0","Read","G:\Group_Windt132k\shared\REIT Team" 
"2026-07-10 16:00:00","WINDT142K3","68509585","WEI.JIANG","Windows","0","Read","G:\Group_Windt132k\shared\REIT Team" 
"2026-07-10 16:00:00","WINDT142K3","68509586","WEI.JIANG","Windows","0","Read","G:\Group_Windt132k\shared\REIT Team\Post Road" 
"2026-07-10 16:00:00","WINDT142K3","68509589","WEI.JIANG","Windows","0","Read","G:\Group_Windt132k\shared\REIT Team\Post Road" 
"2026-07-10 16:00:00","WINDT142K3","68509590","WEI.JIANG","Windows","0","Read","G:\Group_Windt132k\shared\REIT Team\Valley National Bank\Syndication Loan" 
"2026-07-10 16:00:00","WINDT142K3","68509591","WEI.JIANG","Windows","0","Read","G:\Group_Windt132k\shared\REIT Team\Valley National Bank\Syndication Loan" 
"2026-07-10 16:00:00","WINDT142K3","68509592","WEI.JIANG","Windows","0","Read","G:\Group_Windt132k\shared\REIT Team\Valley National Bank\Synd Bought Loan" 
"2026-07-10 16:00:00","WINDT142K3","68509594","WEI.JIANG","Windows","0","Read","G:\Group_Windt132k\shared\REIT Team\Valley National Bank\Synd Bought Loan" 
"2026-07-10 16:00:00","WINDT142K3","68509595","WEI.JIANG","Windows","0","Read","G:\Group_Windt132k\shared\REIT Team\Valley National Bank\Participation Sold Loan" 
"2026-07-10 16:00:00","WINDT142K3","68509596","WEI.JIANG","Windows","0","Read","G:\Group_Windt132k\shared\REIT Team\Valley National Bank\Participation Sold Loan" 
"2026-07-10 16:00:00","WINDT142K3","68509598","WEI.JIANG","Windows","0","Read","G:\Group_Windt132k\shared\REIT Team\Valley National Bank" 
"2026-07-10 16:00:00","WINDT142K3","68509600","WEI.JIANG","Windows","0","Read","G:\Group_Windt132k\shared\REIT Team\Valley National Bank" 
"2026-07-10 16:00:00","WINDT142K3","68509601","WEI.JIANG","Windows","0","Read","G:\Group_Windt132k\shared\REIT Team\Peachtree\Cadence Bank Transactions" 
"2026-07-10 16:00:00","WINDT142K3","68509603","WEI.JIANG","Windows","0","Read","G:\Group_Windt132k\shared\REIT Team\Peachtree\Cadence Bank Transactions" 
"2026-07-10 16:00:00","WINDT142K3","68509604","WEI.JIANG","Windows","0","Read","G:\Group_Windt132k\shared\REIT Team\Peachtree\PCFIV" 
"2026-07-10 16:00:00","WINDT142K3","68509607","WEI.JIANG","Windows","0","Read","G:\Group_Windt132k\shared\REIT Team\Peachtree\PCFIV" 
"2026-07-10 16:00:00","WINDT142K3","68509609","WEI.JIANG","Windows","0","Read","G:\Group_Windt132k\shared\REIT Team\Peachtree\Non Fund (NF) - Loans in PDOF" 
"2026-07-10 16:00:00","WINDT142K3","68509611","WEI.JIANG","Windows","0","Read","G:\Group_Windt132k\shared\REIT Team\Peachtree\Non Fund (NF) - Loans in PDOF" 
"2026-07-10 16:00:00","WINDT142K3","68509612","WEI.JIANG","Windows","0","Read","G:\Group_Windt132k\shared\REIT Team\Peachtree\PSOF\Billing Statement" 
"2026-07-10 16:00:00","WINDT142K3","68509613","WEI.JIANG","Windows","0","Read","G:\Group_Windt132k\shared\REIT Team\Peachtree\PSOF\Billing Statement" 
"2026-07-10 16:00:00","WINDT142K3","68509614","WEI.JIANG","Windows","0","Read","G:\Group_Windt132k\shared\REIT Team\Peachtree\PSOF" 
"2026-07-10 16:00:00","WINDT142K3","68509615","WEI.JIANG","Windows","0","Read","G:\Group_Windt132k\shared\REIT Team\Peachtree\PSOF" 
"2026-07-10 16:00:00","WINDT142K3","68509616","WEI.JIANG","Windows","0","Read","G:\Group_Windt132k\shared\REIT Team\Peachtree\PDOF\Billing Statements" 
"2026-07-10 16:00:00","WINDT142K3","68509617","WEI.JIANG","Windows","0","Read","G:\Group_Windt132k\shared\REIT Team\Peachtree\PDOF\Billing Statements" 
"2026-07-10 16:00:00","WINDT142K3","68509618","WEI.JIANG","Windows","0","Read","G:\Group_Windt132k\shared\REIT Team\Peachtree\PDOF" 
"2026-07-10 16:00:00","WINDT142K3","68509619","WEI.JIANG","Windows","0","Read","G:\Group_Windt132k\shared\REIT Team\Peachtree\PDOF" 
"2026-07-10 16:00:00","WINDT142K3","68509620","WEI.JIANG","Windows","0","Read","G:\Group_Windt132k\shared\REIT Team\Peachtree\FUND III" 
"2026-07-10 16:00:00","WINDT142K3","68509623","WEI.JIANG","Windows","0","Read","G:\Group_Windt132k\shared\REIT Team\Peachtree\FUND III" 
"2026-07-10 16:00:00","WINDT142K3","68509626","WEI.JIANG","Windows","0","Read","G:\Group_Windt132k\shared\REIT Team\Peachtree\FUND II" 
"2026-07-10 16:00:00","WINDT142K3","68509628","WEI.JIANG","Windows","0","Read","G:\Group_Windt132k\shared\REIT Team\Peachtree\FUND II" 
"2026-07-10 16:00:00","WINDT142K3","68509630","WEI.JIANG","Windows","0","Read","G:\Group_Windt132k\shared\REIT Team\Peachtree" 
"2026-07-10 16:00:00","WINDT142K3","68509632","WEI.JIANG","Windows","0","Read","G:\Group_Windt132k\shared\REIT Team\Peachtree" 
"2026-07-10 16:00:00","WINDT142K3","68509633","WEI.JIANG","Windows","0","Read","G:\Group_Windt132k\shared\REIT Team\Rompsen\WF Transactions" 
"2026-07-10 16:00:00","WINDT142K3","68509635","WEI.JIANG","Windows","0","Read","G:\Group_Windt132k\shared\REIT Team\Rompsen\WF Transactions" 
"2026-07-10 16:00:00","WINDT142K3","68509637","WEI.JIANG","Windows","0","Read","G:\Group_Windt132k\shared\REIT Team\Rompsen\Loan expense to be reimbursed by borrower" 
"2026-07-10 16:00:00","WINDT142K3","68509638","WEI.JIANG","Windows","0","Read","G:\Group_Windt132k\shared\REIT Team\Rompsen\Loan expense to be reimbursed by borrower" 
"2026-07-10 16:00:00","WINDT142K3","68509640","WEI.JIANG","Windows","0","Read","G:\Group_Windt132k\shared\REIT Team\Rompsen\Mortgage Statement" 
"2026-07-10 16:00:00","WINDT142K3","68509965","RKUMAR3","Windows","0","Write + Read","G:\Group_Windt132k\Shared\ANICO\Derivatives CLewis\6.30.2026\ANICO Options Daily Processing Procedures June 2026.xlsx" 
"2026-07-10 16:00:00","WINDT142K3","68509968","RKUMAR3","Windows","0","Write + Read","G:\Group_Windt132k\Shared\ANICO\Derivatives CLewis\6.30.2026\~$ANICO Options Daily Processing Procedures June 2026.xlsx" 
"2026-07-10 16:00:00","WINDT142K3","68510582","RFREYTAG","Windows","0","Read","G:\Group_Windt132k\Shared\RLI Conversion\06 June 2026\Recon" 
"2026-07-10 16:00:00","WINDT142K3","68510584","RFREYTAG","Windows","0","Read","G:\Group_Windt132k\Shared\RLI Conversion\06 June 2026\Recon" 
"2026-07-10 16:00:00","WINDT142K3","68510590","RFREYTAG","Windows","0","Write + Read","G:\Group_Windt132k\Shared\RLI Conversion\06 June 2026\Recon\Prelim Quantity check 6.30.26_latest.xlsx" 
"2026-07-10 16:00:00","WINDT142K3","68510594","RFREYTAG","Windows","0","Write + Read","G:\Group_Windt132k\Shared\RLI Conversion\06 June 2026\Recon\~$Prelim Quantity check 6.30.26_latest.xlsx" 
"2026-07-10 16:00:00","WINDT142K3","68510778","TFEBLES","Windows","0","Read","G:\Group_Windt132k\Shared\REIT Team\Rompsen\Loans\8706 - 10029 Rufo Properties Portfolio 12.28.2018\Payoff\06.30.2026" 
"2026-07-10 16:00:00","WINDT142K3","68510779","TFEBLES","Windows","0","Read","G:\Group_Windt132k\Shared\REIT Team\Rompsen\Loans\8706 - 10029 Rufo Properties Portfolio 12.28.2018\Payoff\06.30.2026" 
"2026-07-10 16:00:00","WINDT142K3","68510800","DBETTERS","Windows","0","Write + Read","G:\Group_Windt132k\Shared\RLI Conversion\06 June 2026\~$SecurityPriceImport June26.xlsx" 
"2026-07-10 16:00:00","WINDT142K3","68510837","DBETTERS","Windows","0","Write + Read","G:\Group_Windt132k\Shared\RLI Conversion\06 June 2026\SecurityPriceImport June26.xlsx" 
"2026-07-10 16:00:00","WINDT142K3","68510951","BMCADOO","Windows","0","Read","G:\Group_Windt132k\Shared\KofC\KofC 2026\26.06\Sent Files" 
"2026-07-10 16:00:00","WINDT142K3","68510952","BMCADOO","Windows","0","Read","G:\Group_Windt132k\Shared\KofC\KofC 2026\26.06\Sent Files" 
"2026-07-10 16:00:00","WINDT142K3","68511113","BMCADOO","Windows","0","Write + Read","G:\Group_Windt132k\Shared\KofC\KofC 2026\26.06\Sent Files\~$KOFC LP Control GAAP and STAT EMA_June 2026_Alt Method_v2.xlsx" 
"2026-07-10 16:00:00","WINDT142K3","68511166","BMCADOO","Windows","0","Write + Read","G:\Group_Windt132k\Shared\KofC\KofC 2026\26.06\Sent Files\KOFC LP Control GAAP and STAT EMA_June 2026_Alt Method_v2.xlsx" 
"2026-07-10 17:00:00",INFO: The system global flag 'maintain objects list' needs 
"2026-07-10 17:00:00",      to be enabled to see local opened files. 
"2026-07-10 17:00:00",      See Openfiles /? for more information. 
"2026-07-10 17:00:00",Files opened remotely via local share points: 
"2026-07-10 17:00:00",--------------------------------------------- 
"2026-07-10 17:00:00","Hostname","ID","Accessed By","Type","#Locks","Open Mode","Open File (Path\executable)" 
"2026-07-10 17:00:00","WINDT142K3","6","N/A","Windows","0","Write + Read","\PIPE\EVENTLOG" 
"2026-07-10 17:00:00","WINDT142K3","68482543","BMCADOO","Windows","0","Read","G:\Group_Windt132k\Shared\ANICO\LPs\ANICO LP Production\ANICO LP 4Q25\ANICONY 4Q25 Schedule BA_v3.pdf" 
"2026-07-10 17:00:00","WINDT142K3","68482603","BMCADOO","Windows","0","Read","G:\Group_Windt132k\Shared\ANICO\LPs\ANICO LP Production\ANICO LP 4Q25\ANICO 4Q25 Schedule BA_v3.pdf" 
"2026-07-10 17:00:00","WINDT142K3","68483686","TFEBLES","Windows","0","Read","G:\Group_Windt132k\Shared\REIT Team\Rompsen\Loans\8913 - 10073 Urban Capital Partners LLC\Forbearance\Forbearance Effective 2.02.2026\03.20.26 (Fully Executed) Final Modification to Forbearance Agreement (Romspen - Urban Capital - Veasey).pdf" 
"2026-07-10 17:00:00","WINDT142K3","68484066","TFEBLES","Windows","0","Read","G:\Group_Windt132k\Shared\REIT Team\Rompsen\Loans\8913 - 10073 Urban Capital Partners LLC\Payoff\02.02.2026\Romspen_Loan statement_Urban Capital Partners ,LLC 02.02.2026.pdf" 
"2026-07-10 17:00:00","WINDT142K3","68484135","TFEBLES","Windows","0","Read","G:\Group_Windt132k\Shared\REIT Team\Rompsen\Loans\8913 - 10073 Urban Capital Partners LLC\Forbearance\Veasey - Urban Capital - Forbearance Agreement (fully executed).pdf" 
"2026-07-10 17:00:00","WINDT142K3","68484610","PMUGASHU","Windows","0","Read","G:\Group_Windt132k\Shared\RLI Conversion\06 June 2026" 
"2026-07-10 17:00:00","WINDT142K3","68486809","TFEBLES","Windows","0","Read","G:\Group_Windt132k\Shared\REIT Team\Rompsen\Loans\8913 - 10073 Urban Capital Partners LLC\Payoff\2025\09.04.2025\Romspen_Loan statement_Urban Capital Partners ,LLC 09.04.2025.pdf" 
"2026-07-10 17:00:00","WINDT142K3","68487100","BMCADOO","Windows","0","Write + Read","G:\Group_Windt132k\Shared\ANICO\LPs\ANICO LP Production\ANICO LP 4Q25\ANIC December 2025 LP Control GAAP and STAT EMA_BA_v2.xlsx" 
"2026-07-10 17:00:00","WINDT142K3","68487103","BMCADOO","Windows","0","Write + Read","G:\Group_Windt132k\Shared\ANICO\LPs\ANICO LP Production\ANICO LP 4Q25\~$ANIC December 2025 LP Control GAAP and STAT EMA_BA_v2.xlsx" 
"2026-07-10 17:00:00","WINDT142K3","68488561","BMCADOO","Windows","0","Write + Read","G:\Group_Windt132k\Shared\KofC\KofC 2026\26.03\KOFC LP Control GAAP and STAT EMA_March 2026_Alt Method_BA_v3.xlsx" 
"2026-07-10 17:00:00","WINDT142K3","68488566","BMCADOO","Windows","0","Write + Read","G:\Group_Windt132k\Shared\KofC\KofC 2026\26.03\~$KOFC LP Control GAAP and STAT EMA_March 2026_Alt Method_BA_v3.xlsx" 
"2026-07-10 17:00:00","WINDT142K3","68488749","BMCADOO","Windows","0","Write + Read","G:\Group_Windt132k\Shared\KofC\KofC 2026\26.06\~$KOFC LP Control GAAP and STAT EMA_June 2026_Alt Method_BA.xlsx" 
"2026-07-10 17:00:00","WINDT142K3","68488833","PMUGASHU","Windows","0","Read","G:\Group_Windt132k\Shared\RLI Conversion\06 June 2026" 
"2026-07-10 17:00:00","WINDT142K3","68488837","PMUGASHU","Windows","0","Read","G:\Group_Windt132k\Shared\RLI Conversion\06 June 2026" 
"2026-07-10 17:00:00","WINDT142K3","68497165","KCARTA","Windows","0","Write + Read","G:\Group_Windt132k\Shared\REIT Team\Saluda Grade\Loan Servicing\2026\06 June 2026\Remit Recons\Client File\~$SaludaGrade GL Remit Recon 6.30.26 working.xlsx" 
"2026-07-10 17:00:00","WINDT142K3","68497922","TFEBLES","Windows","0","Read","G:\Group_Windt132k\Shared\REIT Team\Rompsen\Loans\8913 - 10073 Urban Capital Partners LLC\Payoff\07.08.2026" 
"2026-07-10 17:00:00","WINDT142K3","68497925","TFEBLES","Windows","0","Read","G:\Group_Windt132k\Shared\REIT Team\Rompsen\Loans\8913 - 10073 Urban Capital Partners LLC\Payoff\07.08.2026" 
"2026-07-10 17:00:00","WINDT142K3","68497928","TFEBLES","Windows","0","Read","G:\Group_Windt132k\Shared\REIT Team\Rompsen\Monthly Report\07.31.2026" 
"2026-07-10 17:00:00","WINDT142K3","68497931","TFEBLES","Windows","0","Read","G:\Group_Windt132k\Shared\REIT Team\Rompsen\Monthly Report\07.31.2026" 
"2026-07-10 17:00:00","WINDT142K3","68498296","BMCADOO","Windows","0","Read","G:\Group_Windt132k\Shared\KofC\KofC 2026\26.06" 
"2026-07-10 17:00:00","WINDT142K3","68498297","BMCADOO","Windows","0","Read","G:\Group_Windt132k\Shared\KofC\KofC 2026\26.06" 
"2026-07-10 17:00:00","WINDT142K3","68503109","KCARTA","Windows","0","Read","G:\Group_Windt132k\Shared\REIT Team\Saluda Grade\Loan Servicing\2026\06 June 2026\Unlock Payoffs" 
"2026-07-10 17:00:00","WINDT142K3","68503110","KCARTA","Windows","0","Read","G:\Group_Windt132k\Shared\REIT Team\Saluda Grade\Loan Servicing\2026\06 June 2026\Unlock Payoffs" 
"2026-07-10 17:00:00","WINDT142K3","68503617","KCARTA","Windows","0","Write + Read","G:\Group_Windt132k\Shared\REIT Team\Saluda Grade\Loan Servicing\2026\06 June 2026\Remit Recons\Client File\SaludaGrade GL Remit Recon 6.30.26 working.xlsx" 
"2026-07-10 17:00:00","WINDT142K3","68503827","BMCADOO","Windows","0","Write + Read","G:\Group_Windt132k\Shared\KofC\KofC 2026\26.06\KOFC LP Control GAAP and STAT EMA_June 2026_Alt Method_BA.xlsx" 
"2026-07-10 17:00:00","WINDT142K3","68508260","KZIADIE","Windows","0","Read","G:\Group_Windt132k\Shared\REIT Team\Peachtree\PSOF\24013P2N - 24014P2N Denver, CO" 
"2026-07-10 17:00:00","WINDT142K3","68508262","KZIADIE","Windows","0","Read","G:\Group_Windt132k\Shared\REIT Team\Peachtree\PSOF\24013P2N - 24014P2N Denver, CO" 
"2026-07-10 17:00:00","WINDT142K3","68509561","WEI.JIANG","Windows","0","Read","G:\Group_Windt132k\shared\REIT Team\Rompsen\Loans\8913 - 10073 Urban Capital Partners LLC\Payoff\02.02.2026" 
"2026-07-10 17:00:00","WINDT142K3","68509563","WEI.JIANG","Windows","0","Read","G:\Group_Windt132k\shared\REIT Team\Rompsen\Loans\8913 - 10073 Urban Capital Partners LLC\Payoff\02.02.2026" 
"2026-07-10 17:00:00","WINDT142K3","68509564","WEI.JIANG","Windows","0","Read","G:\Group_Windt132k\shared\REIT Team\Rompsen\Loans\8913 - 10073 Urban Capital Partners LLC\Payoff" 
"2026-07-10 17:00:00","WINDT142K3","68509566","WEI.JIANG","Windows","0","Read","G:\Group_Windt132k\shared\REIT Team\Rompsen\Loans\8913 - 10073 Urban Capital Partners LLC\Payoff" 
"2026-07-10 17:00:00","WINDT142K3","68509569","WEI.JIANG","Windows","0","Read","G:\Group_Windt132k\shared\REIT Team\Rompsen\Loans" 
"2026-07-10 17:00:00","WINDT142K3","68509571","WEI.JIANG","Windows","0","Read","G:\Group_Windt132k\shared\REIT Team\Rompsen\Loans" 
"2026-07-10 17:00:00","WINDT142K3","68509573","WEI.JIANG","Windows","0","Read","G:\Group_Windt132k\shared\REIT Team\Rompsen" 
"2026-07-10 17:00:00","WINDT142K3","68509576","WEI.JIANG","Windows","0","Read","G:\Group_Windt132k\shared\REIT Team\Rompsen" 
"2026-07-10 17:00:00","WINDT142K3","68509578","WEI.JIANG","Windows","0","Read","G:\Group_Windt132k\shared\REIT Team\Romspen CAD Shadow" 
"2026-07-10 17:00:00","WINDT142K3","68509581","WEI.JIANG","Windows","0","Read","G:\Group_Windt132k\shared\REIT Team\Romspen CAD Shadow" 
"2026-07-10 17:00:00","WINDT142K3","68509582","WEI.JIANG","Windows","0","Read","G:\Group_Windt132k\shared\REIT Team" 
"2026-07-10 17:00:00","WINDT142K3","68509585","WEI.JIANG","Windows","0","Read","G:\Group_Windt132k\shared\REIT Team" 
"2026-07-10 17:00:00","WINDT142K3","68509586","WEI.JIANG","Windows","0","Read","G:\Group_Windt132k\shared\REIT Team\Post Road" 
"2026-07-10 17:00:00","WINDT142K3","68509589","WEI.JIANG","Windows","0","Read","G:\Group_Windt132k\shared\REIT Team\Post Road" 
"2026-07-10 17:00:00","WINDT142K3","68509590","WEI.JIANG","Windows","0","Read","G:\Group_Windt132k\shared\REIT Team\Valley National Bank\Syndication Loan" 
"2026-07-10 17:00:00","WINDT142K3","68509591","WEI.JIANG","Windows","0","Read","G:\Group_Windt132k\shared\REIT Team\Valley National Bank\Syndication Loan" 
"2026-07-10 17:00:00","WINDT142K3","68509592","WEI.JIANG","Windows","0","Read","G:\Group_Windt132k\shared\REIT Team\Valley National Bank\Synd Bought Loan" 
"2026-07-10 17:00:00","WINDT142K3","68509594","WEI.JIANG","Windows","0","Read","G:\Group_Windt132k\shared\REIT Team\Valley National Bank\Synd Bought Loan" 
"2026-07-10 17:00:00","WINDT142K3","68509595","WEI.JIANG","Windows","0","Read","G:\Group_Windt132k\shared\REIT Team\Valley National Bank\Participation Sold Loan" 
"2026-07-10 17:00:00","WINDT142K3","68509596","WEI.JIANG","Windows","0","Read","G:\Group_Windt132k\shared\REIT Team\Valley National Bank\Participation Sold Loan" 
"2026-07-10 17:00:00","WINDT142K3","68509598","WEI.JIANG","Windows","0","Read","G:\Group_Windt132k\shared\REIT Team\Valley National Bank" 
"2026-07-10 17:00:00","WINDT142K3","68509600","WEI.JIANG","Windows","0","Read","G:\Group_Windt132k\shared\REIT Team\Valley National Bank" 
"2026-07-10 17:00:00","WINDT142K3","68509601","WEI.JIANG","Windows","0","Read","G:\Group_Windt132k\shared\REIT Team\Peachtree\Cadence Bank Transactions" 
"2026-07-10 17:00:00","WINDT142K3","68509603","WEI.JIANG","Windows","0","Read","G:\Group_Windt132k\shared\REIT Team\Peachtree\Cadence Bank Transactions" 
"2026-07-10 17:00:00","WINDT142K3","68509604","WEI.JIANG","Windows","0","Read","G:\Group_Windt132k\shared\REIT Team\Peachtree\PCFIV" 
"2026-07-10 17:00:00","WINDT142K3","68509607","WEI.JIANG","Windows","0","Read","G:\Group_Windt132k\shared\REIT Team\Peachtree\PCFIV" 
"2026-07-10 17:00:00","WINDT142K3","68509609","WEI.JIANG","Windows","0","Read","G:\Group_Windt132k\shared\REIT Team\Peachtree\Non Fund (NF) - Loans in PDOF" 
"2026-07-10 17:00:00","WINDT142K3","68509611","WEI.JIANG","Windows","0","Read","G:\Group_Windt132k\shared\REIT Team\Peachtree\Non Fund (NF) - Loans in PDOF" 
"2026-07-10 17:00:00","WINDT142K3","68509612","WEI.JIANG","Windows","0","Read","G:\Group_Windt132k\shared\REIT Team\Peachtree\PSOF\Billing Statement" 
"2026-07-10 17:00:00","WINDT142K3","68509613","WEI.JIANG","Windows","0","Read","G:\Group_Windt132k\shared\REIT Team\Peachtree\PSOF\Billing Statement" 
"2026-07-10 17:00:00","WINDT142K3","68509614","WEI.JIANG","Windows","0","Read","G:\Group_Windt132k\shared\REIT Team\Peachtree\PSOF" 
"2026-07-10 17:00:00","WINDT142K3","68509615","WEI.JIANG","Windows","0","Read","G:\Group_Windt132k\shared\REIT Team\Peachtree\PSOF" 
"2026-07-10 17:00:00","WINDT142K3","68509616","WEI.JIANG","Windows","0","Read","G:\Group_Windt132k\shared\REIT Team\Peachtree\PDOF\Billing Statements" 
"2026-07-10 17:00:00","WINDT142K3","68509617","WEI.JIANG","Windows","0","Read","G:\Group_Windt132k\shared\REIT Team\Peachtree\PDOF\Billing Statements" 
"2026-07-10 17:00:00","WINDT142K3","68509618","WEI.JIANG","Windows","0","Read","G:\Group_Windt132k\shared\REIT Team\Peachtree\PDOF" 
"2026-07-10 17:00:00","WINDT142K3","68509619","WEI.JIANG","Windows","0","Read","G:\Group_Windt132k\shared\REIT Team\Peachtree\PDOF" 
"2026-07-10 17:00:00","WINDT142K3","68509620","WEI.JIANG","Windows","0","Read","G:\Group_Windt132k\shared\REIT Team\Peachtree\FUND III" 
"2026-07-10 17:00:00","WINDT142K3","68509623","WEI.JIANG","Windows","0","Read","G:\Group_Windt132k\shared\REIT Team\Peachtree\FUND III" 
"2026-07-10 17:00:00","WINDT142K3","68509626","WEI.JIANG","Windows","0","Read","G:\Group_Windt132k\shared\REIT Team\Peachtree\FUND II" 
"2026-07-10 17:00:00","WINDT142K3","68509628","WEI.JIANG","Windows","0","Read","G:\Group_Windt132k\shared\REIT Team\Peachtree\FUND II" 
"2026-07-10 17:00:00","WINDT142K3","68509630","WEI.JIANG","Windows","0","Read","G:\Group_Windt132k\shared\REIT Team\Peachtree" 
"2026-07-10 17:00:00","WINDT142K3","68509632","WEI.JIANG","Windows","0","Read","G:\Group_Windt132k\shared\REIT Team\Peachtree" 
"2026-07-10 17:00:00","WINDT142K3","68509633","WEI.JIANG","Windows","0","Read","G:\Group_Windt132k\shared\REIT Team\Rompsen\WF Transactions" 
"2026-07-10 17:00:00","WINDT142K3","68509635","WEI.JIANG","Windows","0","Read","G:\Group_Windt132k\shared\REIT Team\Rompsen\WF Transactions" 
"2026-07-10 17:00:00","WINDT142K3","68509637","WEI.JIANG","Windows","0","Read","G:\Group_Windt132k\shared\REIT Team\Rompsen\Loan expense to be reimbursed by borrower" 
"2026-07-10 17:00:00","WINDT142K3","68509638","WEI.JIANG","Windows","0","Read","G:\Group_Windt132k\shared\REIT Team\Rompsen\Loan expense to be reimbursed by borrower" 
"2026-07-10 17:00:00","WINDT142K3","68509640","WEI.JIANG","Windows","0","Read","G:\Group_Windt132k\shared\REIT Team\Rompsen\Mortgage Statement" 
"2026-07-10 17:00:00","WINDT142K3","68509965","RKUMAR3","Windows","0","Write + Read","G:\Group_Windt132k\Shared\ANICO\Derivatives CLewis\6.30.2026\ANICO Options Daily Processing Procedures June 2026.xlsx" 
"2026-07-10 17:00:00","WINDT142K3","68509968","RKUMAR3","Windows","0","Write + Read","G:\Group_Windt132k\Shared\ANICO\Derivatives CLewis\6.30.2026\~$ANICO Options Daily Processing Procedures June 2026.xlsx" 
"2026-07-10 17:00:00","WINDT142K3","68510582","RFREYTAG","Windows","0","Read","G:\Group_Windt132k\Shared\RLI Conversion\06 June 2026\Recon" 
"2026-07-10 17:00:00","WINDT142K3","68510584","RFREYTAG","Windows","0","Read","G:\Group_Windt132k\Shared\RLI Conversion\06 June 2026\Recon" 
"2026-07-10 17:00:00","WINDT142K3","68510590","RFREYTAG","Windows","0","Write + Read","G:\Group_Windt132k\Shared\RLI Conversion\06 June 2026\Recon\Prelim Quantity check 6.30.26_latest.xlsx" 
"2026-07-10 17:00:00","WINDT142K3","68510594","RFREYTAG","Windows","0","Write + Read","G:\Group_Windt132k\Shared\RLI Conversion\06 June 2026\Recon\~$Prelim Quantity check 6.30.26_latest.xlsx" 
"2026-07-10 17:00:00","WINDT142K3","68510951","BMCADOO","Windows","0","Read","G:\Group_Windt132k\Shared\KofC\KofC 2026\26.06\Sent Files" 
"2026-07-10 17:00:00","WINDT142K3","68510952","BMCADOO","Windows","0","Read","G:\Group_Windt132k\Shared\KofC\KofC 2026\26.06\Sent Files" 
"2026-07-10 17:00:00","WINDT142K3","68511113","BMCADOO","Windows","0","Write + Read","G:\Group_Windt132k\Shared\KofC\KofC 2026\26.06\Sent Files\~$KOFC LP Control GAAP and STAT EMA_June 2026_Alt Method_v2.xlsx" 
"2026-07-10 17:00:00","WINDT142K3","68512273","TFEBLES","Windows","0","Read","G:\Group_Windt132k\Shared\REIT Team\Rompsen\Insurance" 
"2026-07-10 17:00:00","WINDT142K3","68512274","TFEBLES","Windows","0","Read","G:\Group_Windt132k\Shared\REIT Team\Rompsen\Insurance" 
"2026-07-10 17:00:00","WINDT142K3","68512574","BMCADOO","Windows","0","Write + Read","G:\Group_Windt132k\Shared\KofC\KofC 2026\26.06\Sent Files\KOFC LP Control GAAP and STAT EMA_June 2026_Alt Method_v2.xlsx" 
"2026-07-10 17:00:00","WINDT142K3","68512901","KZIADIE","Windows","0","Write + Read","G:\Group_Windt132k\Shared\REIT Team\Peachtree\Client Invoices\Billing Calculation\2026\~$Peachtree Monthly Service Fee Calculation Tracker (All funds) 2026.xlsx" 
"2026-07-10 17:00:00","WINDT142K3","68513232","TFEBLES","Windows","0","Read","G:\Group_Windt132k\Shared\REIT Team\Rompsen\Loans\8706 - 10029 Rufo Properties Portfolio 12.28.2018\Payoff\06.30.2026" 
"2026-07-10 17:00:00","WINDT142K3","68513233","TFEBLES","Windows","0","Read","G:\Group_Windt132k\Shared\REIT Team\Rompsen\Loans\8706 - 10029 Rufo Properties Portfolio 12.28.2018\Payoff\06.30.2026" 
"2026-07-10 17:00:00","WINDT142K3","68513234","TFEBLES","Windows","0","Read","G:\Group_Windt132k\Shared\REIT Team\Rompsen\Loans\8913 - 10073 Urban Capital Partners LLC\Payoff\2025\12.18.2025" 
"2026-07-10 17:00:00","WINDT142K3","68513235","TFEBLES","Windows","0","Read","G:\Group_Windt132k\Shared\REIT Team\Rompsen\Loans\8913 - 10073 Urban Capital Partners LLC\Payoff\2025\12.18.2025" 
"2026-07-10 17:00:00","WINDT142K3","68513236","TFEBLES","Windows","0","Read","G:\Group_Windt132k\Shared\REIT Team\Rompsen\Loans\8913 - 10073 Urban Capital Partners LLC\Forbearance\Forbearance Effective 2.02.2026" 
"2026-07-10 17:00:00","WINDT142K3","68513237","TFEBLES","Windows","0","Read","G:\Group_Windt132k\Shared\REIT Team\Rompsen\Loans\8913 - 10073 Urban Capital Partners LLC\Forbearance\Forbearance Effective 2.02.2026" 
"2026-07-10 17:00:00","WINDT142K3","68513252","DBETTERS","Windows","0","Write + Read","G:\Group_Windt132k\Shared\RLI Conversion\06 June 2026\SecurityPriceImport 063026.xlsx" 
"2026-07-10 17:00:00","WINDT142K3","68513263","DBETTERS","Windows","0","Write + Read","G:\Group_Windt132k\Shared\RLI Conversion\06 June 2026\~$SecurityPriceImport 063026.xlsx" 
"2026-07-10 17:00:00","WINDT142K3","68513361","DBETTERS","Windows","0","Read","G:\Group_Windt132k\Shared\RLI Conversion\06 June 2026\Recon" 
"2026-07-10 17:00:00","WINDT142K3","68513362","DBETTERS","Windows","0","Read","G:\Group_Windt132k\Shared\RLI Conversion\06 June 2026\Recon" 
"2026-07-10 17:00:00","WINDT142K3","68513505","KZIADIE","Windows","0","Write + Read","G:\Group_Windt132k\Shared\REIT Team\Peachtree\Client Invoices\Billing Calculation\2026\Peachtree Monthly Service Fee Calculation Tracker (All funds) 2026.xlsx" 
"2026-07-10 17:00:00","WINDT142K3","68513537","BMCADOO","Windows","0","Write + Read","G:\Group_Windt132k\Shared\ANICO\LPs\ANICO LP Production\ANICO LP 2Q26\ANIC June 2026 LP Control GAAP and STAT EMA_BA.xlsx" 
"2026-07-10 17:00:00","WINDT142K3","68513706","KZIADIE","Windows","0","Read","G:\Group_Windt132k\Shared\REIT Team\Peachtree\PMOF - Film\26050M1B (A-C) Eleven Missing Days" 
"2026-07-10 17:00:00","WINDT142K3","68513707","KZIADIE","Windows","0","Read","G:\Group_Windt132k\Shared\REIT Team\Peachtree\PMOF - Film\26050M1B (A-C) Eleven Missing Days" 
"2026-07-10 18:00:00",INFO: The system global flag 'maintain objects list' needs 
"2026-07-10 18:00:00",      to be enabled to see local opened files. 
"2026-07-10 18:00:00",      See Openfiles /? for more information. 
"2026-07-10 18:00:00",Files opened remotely via local share points: 
"2026-07-10 18:00:00",--------------------------------------------- 
"2026-07-10 18:00:00","Hostname","ID","Accessed By","Type","#Locks","Open Mode","Open File (Path\executable)" 
"2026-07-10 18:00:00","WINDT142K3","6","N/A","Windows","0","Write + Read","\PIPE\EVENTLOG" 
"2026-07-10 18:00:00","WINDT142K3","68483686","TFEBLES","Windows","0","Read","G:\Group_Windt132k\Shared\REIT Team\Rompsen\Loans\8913 - 10073 Urban Capital Partners LLC\Forbearance\Forbearance Effective 2.02.2026\03.20.26 (Fully Executed) Final Modification to Forbearance Agreement (Romspen - Urban Capital - Veasey).pdf" 
"2026-07-10 18:00:00","WINDT142K3","68484066","TFEBLES","Windows","0","Read","G:\Group_Windt132k\Shared\REIT Team\Rompsen\Loans\8913 - 10073 Urban Capital Partners LLC\Payoff\02.02.2026\Romspen_Loan statement_Urban Capital Partners ,LLC 02.02.2026.pdf" 
"2026-07-10 18:00:00","WINDT142K3","68484135","TFEBLES","Windows","0","Read","G:\Group_Windt132k\Shared\REIT Team\Rompsen\Loans\8913 - 10073 Urban Capital Partners LLC\Forbearance\Veasey - Urban Capital - Forbearance Agreement (fully executed).pdf" 
"2026-07-10 18:00:00","WINDT142K3","68484610","PMUGASHU","Windows","0","Read","G:\Group_Windt132k\Shared\RLI Conversion\06 June 2026" 
"2026-07-10 18:00:00","WINDT142K3","68486809","TFEBLES","Windows","0","Read","G:\Group_Windt132k\Shared\REIT Team\Rompsen\Loans\8913 - 10073 Urban Capital Partners LLC\Payoff\2025\09.04.2025\Romspen_Loan statement_Urban Capital Partners ,LLC 09.04.2025.pdf" 
"2026-07-10 18:00:00","WINDT142K3","68488833","PMUGASHU","Windows","0","Read","G:\Group_Windt132k\Shared\RLI Conversion\06 June 2026" 
"2026-07-10 18:00:00","WINDT142K3","68488837","PMUGASHU","Windows","0","Read","G:\Group_Windt132k\Shared\RLI Conversion\06 June 2026" 
"2026-07-10 18:00:00","WINDT142K3","68497922","TFEBLES","Windows","0","Read","G:\Group_Windt132k\Shared\REIT Team\Rompsen\Loans\8913 - 10073 Urban Capital Partners LLC\Payoff\07.08.2026" 
"2026-07-10 18:00:00","WINDT142K3","68497925","TFEBLES","Windows","0","Read","G:\Group_Windt132k\Shared\REIT Team\Rompsen\Loans\8913 - 10073 Urban Capital Partners LLC\Payoff\07.08.2026" 
"2026-07-10 18:00:00","WINDT142K3","68497928","TFEBLES","Windows","0","Read","G:\Group_Windt132k\Shared\REIT Team\Rompsen\Monthly Report\07.31.2026" 
"2026-07-10 18:00:00","WINDT142K3","68497931","TFEBLES","Windows","0","Read","G:\Group_Windt132k\Shared\REIT Team\Rompsen\Monthly Report\07.31.2026" 
"2026-07-10 18:00:00","WINDT142K3","68509561","WEI.JIANG","Windows","0","Read","G:\Group_Windt132k\shared\REIT Team\Rompsen\Loans\8913 - 10073 Urban Capital Partners LLC\Payoff\02.02.2026" 
"2026-07-10 18:00:00","WINDT142K3","68509563","WEI.JIANG","Windows","0","Read","G:\Group_Windt132k\shared\REIT Team\Rompsen\Loans\8913 - 10073 Urban Capital Partners LLC\Payoff\02.02.2026" 
"2026-07-10 18:00:00","WINDT142K3","68509564","WEI.JIANG","Windows","0","Read","G:\Group_Windt132k\shared\REIT Team\Rompsen\Loans\8913 - 10073 Urban Capital Partners LLC\Payoff" 
"2026-07-10 18:00:00","WINDT142K3","68509566","WEI.JIANG","Windows","0","Read","G:\Group_Windt132k\shared\REIT Team\Rompsen\Loans\8913 - 10073 Urban Capital Partners LLC\Payoff" 
"2026-07-10 18:00:00","WINDT142K3","68509569","WEI.JIANG","Windows","0","Read","G:\Group_Windt132k\shared\REIT Team\Rompsen\Loans" 
"2026-07-10 18:00:00","WINDT142K3","68509571","WEI.JIANG","Windows","0","Read","G:\Group_Windt132k\shared\REIT Team\Rompsen\Loans" 
"2026-07-10 18:00:00","WINDT142K3","68509573","WEI.JIANG","Windows","0","Read","G:\Group_Windt132k\shared\REIT Team\Rompsen" 
"2026-07-10 18:00:00","WINDT142K3","68509576","WEI.JIANG","Windows","0","Read","G:\Group_Windt132k\shared\REIT Team\Rompsen" 
"2026-07-10 18:00:00","WINDT142K3","68509578","WEI.JIANG","Windows","0","Read","G:\Group_Windt132k\shared\REIT Team\Romspen CAD Shadow" 
"2026-07-10 18:00:00","WINDT142K3","68509581","WEI.JIANG","Windows","0","Read","G:\Group_Windt132k\shared\REIT Team\Romspen CAD Shadow" 
"2026-07-10 18:00:00","WINDT142K3","68509582","WEI.JIANG","Windows","0","Read","G:\Group_Windt132k\shared\REIT Team" 
"2026-07-10 18:00:00","WINDT142K3","68509585","WEI.JIANG","Windows","0","Read","G:\Group_Windt132k\shared\REIT Team" 
"2026-07-10 18:00:00","WINDT142K3","68509586","WEI.JIANG","Windows","0","Read","G:\Group_Windt132k\shared\REIT Team\Post Road" 
"2026-07-10 18:00:00","WINDT142K3","68509589","WEI.JIANG","Windows","0","Read","G:\Group_Windt132k\shared\REIT Team\Post Road" 
"2026-07-10 18:00:00","WINDT142K3","68509590","WEI.JIANG","Windows","0","Read","G:\Group_Windt132k\shared\REIT Team\Valley National Bank\Syndication Loan" 
"2026-07-10 18:00:00","WINDT142K3","68509591","WEI.JIANG","Windows","0","Read","G:\Group_Windt132k\shared\REIT Team\Valley National Bank\Syndication Loan" 
"2026-07-10 18:00:00","WINDT142K3","68509592","WEI.JIANG","Windows","0","Read","G:\Group_Windt132k\shared\REIT Team\Valley National Bank\Synd Bought Loan" 
"2026-07-10 18:00:00","WINDT142K3","68509594","WEI.JIANG","Windows","0","Read","G:\Group_Windt132k\shared\REIT Team\Valley National Bank\Synd Bought Loan" 
"2026-07-10 18:00:00","WINDT142K3","68509595","WEI.JIANG","Windows","0","Read","G:\Group_Windt132k\shared\REIT Team\Valley National Bank\Participation Sold Loan" 
"2026-07-10 18:00:00","WINDT142K3","68509596","WEI.JIANG","Windows","0","Read","G:\Group_Windt132k\shared\REIT Team\Valley National Bank\Participation Sold Loan" 
"2026-07-10 18:00:00","WINDT142K3","68509598","WEI.JIANG","Windows","0","Read","G:\Group_Windt132k\shared\REIT Team\Valley National Bank" 
"2026-07-10 18:00:00","WINDT142K3","68509600","WEI.JIANG","Windows","0","Read","G:\Group_Windt132k\shared\REIT Team\Valley National Bank" 
"2026-07-10 18:00:00","WINDT142K3","68509601","WEI.JIANG","Windows","0","Read","G:\Group_Windt132k\shared\REIT Team\Peachtree\Cadence Bank Transactions" 
"2026-07-10 18:00:00","WINDT142K3","68509603","WEI.JIANG","Windows","0","Read","G:\Group_Windt132k\shared\REIT Team\Peachtree\Cadence Bank Transactions" 
"2026-07-10 18:00:00","WINDT142K3","68509604","WEI.JIANG","Windows","0","Read","G:\Group_Windt132k\shared\REIT Team\Peachtree\PCFIV" 
"2026-07-10 18:00:00","WINDT142K3","68509607","WEI.JIANG","Windows","0","Read","G:\Group_Windt132k\shared\REIT Team\Peachtree\PCFIV" 
"2026-07-10 18:00:00","WINDT142K3","68509609","WEI.JIANG","Windows","0","Read","G:\Group_Windt132k\shared\REIT Team\Peachtree\Non Fund (NF) - Loans in PDOF" 
"2026-07-10 18:00:00","WINDT142K3","68509611","WEI.JIANG","Windows","0","Read","G:\Group_Windt132k\shared\REIT Team\Peachtree\Non Fund (NF) - Loans in PDOF" 
"2026-07-10 18:00:00","WINDT142K3","68509612","WEI.JIANG","Windows","0","Read","G:\Group_Windt132k\shared\REIT Team\Peachtree\PSOF\Billing Statement" 
"2026-07-10 18:00:00","WINDT142K3","68509613","WEI.JIANG","Windows","0","Read","G:\Group_Windt132k\shared\REIT Team\Peachtree\PSOF\Billing Statement" 
"2026-07-10 18:00:00","WINDT142K3","68509614","WEI.JIANG","Windows","0","Read","G:\Group_Windt132k\shared\REIT Team\Peachtree\PSOF" 
"2026-07-10 18:00:00","WINDT142K3","68509615","WEI.JIANG","Windows","0","Read","G:\Group_Windt132k\shared\REIT Team\Peachtree\PSOF" 
"2026-07-10 18:00:00","WINDT142K3","68509616","WEI.JIANG","Windows","0","Read","G:\Group_Windt132k\shared\REIT Team\Peachtree\PDOF\Billing Statements" 
"2026-07-10 18:00:00","WINDT142K3","68509617","WEI.JIANG","Windows","0","Read","G:\Group_Windt132k\shared\REIT Team\Peachtree\PDOF\Billing Statements" 
"2026-07-10 18:00:00","WINDT142K3","68509618","WEI.JIANG","Windows","0","Read","G:\Group_Windt132k\shared\REIT Team\Peachtree\PDOF" 
"2026-07-10 18:00:00","WINDT142K3","68509619","WEI.JIANG","Windows","0","Read","G:\Group_Windt132k\shared\REIT Team\Peachtree\PDOF" 
"2026-07-10 18:00:00","WINDT142K3","68509620","WEI.JIANG","Windows","0","Read","G:\Group_Windt132k\shared\REIT Team\Peachtree\FUND III" 
"2026-07-10 18:00:00","WINDT142K3","68509623","WEI.JIANG","Windows","0","Read","G:\Group_Windt132k\shared\REIT Team\Peachtree\FUND III" 
"2026-07-10 18:00:00","WINDT142K3","68509626","WEI.JIANG","Windows","0","Read","G:\Group_Windt132k\shared\REIT Team\Peachtree\FUND II" 
"2026-07-10 18:00:00","WINDT142K3","68509628","WEI.JIANG","Windows","0","Read","G:\Group_Windt132k\shared\REIT Team\Peachtree\FUND II" 
"2026-07-10 18:00:00","WINDT142K3","68509630","WEI.JIANG","Windows","0","Read","G:\Group_Windt132k\shared\REIT Team\Peachtree" 
"2026-07-10 18:00:00","WINDT142K3","68509632","WEI.JIANG","Windows","0","Read","G:\Group_Windt132k\shared\REIT Team\Peachtree" 
"2026-07-10 18:00:00","WINDT142K3","68509633","WEI.JIANG","Windows","0","Read","G:\Group_Windt132k\shared\REIT Team\Rompsen\WF Transactions" 
"2026-07-10 18:00:00","WINDT142K3","68509635","WEI.JIANG","Windows","0","Read","G:\Group_Windt132k\shared\REIT Team\Rompsen\WF Transactions" 
"2026-07-10 18:00:00","WINDT142K3","68509637","WEI.JIANG","Windows","0","Read","G:\Group_Windt132k\shared\REIT Team\Rompsen\Loan expense to be reimbursed by borrower" 
"2026-07-10 18:00:00","WINDT142K3","68509638","WEI.JIANG","Windows","0","Read","G:\Group_Windt132k\shared\REIT Team\Rompsen\Loan expense to be reimbursed by borrower" 
"2026-07-10 18:00:00","WINDT142K3","68509640","WEI.JIANG","Windows","0","Read","G:\Group_Windt132k\shared\REIT Team\Rompsen\Mortgage Statement" 
"2026-07-10 18:00:00","WINDT142K3","68509965","RKUMAR3","Windows","0","Write + Read","G:\Group_Windt132k\Shared\ANICO\Derivatives CLewis\6.30.2026\ANICO Options Daily Processing Procedures June 2026.xlsx" 
"2026-07-10 18:00:00","WINDT142K3","68509968","RKUMAR3","Windows","0","Write + Read","G:\Group_Windt132k\Shared\ANICO\Derivatives CLewis\6.30.2026\~$ANICO Options Daily Processing Procedures June 2026.xlsx" 
"2026-07-10 18:00:00","WINDT142K3","68510590","RFREYTAG","Windows","0","Write + Read","G:\Group_Windt132k\Shared\RLI Conversion\06 June 2026\Recon\Prelim Quantity check 6.30.26_latest.xlsx" 
"2026-07-10 18:00:00","WINDT142K3","68510594","RFREYTAG","Windows","0","Write + Read","G:\Group_Windt132k\Shared\RLI Conversion\06 June 2026\Recon\~$Prelim Quantity check 6.30.26_latest.xlsx" 
"2026-07-10 18:00:00","WINDT142K3","68512273","TFEBLES","Windows","0","Read","G:\Group_Windt132k\Shared\REIT Team\Rompsen\Insurance" 
"2026-07-10 18:00:00","WINDT142K3","68512274","TFEBLES","Windows","0","Read","G:\Group_Windt132k\Shared\REIT Team\Rompsen\Insurance" 
"2026-07-10 18:00:00","WINDT142K3","68514194","TFEBLES","Windows","0","Read","G:\Group_Windt132k\Shared\REIT Team\Rompsen\Loans\8913 - 10073 Urban Capital Partners LLC\Payoff\2025\12.18.2025" 
"2026-07-10 18:00:00","WINDT142K3","68514196","TFEBLES","Windows","0","Read","G:\Group_Windt132k\Shared\REIT Team\Rompsen\Loans\8913 - 10073 Urban Capital Partners LLC\Payoff\2025\12.18.2025" 
"2026-07-10 18:00:00","WINDT142K3","68514200","TFEBLES","Windows","0","Read","G:\Group_Windt132k\Shared\REIT Team\Rompsen\Loans\8706 - 10029 Rufo Properties Portfolio 12.28.2018\Payoff\06.30.2026" 
"2026-07-10 18:00:00","WINDT142K3","68514201","TFEBLES","Windows","0","Read","G:\Group_Windt132k\Shared\REIT Team\Rompsen\Loans\8706 - 10029 Rufo Properties Portfolio 12.28.2018\Payoff\06.30.2026" 
"2026-07-10 18:00:00","WINDT142K3","68514202","TFEBLES","Windows","0","Read","G:\Group_Windt132k\Shared\REIT Team\Rompsen\Loans\8913 - 10073 Urban Capital Partners LLC\Forbearance\Forbearance Effective 2.02.2026" 
"2026-07-10 18:00:00","WINDT142K3","68514203","TFEBLES","Windows","0","Read","G:\Group_Windt132k\Shared\REIT Team\Rompsen\Loans\8913 - 10073 Urban Capital Partners LLC\Forbearance\Forbearance Effective 2.02.2026" 
"2026-07-10 19:00:00",INFO: The system global flag 'maintain objects list' needs 
"2026-07-10 19:00:00",      to be enabled to see local opened files. 
"2026-07-10 19:00:00",      See Openfiles /? for more information. 
"2026-07-10 19:00:00",Files opened remotely via local share points: 
"2026-07-10 19:00:00",--------------------------------------------- 
"2026-07-10 19:00:00","Hostname","ID","Accessed By","Type","#Locks","Open Mode","Open File (Path\executable)" 
"2026-07-10 19:00:00","WINDT142K3","6","N/A","Windows","0","Write + Read","\PIPE\EVENTLOG" 
"2026-07-10 19:00:00","WINDT142K3","68483686","TFEBLES","Windows","0","Read","G:\Group_Windt132k\Shared\REIT Team\Rompsen\Loans\8913 - 10073 Urban Capital Partners LLC\Forbearance\Forbearance Effective 2.02.2026\03.20.26 (Fully Executed) Final Modification to Forbearance Agreement (Romspen - Urban Capital - Veasey).pdf" 
"2026-07-10 19:00:00","WINDT142K3","68484066","TFEBLES","Windows","0","Read","G:\Group_Windt132k\Shared\REIT Team\Rompsen\Loans\8913 - 10073 Urban Capital Partners LLC\Payoff\02.02.2026\Romspen_Loan statement_Urban Capital Partners ,LLC 02.02.2026.pdf" 
"2026-07-10 19:00:00","WINDT142K3","68484135","TFEBLES","Windows","0","Read","G:\Group_Windt132k\Shared\REIT Team\Rompsen\Loans\8913 - 10073 Urban Capital Partners LLC\Forbearance\Veasey - Urban Capital - Forbearance Agreement (fully executed).pdf" 
"2026-07-10 19:00:00","WINDT142K3","68486809","TFEBLES","Windows","0","Read","G:\Group_Windt132k\Shared\REIT Team\Rompsen\Loans\8913 - 10073 Urban Capital Partners LLC\Payoff\2025\09.04.2025\Romspen_Loan statement_Urban Capital Partners ,LLC 09.04.2025.pdf" 
"2026-07-10 19:00:00","WINDT142K3","68497922","TFEBLES","Windows","0","Read","G:\Group_Windt132k\Shared\REIT Team\Rompsen\Loans\8913 - 10073 Urban Capital Partners LLC\Payoff\07.08.2026" 
"2026-07-10 19:00:00","WINDT142K3","68497925","TFEBLES","Windows","0","Read","G:\Group_Windt132k\Shared\REIT Team\Rompsen\Loans\8913 - 10073 Urban Capital Partners LLC\Payoff\07.08.2026" 
"2026-07-10 19:00:00","WINDT142K3","68497928","TFEBLES","Windows","0","Read","G:\Group_Windt132k\Shared\REIT Team\Rompsen\Monthly Report\07.31.2026" 
"2026-07-10 19:00:00","WINDT142K3","68497931","TFEBLES","Windows","0","Read","G:\Group_Windt132k\Shared\REIT Team\Rompsen\Monthly Report\07.31.2026" 
"2026-07-10 19:00:00","WINDT142K3","68509561","WEI.JIANG","Windows","0","Read","G:\Group_Windt132k\shared\REIT Team\Rompsen\Loans\8913 - 10073 Urban Capital Partners LLC\Payoff\02.02.2026" 
"2026-07-10 19:00:00","WINDT142K3","68509563","WEI.JIANG","Windows","0","Read","G:\Group_Windt132k\shared\REIT Team\Rompsen\Loans\8913 - 10073 Urban Capital Partners LLC\Payoff\02.02.2026" 
"2026-07-10 19:00:00","WINDT142K3","68509564","WEI.JIANG","Windows","0","Read","G:\Group_Windt132k\shared\REIT Team\Rompsen\Loans\8913 - 10073 Urban Capital Partners LLC\Payoff" 
"2026-07-10 19:00:00","WINDT142K3","68509566","WEI.JIANG","Windows","0","Read","G:\Group_Windt132k\shared\REIT Team\Rompsen\Loans\8913 - 10073 Urban Capital Partners LLC\Payoff" 
"2026-07-10 19:00:00","WINDT142K3","68509569","WEI.JIANG","Windows","0","Read","G:\Group_Windt132k\shared\REIT Team\Rompsen\Loans" 
"2026-07-10 19:00:00","WINDT142K3","68509571","WEI.JIANG","Windows","0","Read","G:\Group_Windt132k\shared\REIT Team\Rompsen\Loans" 
"2026-07-10 19:00:00","WINDT142K3","68509573","WEI.JIANG","Windows","0","Read","G:\Group_Windt132k\shared\REIT Team\Rompsen" 
"2026-07-10 19:00:00","WINDT142K3","68509576","WEI.JIANG","Windows","0","Read","G:\Group_Windt132k\shared\REIT Team\Rompsen" 
"2026-07-10 19:00:00","WINDT142K3","68509578","WEI.JIANG","Windows","0","Read","G:\Group_Windt132k\shared\REIT Team\Romspen CAD Shadow" 
"2026-07-10 19:00:00","WINDT142K3","68509581","WEI.JIANG","Windows","0","Read","G:\Group_Windt132k\shared\REIT Team\Romspen CAD Shadow" 
"2026-07-10 19:00:00","WINDT142K3","68509582","WEI.JIANG","Windows","0","Read","G:\Group_Windt132k\shared\REIT Team" 
"2026-07-10 19:00:00","WINDT142K3","68509585","WEI.JIANG","Windows","0","Read","G:\Group_Windt132k\shared\REIT Team" 
"2026-07-10 19:00:00","WINDT142K3","68509586","WEI.JIANG","Windows","0","Read","G:\Group_Windt132k\shared\REIT Team\Post Road" 
"2026-07-10 19:00:00","WINDT142K3","68509589","WEI.JIANG","Windows","0","Read","G:\Group_Windt132k\shared\REIT Team\Post Road" 
"2026-07-10 19:00:00","WINDT142K3","68509590","WEI.JIANG","Windows","0","Read","G:\Group_Windt132k\shared\REIT Team\Valley National Bank\Syndication Loan" 
"2026-07-10 19:00:00","WINDT142K3","68509591","WEI.JIANG","Windows","0","Read","G:\Group_Windt132k\shared\REIT Team\Valley National Bank\Syndication Loan" 
"2026-07-10 19:00:00","WINDT142K3","68509592","WEI.JIANG","Windows","0","Read","G:\Group_Windt132k\shared\REIT Team\Valley National Bank\Synd Bought Loan" 
"2026-07-10 19:00:00","WINDT142K3","68509594","WEI.JIANG","Windows","0","Read","G:\Group_Windt132k\shared\REIT Team\Valley National Bank\Synd Bought Loan" 
"2026-07-10 19:00:00","WINDT142K3","68509595","WEI.JIANG","Windows","0","Read","G:\Group_Windt132k\shared\REIT Team\Valley National Bank\Participation Sold Loan" 
"2026-07-10 19:00:00","WINDT142K3","68509596","WEI.JIANG","Windows","0","Read","G:\Group_Windt132k\shared\REIT Team\Valley National Bank\Participation Sold Loan" 
"2026-07-10 19:00:00","WINDT142K3","68509598","WEI.JIANG","Windows","0","Read","G:\Group_Windt132k\shared\REIT Team\Valley National Bank" 
"2026-07-10 19:00:00","WINDT142K3","68509600","WEI.JIANG","Windows","0","Read","G:\Group_Windt132k\shared\REIT Team\Valley National Bank" 
"2026-07-10 19:00:00","WINDT142K3","68509601","WEI.JIANG","Windows","0","Read","G:\Group_Windt132k\shared\REIT Team\Peachtree\Cadence Bank Transactions" 
"2026-07-10 19:00:00","WINDT142K3","68509603","WEI.JIANG","Windows","0","Read","G:\Group_Windt132k\shared\REIT Team\Peachtree\Cadence Bank Transactions" 
"2026-07-10 19:00:00","WINDT142K3","68509604","WEI.JIANG","Windows","0","Read","G:\Group_Windt132k\shared\REIT Team\Peachtree\PCFIV" 
"2026-07-10 19:00:00","WINDT142K3","68509607","WEI.JIANG","Windows","0","Read","G:\Group_Windt132k\shared\REIT Team\Peachtree\PCFIV" 
"2026-07-10 19:00:00","WINDT142K3","68509609","WEI.JIANG","Windows","0","Read","G:\Group_Windt132k\shared\REIT Team\Peachtree\Non Fund (NF) - Loans in PDOF" 
"2026-07-10 19:00:00","WINDT142K3","68509611","WEI.JIANG","Windows","0","Read","G:\Group_Windt132k\shared\REIT Team\Peachtree\Non Fund (NF) - Loans in PDOF" 
"2026-07-10 19:00:00","WINDT142K3","68509612","WEI.JIANG","Windows","0","Read","G:\Group_Windt132k\shared\REIT Team\Peachtree\PSOF\Billing Statement" 
"2026-07-10 19:00:00","WINDT142K3","68509613","WEI.JIANG","Windows","0","Read","G:\Group_Windt132k\shared\REIT Team\Peachtree\PSOF\Billing Statement" 
"2026-07-10 19:00:00","WINDT142K3","68509614","WEI.JIANG","Windows","0","Read","G:\Group_Windt132k\shared\REIT Team\Peachtree\PSOF" 
"2026-07-10 19:00:00","WINDT142K3","68509615","WEI.JIANG","Windows","0","Read","G:\Group_Windt132k\shared\REIT Team\Peachtree\PSOF" 
"2026-07-10 19:00:00","WINDT142K3","68509616","WEI.JIANG","Windows","0","Read","G:\Group_Windt132k\shared\REIT Team\Peachtree\PDOF\Billing Statements" 
"2026-07-10 19:00:00","WINDT142K3","68509617","WEI.JIANG","Windows","0","Read","G:\Group_Windt132k\shared\REIT Team\Peachtree\PDOF\Billing Statements" 
"2026-07-10 19:00:00","WINDT142K3","68509618","WEI.JIANG","Windows","0","Read","G:\Group_Windt132k\shared\REIT Team\Peachtree\PDOF" 
"2026-07-10 19:00:00","WINDT142K3","68509619","WEI.JIANG","Windows","0","Read","G:\Group_Windt132k\shared\REIT Team\Peachtree\PDOF" 
"2026-07-10 19:00:00","WINDT142K3","68509620","WEI.JIANG","Windows","0","Read","G:\Group_Windt132k\shared\REIT Team\Peachtree\FUND III" 
"2026-07-10 19:00:00","WINDT142K3","68509623","WEI.JIANG","Windows","0","Read","G:\Group_Windt132k\shared\REIT Team\Peachtree\FUND III" 
"2026-07-10 19:00:00","WINDT142K3","68509626","WEI.JIANG","Windows","0","Read","G:\Group_Windt132k\shared\REIT Team\Peachtree\FUND II" 
"2026-07-10 19:00:00","WINDT142K3","68509628","WEI.JIANG","Windows","0","Read","G:\Group_Windt132k\shared\REIT Team\Peachtree\FUND II" 
"2026-07-10 19:00:00","WINDT142K3","68509630","WEI.JIANG","Windows","0","Read","G:\Group_Windt132k\shared\REIT Team\Peachtree" 
"2026-07-10 19:00:00","WINDT142K3","68509632","WEI.JIANG","Windows","0","Read","G:\Group_Windt132k\shared\REIT Team\Peachtree" 
"2026-07-10 19:00:00","WINDT142K3","68509633","WEI.JIANG","Windows","0","Read","G:\Group_Windt132k\shared\REIT Team\Rompsen\WF Transactions" 
"2026-07-10 19:00:00","WINDT142K3","68509635","WEI.JIANG","Windows","0","Read","G:\Group_Windt132k\shared\REIT Team\Rompsen\WF Transactions" 
"2026-07-10 19:00:00","WINDT142K3","68509637","WEI.JIANG","Windows","0","Read","G:\Group_Windt132k\shared\REIT Team\Rompsen\Loan expense to be reimbursed by borrower" 
"2026-07-10 19:00:00","WINDT142K3","68509638","WEI.JIANG","Windows","0","Read","G:\Group_Windt132k\shared\REIT Team\Rompsen\Loan expense to be reimbursed by borrower" 
"2026-07-10 19:00:00","WINDT142K3","68509640","WEI.JIANG","Windows","0","Read","G:\Group_Windt132k\shared\REIT Team\Rompsen\Mortgage Statement" 
"2026-07-10 19:00:00","WINDT142K3","68509965","RKUMAR3","Windows","0","Write + Read","G:\Group_Windt132k\Shared\ANICO\Derivatives CLewis\6.30.2026\ANICO Options Daily Processing Procedures June 2026.xlsx" 
"2026-07-10 19:00:00","WINDT142K3","68509968","RKUMAR3","Windows","0","Write + Read","G:\Group_Windt132k\Shared\ANICO\Derivatives CLewis\6.30.2026\~$ANICO Options Daily Processing Procedures June 2026.xlsx" 
"2026-07-10 19:00:00","WINDT142K3","68510590","RFREYTAG","Windows","0","Write + Read","G:\Group_Windt132k\Shared\RLI Conversion\06 June 2026\Recon\Prelim Quantity check 6.30.26_latest.xlsx" 
"2026-07-10 19:00:00","WINDT142K3","68510594","RFREYTAG","Windows","0","Write + Read","G:\Group_Windt132k\Shared\RLI Conversion\06 June 2026\Recon\~$Prelim Quantity check 6.30.26_latest.xlsx" 
"2026-07-10 19:00:00","WINDT142K3","68512273","TFEBLES","Windows","0","Read","G:\Group_Windt132k\Shared\REIT Team\Rompsen\Insurance" 
"2026-07-10 19:00:00","WINDT142K3","68512274","TFEBLES","Windows","0","Read","G:\Group_Windt132k\Shared\REIT Team\Rompsen\Insurance" 
"2026-07-10 19:00:00","WINDT142K3","68514194","TFEBLES","Windows","0","Read","G:\Group_Windt132k\Shared\REIT Team\Rompsen\Loans\8913 - 10073 Urban Capital Partners LLC\Payoff\2025\12.18.2025" 
"2026-07-10 19:00:00","WINDT142K3","68514196","TFEBLES","Windows","0","Read","G:\Group_Windt132k\Shared\REIT Team\Rompsen\Loans\8913 - 10073 Urban Capital Partners LLC\Payoff\2025\12.18.2025" 
"2026-07-10 19:00:00","WINDT142K3","68514200","TFEBLES","Windows","0","Read","G:\Group_Windt132k\Shared\REIT Team\Rompsen\Loans\8706 - 10029 Rufo Properties Portfolio 12.28.2018\Payoff\06.30.2026" 
"2026-07-10 19:00:00","WINDT142K3","68514201","TFEBLES","Windows","0","Read","G:\Group_Windt132k\Shared\REIT Team\Rompsen\Loans\8706 - 10029 Rufo Properties Portfolio 12.28.2018\Payoff\06.30.2026" 
"2026-07-10 19:00:00","WINDT142K3","68514202","TFEBLES","Windows","0","Read","G:\Group_Windt132k\Shared\REIT Team\Rompsen\Loans\8913 - 10073 Urban Capital Partners LLC\Forbearance\Forbearance Effective 2.02.2026" 
"2026-07-10 19:00:00","WINDT142K3","68514203","TFEBLES","Windows","0","Read","G:\Group_Windt132k\Shared\REIT Team\Rompsen\Loans\8913 - 10073 Urban Capital Partners LLC\Forbearance\Forbearance Effective 2.02.2026" 
"2026-07-10 20:00:00",INFO: The system global flag 'maintain objects list' needs 
"2026-07-10 20:00:00",      to be enabled to see local opened files. 
"2026-07-10 20:00:00",      See Openfiles /? for more information. 
"2026-07-10 20:00:00",Files opened remotely via local share points: 
"2026-07-10 20:00:00",--------------------------------------------- 
"2026-07-10 20:00:00","Hostname","ID","Accessed By","Type","#Locks","Open Mode","Open File (Path\executable)" 
"2026-07-10 20:00:00","WINDT142K3","6","N/A","Windows","0","Write + Read","\PIPE\EVENTLOG" 
"2026-07-10 20:00:00","WINDT142K3","68483686","TFEBLES","Windows","0","Read","G:\Group_Windt132k\Shared\REIT Team\Rompsen\Loans\8913 - 10073 Urban Capital Partners LLC\Forbearance\Forbearance Effective 2.02.2026\03.20.26 (Fully Executed) Final Modification to Forbearance Agreement (Romspen - Urban Capital - Veasey).pdf" 
"2026-07-10 20:00:00","WINDT142K3","68484066","TFEBLES","Windows","0","Read","G:\Group_Windt132k\Shared\REIT Team\Rompsen\Loans\8913 - 10073 Urban Capital Partners LLC\Payoff\02.02.2026\Romspen_Loan statement_Urban Capital Partners ,LLC 02.02.2026.pdf" 
"2026-07-10 20:00:00","WINDT142K3","68484135","TFEBLES","Windows","0","Read","G:\Group_Windt132k\Shared\REIT Team\Rompsen\Loans\8913 - 10073 Urban Capital Partners LLC\Forbearance\Veasey - Urban Capital - Forbearance Agreement (fully executed).pdf" 
"2026-07-10 20:00:00","WINDT142K3","68486809","TFEBLES","Windows","0","Read","G:\Group_Windt132k\Shared\REIT Team\Rompsen\Loans\8913 - 10073 Urban Capital Partners LLC\Payoff\2025\09.04.2025\Romspen_Loan statement_Urban Capital Partners ,LLC 09.04.2025.pdf" 
"2026-07-10 20:00:00","WINDT142K3","68497922","TFEBLES","Windows","0","Read","G:\Group_Windt132k\Shared\REIT Team\Rompsen\Loans\8913 - 10073 Urban Capital Partners LLC\Payoff\07.08.2026" 
"2026-07-10 20:00:00","WINDT142K3","68497925","TFEBLES","Windows","0","Read","G:\Group_Windt132k\Shared\REIT Team\Rompsen\Loans\8913 - 10073 Urban Capital Partners LLC\Payoff\07.08.2026" 
"2026-07-10 20:00:00","WINDT142K3","68497928","TFEBLES","Windows","0","Read","G:\Group_Windt132k\Shared\REIT Team\Rompsen\Monthly Report\07.31.2026" 
"2026-07-10 20:00:00","WINDT142K3","68497931","TFEBLES","Windows","0","Read","G:\Group_Windt132k\Shared\REIT Team\Rompsen\Monthly Report\07.31.2026" 
"2026-07-10 20:00:00","WINDT142K3","68509965","RKUMAR3","Windows","0","Write + Read","G:\Group_Windt132k\Shared\ANICO\Derivatives CLewis\6.30.2026\ANICO Options Daily Processing Procedures June 2026.xlsx" 
"2026-07-10 20:00:00","WINDT142K3","68509968","RKUMAR3","Windows","0","Write + Read","G:\Group_Windt132k\Shared\ANICO\Derivatives CLewis\6.30.2026\~$ANICO Options Daily Processing Procedures June 2026.xlsx" 
"2026-07-10 20:00:00","WINDT142K3","68510590","RFREYTAG","Windows","0","Write + Read","G:\Group_Windt132k\Shared\RLI Conversion\06 June 2026\Recon\Prelim Quantity check 6.30.26_latest.xlsx" 
"2026-07-10 20:00:00","WINDT142K3","68510594","RFREYTAG","Windows","0","Write + Read","G:\Group_Windt132k\Shared\RLI Conversion\06 June 2026\Recon\~$Prelim Quantity check 6.30.26_latest.xlsx" 
"2026-07-10 20:00:00","WINDT142K3","68512273","TFEBLES","Windows","0","Read","G:\Group_Windt132k\Shared\REIT Team\Rompsen\Insurance" 
"2026-07-10 20:00:00","WINDT142K3","68512274","TFEBLES","Windows","0","Read","G:\Group_Windt132k\Shared\REIT Team\Rompsen\Insurance" 
"2026-07-10 20:00:00","WINDT142K3","68514194","TFEBLES","Windows","0","Read","G:\Group_Windt132k\Shared\REIT Team\Rompsen\Loans\8913 - 10073 Urban Capital Partners LLC\Payoff\2025\12.18.2025" 
"2026-07-10 20:00:00","WINDT142K3","68514196","TFEBLES","Windows","0","Read","G:\Group_Windt132k\Shared\REIT Team\Rompsen\Loans\8913 - 10073 Urban Capital Partners LLC\Payoff\2025\12.18.2025" 
"2026-07-10 20:00:00","WINDT142K3","68514200","TFEBLES","Windows","0","Read","G:\Group_Windt132k\Shared\REIT Team\Rompsen\Loans\8706 - 10029 Rufo Properties Portfolio 12.28.2018\Payoff\06.30.2026" 
"2026-07-10 20:00:00","WINDT142K3","68514201","TFEBLES","Windows","0","Read","G:\Group_Windt132k\Shared\REIT Team\Rompsen\Loans\8706 - 10029 Rufo Properties Portfolio 12.28.2018\Payoff\06.30.2026" 
"2026-07-10 20:00:00","WINDT142K3","68514202","TFEBLES","Windows","0","Read","G:\Group_Windt132k\Shared\REIT Team\Rompsen\Loans\8913 - 10073 Urban Capital Partners LLC\Forbearance\Forbearance Effective 2.02.2026" 
"2026-07-10 20:00:00","WINDT142K3","68514203","TFEBLES","Windows","0","Read","G:\Group_Windt132k\Shared\REIT Team\Rompsen\Loans\8913 - 10073 Urban Capital Partners LLC\Forbearance\Forbearance Effective 2.02.2026" 
"2026-07-10 20:00:00","WINDT142K3","68514789","WEI.JIANG","Windows","0","Read","G:\Group_Windt132k\shared\REIT Team\Rompsen\Loans\8913 - 10073 Urban Capital Partners LLC\Payoff\02.02.2026" 
"2026-07-10 20:00:00","WINDT142K3","68514790","WEI.JIANG","Windows","0","Read","G:\Group_Windt132k\shared\REIT Team\Rompsen\Loans\8913 - 10073 Urban Capital Partners LLC\Payoff\02.02.2026" 
"2026-07-10 20:00:00","WINDT142K3","68514791","WEI.JIANG","Windows","0","Read","G:\Group_Windt132k\shared\REIT Team\Rompsen\Loans\8913 - 10073 Urban Capital Partners LLC\Payoff" 
"2026-07-10 20:00:00","WINDT142K3","68514792","WEI.JIANG","Windows","0","Read","G:\Group_Windt132k\shared\REIT Team\Rompsen\Loans\8913 - 10073 Urban Capital Partners LLC\Payoff" 
"2026-07-10 20:00:00","WINDT142K3","68514793","WEI.JIANG","Windows","0","Read","G:\Group_Windt132k\shared\REIT Team\Rompsen\Loans" 
"2026-07-10 20:00:00","WINDT142K3","68514794","WEI.JIANG","Windows","0","Read","G:\Group_Windt132k\shared\REIT Team\Rompsen\Loans" 
"2026-07-10 20:00:00","WINDT142K3","68514795","WEI.JIANG","Windows","0","Read","G:\Group_Windt132k\shared\REIT Team\Rompsen" 
"2026-07-10 20:00:00","WINDT142K3","68514796","WEI.JIANG","Windows","0","Read","G:\Group_Windt132k\shared\REIT Team\Rompsen" 
"2026-07-10 20:00:00","WINDT142K3","68514797","WEI.JIANG","Windows","0","Read","G:\Group_Windt132k\shared\REIT Team\Romspen CAD Shadow" 
"2026-07-10 20:00:00","WINDT142K3","68514798","WEI.JIANG","Windows","0","Read","G:\Group_Windt132k\shared\REIT Team\Romspen CAD Shadow" 
"2026-07-10 20:00:00","WINDT142K3","68514799","WEI.JIANG","Windows","0","Read","G:\Group_Windt132k\shared\REIT Team" 
"2026-07-10 20:00:00","WINDT142K3","68514800","WEI.JIANG","Windows","0","Read","G:\Group_Windt132k\shared\REIT Team" 
"2026-07-10 20:00:00","WINDT142K3","68514801","WEI.JIANG","Windows","0","Read","G:\Group_Windt132k\shared\REIT Team\Post Road" 
"2026-07-10 20:00:00","WINDT142K3","68514802","WEI.JIANG","Windows","0","Read","G:\Group_Windt132k\shared\REIT Team\Post Road" 
"2026-07-10 20:00:00","WINDT142K3","68514803","WEI.JIANG","Windows","0","Read","G:\Group_Windt132k\shared\REIT Team\Valley National Bank\Syndication Loan" 
"2026-07-10 20:00:00","WINDT142K3","68514804","WEI.JIANG","Windows","0","Read","G:\Group_Windt132k\shared\REIT Team\Valley National Bank\Syndication Loan" 
"2026-07-10 20:00:00","WINDT142K3","68514805","WEI.JIANG","Windows","0","Read","G:\Group_Windt132k\shared\REIT Team\Valley National Bank\Synd Bought Loan" 
"2026-07-10 20:00:00","WINDT142K3","68514806","WEI.JIANG","Windows","0","Read","G:\Group_Windt132k\shared\REIT Team\Valley National Bank\Synd Bought Loan" 
"2026-07-10 20:00:00","WINDT142K3","68514807","WEI.JIANG","Windows","0","Read","G:\Group_Windt132k\shared\REIT Team\Valley National Bank\Participation Sold Loan" 
"2026-07-10 20:00:00","WINDT142K3","68514808","WEI.JIANG","Windows","0","Read","G:\Group_Windt132k\shared\REIT Team\Valley National Bank\Participation Sold Loan" 
"2026-07-10 20:00:00","WINDT142K3","68514809","WEI.JIANG","Windows","0","Read","G:\Group_Windt132k\shared\REIT Team\Valley National Bank" 
"2026-07-10 20:00:00","WINDT142K3","68514810","WEI.JIANG","Windows","0","Read","G:\Group_Windt132k\shared\REIT Team\Valley National Bank" 
"2026-07-10 20:00:00","WINDT142K3","68514811","WEI.JIANG","Windows","0","Read","G:\Group_Windt132k\shared\REIT Team\Peachtree\Cadence Bank Transactions" 
"2026-07-10 20:00:00","WINDT142K3","68514812","WEI.JIANG","Windows","0","Read","G:\Group_Windt132k\shared\REIT Team\Peachtree\Cadence Bank Transactions" 
"2026-07-10 20:00:00","WINDT142K3","68514813","WEI.JIANG","Windows","0","Read","G:\Group_Windt132k\shared\REIT Team\Peachtree\PCFIV" 
"2026-07-10 20:00:00","WINDT142K3","68514814","WEI.JIANG","Windows","0","Read","G:\Group_Windt132k\shared\REIT Team\Peachtree\PCFIV" 
"2026-07-10 20:00:00","WINDT142K3","68514815","WEI.JIANG","Windows","0","Read","G:\Group_Windt132k\shared\REIT Team\Peachtree\Non Fund (NF) - Loans in PDOF" 
"2026-07-10 20:00:00","WINDT142K3","68514816","WEI.JIANG","Windows","0","Read","G:\Group_Windt132k\shared\REIT Team\Peachtree\Non Fund (NF) - Loans in PDOF" 
"2026-07-10 20:00:00","WINDT142K3","68514817","WEI.JIANG","Windows","0","Read","G:\Group_Windt132k\shared\REIT Team\Peachtree\PSOF\Billing Statement" 
"2026-07-10 20:00:00","WINDT142K3","68514818","WEI.JIANG","Windows","0","Read","G:\Group_Windt132k\shared\REIT Team\Peachtree\PSOF\Billing Statement" 
"2026-07-10 20:00:00","WINDT142K3","68514819","WEI.JIANG","Windows","0","Read","G:\Group_Windt132k\shared\REIT Team\Peachtree\PSOF" 
"2026-07-10 20:00:00","WINDT142K3","68514820","WEI.JIANG","Windows","0","Read","G:\Group_Windt132k\shared\REIT Team\Peachtree\PSOF" 
"2026-07-10 20:00:00","WINDT142K3","68514821","WEI.JIANG","Windows","0","Read","G:\Group_Windt132k\shared\REIT Team\Peachtree\PDOF\Billing Statements" 
"2026-07-10 20:00:00","WINDT142K3","68514822","WEI.JIANG","Windows","0","Read","G:\Group_Windt132k\shared\REIT Team\Peachtree\PDOF\Billing Statements" 
"2026-07-10 20:00:00","WINDT142K3","68514823","WEI.JIANG","Windows","0","Read","G:\Group_Windt132k\shared\REIT Team\Peachtree\PDOF" 
"2026-07-10 20:00:00","WINDT142K3","68514824","WEI.JIANG","Windows","0","Read","G:\Group_Windt132k\shared\REIT Team\Peachtree\PDOF" 
"2026-07-10 20:00:00","WINDT142K3","68514825","WEI.JIANG","Windows","0","Read","G:\Group_Windt132k\shared\REIT Team\Peachtree\FUND III" 
"2026-07-10 20:00:00","WINDT142K3","68514826","WEI.JIANG","Windows","0","Read","G:\Group_Windt132k\shared\REIT Team\Peachtree\FUND III" 
"2026-07-10 20:00:00","WINDT142K3","68514827","WEI.JIANG","Windows","0","Read","G:\Group_Windt132k\shared\REIT Team\Peachtree\FUND II" 
"2026-07-10 20:00:00","WINDT142K3","68514828","WEI.JIANG","Windows","0","Read","G:\Group_Windt132k\shared\REIT Team\Peachtree\FUND II" 
"2026-07-10 20:00:00","WINDT142K3","68514829","WEI.JIANG","Windows","0","Read","G:\Group_Windt132k\shared\REIT Team\Peachtree" 
"2026-07-10 20:00:00","WINDT142K3","68514830","WEI.JIANG","Windows","0","Read","G:\Group_Windt132k\shared\REIT Team\Peachtree" 
"2026-07-10 20:00:00","WINDT142K3","68514831","WEI.JIANG","Windows","0","Read","G:\Group_Windt132k\shared\REIT Team\Rompsen\WF Transactions" 
"2026-07-10 20:00:00","WINDT142K3","68514832","WEI.JIANG","Windows","0","Read","G:\Group_Windt132k\shared\REIT Team\Rompsen\WF Transactions" 
"2026-07-10 20:00:00","WINDT142K3","68514833","WEI.JIANG","Windows","0","Read","G:\Group_Windt132k\shared\REIT Team\Rompsen\Loan expense to be reimbursed by borrower" 
"2026-07-10 20:00:00","WINDT142K3","68514834","WEI.JIANG","Windows","0","Read","G:\Group_Windt132k\shared\REIT Team\Rompsen\Loan expense to be reimbursed by borrower" 
"2026-07-10 20:00:00","WINDT142K3","68514835","WEI.JIANG","Windows","0","Read","G:\Group_Windt132k\shared\REIT Team\Rompsen\Mortgage Statement" 
"2026-07-10 21:00:00",INFO: The system global flag 'maintain objects list' needs 
"2026-07-10 21:00:00",      to be enabled to see local opened files. 
"2026-07-10 21:00:00",      See Openfiles /? for more information. 
"2026-07-10 21:00:00",Files opened remotely via local share points: 
"2026-07-10 21:00:00",--------------------------------------------- 
"2026-07-10 21:00:00","Hostname","ID","Accessed By","Type","#Locks","Open Mode","Open File (Path\executable)" 
"2026-07-10 21:00:00","WINDT142K3","6","N/A","Windows","0","Write + Read","\PIPE\EVENTLOG" 
"2026-07-10 21:00:00","WINDT142K3","68509965","RKUMAR3","Windows","0","Write + Read","G:\Group_Windt132k\Shared\ANICO\Derivatives CLewis\6.30.2026\ANICO Options Daily Processing Procedures June 2026.xlsx" 
"2026-07-10 21:00:00","WINDT142K3","68509968","RKUMAR3","Windows","0","Write + Read","G:\Group_Windt132k\Shared\ANICO\Derivatives CLewis\6.30.2026\~$ANICO Options Daily Processing Procedures June 2026.xlsx" 
"2026-07-10 21:00:00","WINDT142K3","68510590","RFREYTAG","Windows","0","Write + Read","G:\Group_Windt132k\Shared\RLI Conversion\06 June 2026\Recon\Prelim Quantity check 6.30.26_latest.xlsx" 
"2026-07-10 21:00:00","WINDT142K3","68510594","RFREYTAG","Windows","0","Write + Read","G:\Group_Windt132k\Shared\RLI Conversion\06 June 2026\Recon\~$Prelim Quantity check 6.30.26_latest.xlsx" 
"2026-07-10 21:00:00","WINDT142K3","68514789","WEI.JIANG","Windows","0","Read","G:\Group_Windt132k\shared\REIT Team\Rompsen\Loans\8913 - 10073 Urban Capital Partners LLC\Payoff\02.02.2026" 
"2026-07-10 21:00:00","WINDT142K3","68514790","WEI.JIANG","Windows","0","Read","G:\Group_Windt132k\shared\REIT Team\Rompsen\Loans\8913 - 10073 Urban Capital Partners LLC\Payoff\02.02.2026" 
"2026-07-10 21:00:00","WINDT142K3","68514791","WEI.JIANG","Windows","0","Read","G:\Group_Windt132k\shared\REIT Team\Rompsen\Loans\8913 - 10073 Urban Capital Partners LLC\Payoff" 
"2026-07-10 21:00:00","WINDT142K3","68514792","WEI.JIANG","Windows","0","Read","G:\Group_Windt132k\shared\REIT Team\Rompsen\Loans\8913 - 10073 Urban Capital Partners LLC\Payoff" 
"2026-07-10 21:00:00","WINDT142K3","68514793","WEI.JIANG","Windows","0","Read","G:\Group_Windt132k\shared\REIT Team\Rompsen\Loans" 
"2026-07-10 21:00:00","WINDT142K3","68514794","WEI.JIANG","Windows","0","Read","G:\Group_Windt132k\shared\REIT Team\Rompsen\Loans" 
"2026-07-10 21:00:00","WINDT142K3","68514795","WEI.JIANG","Windows","0","Read","G:\Group_Windt132k\shared\REIT Team\Rompsen" 
"2026-07-10 21:00:00","WINDT142K3","68514796","WEI.JIANG","Windows","0","Read","G:\Group_Windt132k\shared\REIT Team\Rompsen" 
"2026-07-10 21:00:00","WINDT142K3","68514797","WEI.JIANG","Windows","0","Read","G:\Group_Windt132k\shared\REIT Team\Romspen CAD Shadow" 
"2026-07-10 21:00:00","WINDT142K3","68514798","WEI.JIANG","Windows","0","Read","G:\Group_Windt132k\shared\REIT Team\Romspen CAD Shadow" 
"2026-07-10 21:00:00","WINDT142K3","68514799","WEI.JIANG","Windows","0","Read","G:\Group_Windt132k\shared\REIT Team" 
"2026-07-10 21:00:00","WINDT142K3","68514800","WEI.JIANG","Windows","0","Read","G:\Group_Windt132k\shared\REIT Team" 
"2026-07-10 21:00:00","WINDT142K3","68514801","WEI.JIANG","Windows","0","Read","G:\Group_Windt132k\shared\REIT Team\Post Road" 
"2026-07-10 21:00:00","WINDT142K3","68514802","WEI.JIANG","Windows","0","Read","G:\Group_Windt132k\shared\REIT Team\Post Road" 
"2026-07-10 21:00:00","WINDT142K3","68514803","WEI.JIANG","Windows","0","Read","G:\Group_Windt132k\shared\REIT Team\Valley National Bank\Syndication Loan" 
"2026-07-10 21:00:00","WINDT142K3","68514804","WEI.JIANG","Windows","0","Read","G:\Group_Windt132k\shared\REIT Team\Valley National Bank\Syndication Loan" 
"2026-07-10 21:00:00","WINDT142K3","68514805","WEI.JIANG","Windows","0","Read","G:\Group_Windt132k\shared\REIT Team\Valley National Bank\Synd Bought Loan" 
"2026-07-10 21:00:00","WINDT142K3","68514806","WEI.JIANG","Windows","0","Read","G:\Group_Windt132k\shared\REIT Team\Valley National Bank\Synd Bought Loan" 
"2026-07-10 21:00:00","WINDT142K3","68514807","WEI.JIANG","Windows","0","Read","G:\Group_Windt132k\shared\REIT Team\Valley National Bank\Participation Sold Loan" 
"2026-07-10 21:00:00","WINDT142K3","68514808","WEI.JIANG","Windows","0","Read","G:\Group_Windt132k\shared\REIT Team\Valley National Bank\Participation Sold Loan" 
"2026-07-10 21:00:00","WINDT142K3","68514809","WEI.JIANG","Windows","0","Read","G:\Group_Windt132k\shared\REIT Team\Valley National Bank" 
"2026-07-10 21:00:00","WINDT142K3","68514810","WEI.JIANG","Windows","0","Read","G:\Group_Windt132k\shared\REIT Team\Valley National Bank" 
"2026-07-10 21:00:00","WINDT142K3","68514811","WEI.JIANG","Windows","0","Read","G:\Group_Windt132k\shared\REIT Team\Peachtree\Cadence Bank Transactions" 
"2026-07-10 21:00:00","WINDT142K3","68514812","WEI.JIANG","Windows","0","Read","G:\Group_Windt132k\shared\REIT Team\Peachtree\Cadence Bank Transactions" 
"2026-07-10 21:00:00","WINDT142K3","68514813","WEI.JIANG","Windows","0","Read","G:\Group_Windt132k\shared\REIT Team\Peachtree\PCFIV" 
"2026-07-10 21:00:00","WINDT142K3","68514814","WEI.JIANG","Windows","0","Read","G:\Group_Windt132k\shared\REIT Team\Peachtree\PCFIV" 
"2026-07-10 21:00:00","WINDT142K3","68514815","WEI.JIANG","Windows","0","Read","G:\Group_Windt132k\shared\REIT Team\Peachtree\Non Fund (NF) - Loans in PDOF" 
"2026-07-10 21:00:00","WINDT142K3","68514816","WEI.JIANG","Windows","0","Read","G:\Group_Windt132k\shared\REIT Team\Peachtree\Non Fund (NF) - Loans in PDOF" 
"2026-07-10 21:00:00","WINDT142K3","68514817","WEI.JIANG","Windows","0","Read","G:\Group_Windt132k\shared\REIT Team\Peachtree\PSOF\Billing Statement" 
"2026-07-10 21:00:00","WINDT142K3","68514818","WEI.JIANG","Windows","0","Read","G:\Group_Windt132k\shared\REIT Team\Peachtree\PSOF\Billing Statement" 
"2026-07-10 21:00:00","WINDT142K3","68514819","WEI.JIANG","Windows","0","Read","G:\Group_Windt132k\shared\REIT Team\Peachtree\PSOF" 
"2026-07-10 21:00:00","WINDT142K3","68514820","WEI.JIANG","Windows","0","Read","G:\Group_Windt132k\shared\REIT Team\Peachtree\PSOF" 
"2026-07-10 21:00:00","WINDT142K3","68514821","WEI.JIANG","Windows","0","Read","G:\Group_Windt132k\shared\REIT Team\Peachtree\PDOF\Billing Statements" 
"2026-07-10 21:00:00","WINDT142K3","68514822","WEI.JIANG","Windows","0","Read","G:\Group_Windt132k\shared\REIT Team\Peachtree\PDOF\Billing Statements" 
"2026-07-10 21:00:00","WINDT142K3","68514823","WEI.JIANG","Windows","0","Read","G:\Group_Windt132k\shared\REIT Team\Peachtree\PDOF" 
"2026-07-10 21:00:00","WINDT142K3","68514824","WEI.JIANG","Windows","0","Read","G:\Group_Windt132k\shared\REIT Team\Peachtree\PDOF" 
"2026-07-10 21:00:00","WINDT142K3","68514825","WEI.JIANG","Windows","0","Read","G:\Group_Windt132k\shared\REIT Team\Peachtree\FUND III" 
"2026-07-10 21:00:00","WINDT142K3","68514826","WEI.JIANG","Windows","0","Read","G:\Group_Windt132k\shared\REIT Team\Peachtree\FUND III" 
"2026-07-10 21:00:00","WINDT142K3","68514827","WEI.JIANG","Windows","0","Read","G:\Group_Windt132k\shared\REIT Team\Peachtree\FUND II" 
"2026-07-10 21:00:00","WINDT142K3","68514828","WEI.JIANG","Windows","0","Read","G:\Group_Windt132k\shared\REIT Team\Peachtree\FUND II" 
"2026-07-10 21:00:00","WINDT142K3","68514829","WEI.JIANG","Windows","0","Read","G:\Group_Windt132k\shared\REIT Team\Peachtree" 
"2026-07-10 21:00:00","WINDT142K3","68514830","WEI.JIANG","Windows","0","Read","G:\Group_Windt132k\shared\REIT Team\Peachtree" 
"2026-07-10 21:00:00","WINDT142K3","68514831","WEI.JIANG","Windows","0","Read","G:\Group_Windt132k\shared\REIT Team\Rompsen\WF Transactions" 
"2026-07-10 21:00:00","WINDT142K3","68514832","WEI.JIANG","Windows","0","Read","G:\Group_Windt132k\shared\REIT Team\Rompsen\WF Transactions" 
"2026-07-10 21:00:00","WINDT142K3","68514833","WEI.JIANG","Windows","0","Read","G:\Group_Windt132k\shared\REIT Team\Rompsen\Loan expense to be reimbursed by borrower" 
"2026-07-10 21:00:00","WINDT142K3","68514834","WEI.JIANG","Windows","0","Read","G:\Group_Windt132k\shared\REIT Team\Rompsen\Loan expense to be reimbursed by borrower" 
"2026-07-10 21:00:00","WINDT142K3","68514835","WEI.JIANG","Windows","0","Read","G:\Group_Windt132k\shared\REIT Team\Rompsen\Mortgage Statement" 
"2026-07-10 22:00:00",INFO: The system global flag 'maintain objects list' needs 
"2026-07-10 22:00:00",      to be enabled to see local opened files. 
"2026-07-10 22:00:00",      See Openfiles /? for more information. 
"2026-07-10 22:00:00",Files opened remotely via local share points: 
"2026-07-10 22:00:00",--------------------------------------------- 
"2026-07-10 22:00:00","Hostname","ID","Accessed By","Type","#Locks","Open Mode","Open File (Path\executable)" 
"2026-07-10 22:00:00","WINDT142K3","6","N/A","Windows","0","Write + Read","\PIPE\EVENTLOG" 
"2026-07-10 22:00:00","WINDT142K3","68509965","RKUMAR3","Windows","0","Write + Read","G:\Group_Windt132k\Shared\ANICO\Derivatives CLewis\6.30.2026\ANICO Options Daily Processing Procedures June 2026.xlsx" 
"2026-07-10 22:00:00","WINDT142K3","68509968","RKUMAR3","Windows","0","Write + Read","G:\Group_Windt132k\Shared\ANICO\Derivatives CLewis\6.30.2026\~$ANICO Options Daily Processing Procedures June 2026.xlsx" 
"2026-07-10 23:00:00",INFO: The system global flag 'maintain objects list' needs 
"2026-07-10 23:00:00",      to be enabled to see local opened files. 
"2026-07-10 23:00:00",      See Openfiles /? for more information. 
"2026-07-10 23:00:00",Files opened remotely via local share points: 
"2026-07-10 23:00:00",--------------------------------------------- 
"2026-07-10 23:00:00","Hostname","ID","Accessed By","Type","#Locks","Open Mode","Open File (Path\executable)" 
"2026-07-10 23:00:00","WINDT142K3","6","N/A","Windows","0","Write + Read","\PIPE\EVENTLOG" 
"2026-07-10 23:00:00","WINDT142K3","68509965","RKUMAR3","Windows","0","Write + Read","G:\Group_Windt132k\Shared\ANICO\Derivatives CLewis\6.30.2026\ANICO Options Daily Processing Procedures June 2026.xlsx" 
"2026-07-10 23:00:00","WINDT142K3","68509968","RKUMAR3","Windows","0","Write + Read","G:\Group_Windt132k\Shared\ANICO\Derivatives CLewis\6.30.2026\~$ANICO Options Daily Processing Procedures June 2026.xlsx" 
"2026-07-11 00:00:00",INFO: The system global flag 'maintain objects list' needs 
"2026-07-11 00:00:00",      to be enabled to see local opened files. 
"2026-07-11 00:00:00",      See Openfiles /? for more information. 
"2026-07-11 00:00:00",Files opened remotely via local share points: 
"2026-07-11 00:00:00",--------------------------------------------- 
"2026-07-11 00:00:00","Hostname","ID","Accessed By","Type","#Locks","Open Mode","Open File (Path\executable)" 
"2026-07-11 00:00:00","WINDT142K3","6","N/A","Windows","0","Write + Read","\PIPE\EVENTLOG" 
"2026-07-11 00:00:00","WINDT142K3","68509965","RKUMAR3","Windows","0","Write + Read","G:\Group_Windt132k\Shared\ANICO\Derivatives CLewis\6.30.2026\ANICO Options Daily Processing Procedures June 2026.xlsx" 
"2026-07-11 00:00:00","WINDT142K3","68509968","RKUMAR3","Windows","0","Write + Read","G:\Group_Windt132k\Shared\ANICO\Derivatives CLewis\6.30.2026\~$ANICO Options Daily Processing Procedures June 2026.xlsx" 
"2026-07-11 01:00:00",INFO: The system global flag 'maintain objects list' needs 
"2026-07-11 01:00:00",      to be enabled to see local opened files. 
"2026-07-11 01:00:00",      See Openfiles /? for more information. 
"2026-07-11 01:00:00",Files opened remotely via local share points: 
"2026-07-11 01:00:00",--------------------------------------------- 
"2026-07-11 01:00:00","Hostname","ID","Accessed By","Type","#Locks","Open Mode","Open File (Path\executable)" 
"2026-07-11 01:00:00","WINDT142K3","6","N/A","Windows","0","Write + Read","\PIPE\EVENTLOG" 
"2026-07-11 01:00:00","WINDT142K3","68509965","RKUMAR3","Windows","0","Write + Read","G:\Group_Windt132k\Shared\ANICO\Derivatives CLewis\6.30.2026\ANICO Options Daily Processing Procedures June 2026.xlsx" 
"2026-07-11 01:00:00","WINDT142K3","68509968","RKUMAR3","Windows","0","Write + Read","G:\Group_Windt132k\Shared\ANICO\Derivatives CLewis\6.30.2026\~$ANICO Options Daily Processing Procedures June 2026.xlsx" 
"2026-07-11 02:00:00",INFO: The system global flag 'maintain objects list' needs 
"2026-07-11 02:00:00",      to be enabled to see local opened files. 
"2026-07-11 02:00:00",      See Openfiles /? for more information. 
"2026-07-11 02:00:00",Files opened remotely via local share points: 
"2026-07-11 02:00:00",--------------------------------------------- 
"2026-07-11 02:00:00","Hostname","ID","Accessed By","Type","#Locks","Open Mode","Open File (Path\executable)" 
"2026-07-11 02:00:00","WINDT142K3","6","N/A","Windows","0","Write + Read","\PIPE\EVENTLOG" 
"2026-07-11 03:00:00",INFO: The system global flag 'maintain objects list' needs 
"2026-07-11 03:00:00",      to be enabled to see local opened files. 
"2026-07-11 03:00:00",      See Openfiles /? for more information. 
"2026-07-11 03:00:00",Files opened remotely via local share points: 
"2026-07-11 03:00:00",--------------------------------------------- 
"2026-07-11 03:00:00","Hostname","ID","Accessed By","Type","#Locks","Open Mode","Open File (Path\executable)" 
"2026-07-11 03:00:00","WINDT142K3","6","N/A","Windows","0","Write + Read","\PIPE\EVENTLOG" 
"2026-07-11 04:00:00",INFO: The system global flag 'maintain objects list' needs 
"2026-07-11 04:00:00",      to be enabled to see local opened files. 
"2026-07-11 04:00:00",      See Openfiles /? for more information. 
"2026-07-11 04:00:00",Files opened remotely via local share points: 
"2026-07-11 04:00:00",--------------------------------------------- 
"2026-07-11 04:00:00","Hostname","ID","Accessed By","Type","#Locks","Open Mode","Open File (Path\executable)" 
"2026-07-11 04:00:00","WINDT142K3","6","N/A","Windows","0","Write + Read","\PIPE\EVENTLOG" 
"2026-07-11 05:00:00",INFO: The system global flag 'maintain objects list' needs 
"2026-07-11 05:00:00",      to be enabled to see local opened files. 
"2026-07-11 05:00:00",      See Openfiles /? for more information. 
"2026-07-11 05:00:00",Files opened remotely via local share points: 
"2026-07-11 05:00:00",--------------------------------------------- 
"2026-07-11 05:00:00","Hostname","ID","Accessed By","Type","#Locks","Open Mode","Open File (Path\executable)" 
"2026-07-11 05:00:00","WINDT142K3","6","N/A","Windows","0","Write + Read","\PIPE\EVENTLOG" 
"2026-07-11 06:00:00",INFO: The system global flag 'maintain objects list' needs 
"2026-07-11 06:00:00",      to be enabled to see local opened files. 
"2026-07-11 06:00:00",      See Openfiles /? for more information. 
"2026-07-11 06:00:00",Files opened remotely via local share points: 
"2026-07-11 06:00:00",--------------------------------------------- 
"2026-07-11 06:00:00","Hostname","ID","Accessed By","Type","#Locks","Open Mode","Open File (Path\executable)" 
"2026-07-11 06:00:00","WINDT142K3","6","N/A","Windows","0","Write + Read","\PIPE\EVENTLOG" 
"2026-07-11 07:00:00",INFO: The system global flag 'maintain objects list' needs 
"2026-07-11 07:00:00",      to be enabled to see local opened files. 
"2026-07-11 07:00:00",      See Openfiles /? for more information. 
"2026-07-11 07:00:00",Files opened remotely via local share points: 
"2026-07-11 07:00:00",--------------------------------------------- 
"2026-07-11 07:00:00","Hostname","ID","Accessed By","Type","#Locks","Open Mode","Open File (Path\executable)" 
"2026-07-11 07:00:00","WINDT142K3","6","N/A","Windows","0","Write + Read","\PIPE\EVENTLOG" 
"2026-07-11 08:00:00",INFO: The system global flag 'maintain objects list' needs 
"2026-07-11 08:00:00",      to be enabled to see local opened files. 
"2026-07-11 08:00:00",      See Openfiles /? for more information. 
"2026-07-11 08:00:00",Files opened remotely via local share points: 
"2026-07-11 08:00:00",--------------------------------------------- 
"2026-07-11 08:00:00","Hostname","ID","Accessed By","Type","#Locks","Open Mode","Open File (Path\executable)" 
"2026-07-11 08:00:00","WINDT142K3","6","N/A","Windows","0","Write + Read","\PIPE\EVENTLOG" 
"2026-07-11 09:00:00",INFO: The system global flag 'maintain objects list' needs 
"2026-07-11 09:00:00",      to be enabled to see local opened files. 
"2026-07-11 09:00:00",      See Openfiles /? for more information. 
"2026-07-11 09:00:00",Files opened remotely via local share points: 
"2026-07-11 09:00:00",--------------------------------------------- 
"2026-07-11 09:00:00","Hostname","ID","Accessed By","Type","#Locks","Open Mode","Open File (Path\executable)" 
"2026-07-11 09:00:00","WINDT142K3","6","N/A","Windows","0","Write + Read","\PIPE\EVENTLOG" 
"2026-07-11 10:00:00",INFO: The system global flag 'maintain objects list' needs 
"2026-07-11 10:00:00",      to be enabled to see local opened files. 
"2026-07-11 10:00:00",      See Openfiles /? for more information. 
"2026-07-11 10:00:00",Files opened remotely via local share points: 
"2026-07-11 10:00:00",--------------------------------------------- 
"2026-07-11 10:00:00","Hostname","ID","Accessed By","Type","#Locks","Open Mode","Open File (Path\executable)" 
"2026-07-11 10:00:00","WINDT142K3","6","N/A","Windows","0","Write + Read","\PIPE\EVENTLOG" 
"2026-07-11 11:00:00",INFO: The system global flag 'maintain objects list' needs 
"2026-07-11 11:00:00",      to be enabled to see local opened files. 
"2026-07-11 11:00:00",      See Openfiles /? for more information. 
"2026-07-11 11:00:00",Files opened remotely via local share points: 
"2026-07-11 11:00:00",--------------------------------------------- 
"2026-07-11 11:00:00","Hostname","ID","Accessed By","Type","#Locks","Open Mode","Open File (Path\executable)" 
"2026-07-11 11:00:00","WINDT142K3","6","N/A","Windows","0","Write + Read","\PIPE\EVENTLOG" 
"2026-07-11 12:00:00",INFO: The system global flag 'maintain objects list' needs 
"2026-07-11 12:00:00",      to be enabled to see local opened files. 
"2026-07-11 12:00:00",      See Openfiles /? for more information. 
"2026-07-11 12:00:00",Files opened remotely via local share points: 
"2026-07-11 12:00:00",--------------------------------------------- 
"2026-07-11 12:00:00","Hostname","ID","Accessed By","Type","#Locks","Open Mode","Open File (Path\executable)" 
"2026-07-11 12:00:00","WINDT142K3","6","N/A","Windows","0","Write + Read","\PIPE\EVENTLOG" 
"2026-07-11 13:00:00",INFO: The system global flag 'maintain objects list' needs 
"2026-07-11 13:00:00",      to be enabled to see local opened files. 
"2026-07-11 13:00:00",      See Openfiles /? for more information. 
"2026-07-11 13:00:00",Files opened remotely via local share points: 
"2026-07-11 13:00:00",--------------------------------------------- 
"2026-07-11 13:00:00","Hostname","ID","Accessed By","Type","#Locks","Open Mode","Open File (Path\executable)" 
"2026-07-11 13:00:00","WINDT142K3","6","N/A","Windows","0","Write + Read","\PIPE\EVENTLOG" 
"2026-07-11 14:00:00",INFO: The system global flag 'maintain objects list' needs 
"2026-07-11 14:00:00",      to be enabled to see local opened files. 
"2026-07-11 14:00:00",      See Openfiles /? for more information. 
"2026-07-11 14:00:00",Files opened remotely via local share points: 
"2026-07-11 14:00:00",--------------------------------------------- 
"2026-07-11 14:00:00","Hostname","ID","Accessed By","Type","#Locks","Open Mode","Open File (Path\executable)" 
"2026-07-11 14:00:00","WINDT142K3","6","N/A","Windows","0","Write + Read","\PIPE\EVENTLOG" 
"2026-07-11 15:00:00",INFO: The system global flag 'maintain objects list' needs 
"2026-07-11 15:00:00",      to be enabled to see local opened files. 
"2026-07-11 15:00:00",      See Openfiles /? for more information. 
"2026-07-11 15:00:00",Files opened remotely via local share points: 
"2026-07-11 15:00:00",--------------------------------------------- 
"2026-07-11 15:00:00","Hostname","ID","Accessed By","Type","#Locks","Open Mode","Open File (Path\executable)" 
"2026-07-11 15:00:00","WINDT142K3","6","N/A","Windows","0","Write + Read","\PIPE\EVENTLOG" 
"2026-07-11 16:00:00",INFO: The system global flag 'maintain objects list' needs 
"2026-07-11 16:00:00",      to be enabled to see local opened files. 
"2026-07-11 16:00:00",      See Openfiles /? for more information. 
"2026-07-11 16:00:00",Files opened remotely via local share points: 
"2026-07-11 16:00:00",--------------------------------------------- 
"2026-07-11 16:00:00","Hostname","ID","Accessed By","Type","#Locks","Open Mode","Open File (Path\executable)" 
"2026-07-11 16:00:00","WINDT142K3","6","N/A","Windows","0","Write + Read","\PIPE\EVENTLOG" 
"2026-07-11 17:00:00",INFO: The system global flag 'maintain objects list' needs 
"2026-07-11 17:00:00",      to be enabled to see local opened files. 
"2026-07-11 17:00:00",      See Openfiles /? for more information. 
"2026-07-11 17:00:00",Files opened remotely via local share points: 
"2026-07-11 17:00:00",--------------------------------------------- 
"2026-07-11 17:00:00","Hostname","ID","Accessed By","Type","#Locks","Open Mode","Open File (Path\executable)" 
"2026-07-11 17:00:00","WINDT142K3","6","N/A","Windows","0","Write + Read","\PIPE\EVENTLOG" 
"2026-07-11 18:00:00",INFO: The system global flag 'maintain objects list' needs 
"2026-07-11 18:00:00",      to be enabled to see local opened files. 
"2026-07-11 18:00:00",      See Openfiles /? for more information. 
"2026-07-11 18:00:00",Files opened remotely via local share points: 
"2026-07-11 18:00:00",--------------------------------------------- 
"2026-07-11 18:00:00","Hostname","ID","Accessed By","Type","#Locks","Open Mode","Open File (Path\executable)" 
"2026-07-11 18:00:00","WINDT142K3","6","N/A","Windows","0","Write + Read","\PIPE\EVENTLOG" 
"2026-07-11 19:00:00",INFO: The system global flag 'maintain objects list' needs 
"2026-07-11 19:00:00",      to be enabled to see local opened files. 
"2026-07-11 19:00:00",      See Openfiles /? for more information. 
"2026-07-11 19:00:00",Files opened remotely via local share points: 
"2026-07-11 19:00:00",--------------------------------------------- 
"2026-07-11 19:00:00","Hostname","ID","Accessed By","Type","#Locks","Open Mode","Open File (Path\executable)" 
"2026-07-11 19:00:00","WINDT142K3","6","N/A","Windows","0","Write + Read","\PIPE\EVENTLOG" 
"2026-07-11 20:00:00",INFO: The system global flag 'maintain objects list' needs 
"2026-07-11 20:00:00",      to be enabled to see local opened files. 
"2026-07-11 20:00:00",      See Openfiles /? for more information. 
"2026-07-11 20:00:00",Files opened remotely via local share points: 
"2026-07-11 20:00:00",--------------------------------------------- 
"2026-07-11 20:00:00","Hostname","ID","Accessed By","Type","#Locks","Open Mode","Open File (Path\executable)" 
"2026-07-11 20:00:00","WINDT142K3","6","N/A","Windows","0","Write + Read","\PIPE\EVENTLOG" 
"2026-07-11 21:00:00",INFO: The system global flag 'maintain objects list' needs 
"2026-07-11 21:00:00",      to be enabled to see local opened files. 
"2026-07-11 21:00:00",      See Openfiles /? for more information. 
"2026-07-11 21:00:00",Files opened remotely via local share points: 
"2026-07-11 21:00:00",--------------------------------------------- 
"2026-07-11 21:00:00","Hostname","ID","Accessed By","Type","#Locks","Open Mode","Open File (Path\executable)" 
"2026-07-11 21:00:00","WINDT142K3","6","N/A","Windows","0","Write + Read","\PIPE\EVENTLOG" 
"2026-07-11 22:00:00",INFO: The system global flag 'maintain objects list' needs 
"2026-07-11 22:00:00",      to be enabled to see local opened files. 
"2026-07-11 22:00:00",      See Openfiles /? for more information. 
"2026-07-11 22:00:00",Files opened remotely via local share points: 
"2026-07-11 22:00:00",--------------------------------------------- 
"2026-07-11 22:00:00","Hostname","ID","Accessed By","Type","#Locks","Open Mode","Open File (Path\executable)" 
"2026-07-11 22:00:00","WINDT142K3","6","N/A","Windows","0","Write + Read","\PIPE\EVENTLOG" 
"2026-07-11 23:00:00",INFO: The system global flag 'maintain objects list' needs 
"2026-07-11 23:00:00",      to be enabled to see local opened files. 
"2026-07-11 23:00:00",      See Openfiles /? for more information. 
"2026-07-11 23:00:00",Files opened remotely via local share points: 
"2026-07-11 23:00:00",--------------------------------------------- 
"2026-07-11 23:00:00","Hostname","ID","Accessed By","Type","#Locks","Open Mode","Open File (Path\executable)" 
"2026-07-11 23:00:00","WINDT142K3","6","N/A","Windows","0","Write + Read","\PIPE\EVENTLOG" 
"2026-07-12 00:00:00",INFO: The system global flag 'maintain objects list' needs 
"2026-07-12 00:00:00",      to be enabled to see local opened files. 
"2026-07-12 00:00:00",      See Openfiles /? for more information. 
"2026-07-12 00:00:00",Files opened remotely via local share points: 
"2026-07-12 00:00:00",--------------------------------------------- 
"2026-07-12 00:00:00","Hostname","ID","Accessed By","Type","#Locks","Open Mode","Open File (Path\executable)" 
"2026-07-12 00:00:00","WINDT142K3","6","N/A","Windows","0","Write + Read","\PIPE\EVENTLOG" 
"2026-07-12 01:00:00",INFO: The system global flag 'maintain objects list' needs 
"2026-07-12 01:00:00",      to be enabled to see local opened files. 
"2026-07-12 01:00:00",      See Openfiles /? for more information. 
"2026-07-12 01:00:00",Files opened remotely via local share points: 
"2026-07-12 01:00:00",--------------------------------------------- 
"2026-07-12 01:00:00","Hostname","ID","Accessed By","Type","#Locks","Open Mode","Open File (Path\executable)" 
"2026-07-12 01:00:00","WINDT142K3","6","N/A","Windows","0","Write + Read","\PIPE\EVENTLOG" 
"2026-07-12 02:00:00",INFO: The system global flag 'maintain objects list' needs 
"2026-07-12 02:00:00",      to be enabled to see local opened files. 
"2026-07-12 02:00:00",      See Openfiles /? for more information. 
"2026-07-12 02:00:00",Files opened remotely via local share points: 
"2026-07-12 02:00:00",--------------------------------------------- 
"2026-07-12 02:00:00","Hostname","ID","Accessed By","Type","#Locks","Open Mode","Open File (Path\executable)" 
"2026-07-12 02:00:00","WINDT142K3","6","N/A","Windows","0","Write + Read","\PIPE\EVENTLOG" 
"2026-07-12 03:00:00",INFO: The system global flag 'maintain objects list' needs 
"2026-07-12 03:00:00",      to be enabled to see local opened files. 
"2026-07-12 03:00:00",      See Openfiles /? for more information. 
"2026-07-12 03:00:00",Files opened remotely via local share points: 
"2026-07-12 03:00:00",--------------------------------------------- 
"2026-07-12 03:00:00","Hostname","ID","Accessed By","Type","#Locks","Open Mode","Open File (Path\executable)" 
"2026-07-12 03:00:00","WINDT142K3","6","N/A","Windows","0","Write + Read","\PIPE\EVENTLOG" 
"2026-07-12 04:00:00",INFO: The system global flag 'maintain objects list' needs 
"2026-07-12 04:00:00",      to be enabled to see local opened files. 
"2026-07-12 04:00:00",      See Openfiles /? for more information. 
"2026-07-12 04:00:00",Files opened remotely via local share points: 
"2026-07-12 04:00:00",--------------------------------------------- 
"2026-07-12 04:00:00","Hostname","ID","Accessed By","Type","#Locks","Open Mode","Open File (Path\executable)" 
"2026-07-12 04:00:00","WINDT142K3","6","N/A","Windows","0","Write + Read","\PIPE\EVENTLOG" 
"2026-07-12 05:00:00",INFO: The system global flag 'maintain objects list' needs 
"2026-07-12 05:00:00",      to be enabled to see local opened files. 
"2026-07-12 05:00:00",      See Openfiles /? for more information. 
"2026-07-12 05:00:00",Files opened remotely via local share points: 
"2026-07-12 05:00:00",--------------------------------------------- 
"2026-07-12 05:00:00","Hostname","ID","Accessed By","Type","#Locks","Open Mode","Open File (Path\executable)" 
"2026-07-12 05:00:00","WINDT142K3","6","N/A","Windows","0","Write + Read","\PIPE\EVENTLOG" 
"2026-07-12 06:00:00",INFO: The system global flag 'maintain objects list' needs 
"2026-07-12 06:00:00",      to be enabled to see local opened files. 
"2026-07-12 06:00:00",      See Openfiles /? for more information. 
"2026-07-12 06:00:00",Files opened remotely via local share points: 
"2026-07-12 06:00:00",--------------------------------------------- 
"2026-07-12 06:00:00","Hostname","ID","Accessed By","Type","#Locks","Open Mode","Open File (Path\executable)" 
"2026-07-12 06:00:00","WINDT142K3","6","N/A","Windows","0","Write + Read","\PIPE\EVENTLOG" 
"2026-07-12 07:00:00",INFO: The system global flag 'maintain objects list' needs 
"2026-07-12 07:00:00",      to be enabled to see local opened files. 
"2026-07-12 07:00:00",      See Openfiles /? for more information. 
"2026-07-12 07:00:00",Files opened remotely via local share points: 
"2026-07-12 07:00:00",--------------------------------------------- 
"2026-07-12 07:00:00","Hostname","ID","Accessed By","Type","#Locks","Open Mode","Open File (Path\executable)" 
"2026-07-12 07:00:00","WINDT142K3","6","N/A","Windows","0","Write + Read","\PIPE\EVENTLOG" 
"2026-07-12 08:00:00",INFO: The system global flag 'maintain objects list' needs 
"2026-07-12 08:00:00",      to be enabled to see local opened files. 
"2026-07-12 08:00:00",      See Openfiles /? for more information. 
"2026-07-12 08:00:00",Files opened remotely via local share points: 
"2026-07-12 08:00:00",--------------------------------------------- 
"2026-07-12 08:00:00","Hostname","ID","Accessed By","Type","#Locks","Open Mode","Open File (Path\executable)" 
"2026-07-12 08:00:00","WINDT142K3","6","N/A","Windows","0","Write + Read","\PIPE\EVENTLOG" 
"2026-07-12 09:00:00",INFO: The system global flag 'maintain objects list' needs 
"2026-07-12 09:00:00",      to be enabled to see local opened files. 
"2026-07-12 09:00:00",      See Openfiles /? for more information. 
"2026-07-12 09:00:00",Files opened remotely via local share points: 
"2026-07-12 09:00:00",--------------------------------------------- 
"2026-07-12 09:00:00","Hostname","ID","Accessed By","Type","#Locks","Open Mode","Open File (Path\executable)" 
"2026-07-12 09:00:00","WINDT142K3","6","N/A","Windows","0","Write + Read","\PIPE\EVENTLOG" 
"2026-07-12 10:00:00",INFO: The system global flag 'maintain objects list' needs 
"2026-07-12 10:00:00",      to be enabled to see local opened files. 
"2026-07-12 10:00:00",      See Openfiles /? for more information. 
"2026-07-12 10:00:00",Files opened remotely via local share points: 
"2026-07-12 10:00:00",--------------------------------------------- 
"2026-07-12 10:00:00","Hostname","ID","Accessed By","Type","#Locks","Open Mode","Open File (Path\executable)" 
"2026-07-12 10:00:00","WINDT142K3","6","N/A","Windows","0","Write + Read","\PIPE\EVENTLOG" 
"2026-07-12 11:00:00",INFO: The system global flag 'maintain objects list' needs 
"2026-07-12 11:00:00",      to be enabled to see local opened files. 
"2026-07-12 11:00:00",      See Openfiles /? for more information. 
"2026-07-12 11:00:00",Files opened remotely via local share points: 
"2026-07-12 11:00:00",--------------------------------------------- 
"2026-07-12 11:00:00","Hostname","ID","Accessed By","Type","#Locks","Open Mode","Open File (Path\executable)" 
"2026-07-12 11:00:00","WINDT142K3","6","N/A","Windows","0","Write + Read","\PIPE\EVENTLOG" 
"2026-07-12 12:00:00",INFO: The system global flag 'maintain objects list' needs 
"2026-07-12 12:00:00",      to be enabled to see local opened files. 
"2026-07-12 12:00:00",      See Openfiles /? for more information. 
"2026-07-12 12:00:00",Files opened remotely via local share points: 
"2026-07-12 12:00:00",--------------------------------------------- 
"2026-07-12 12:00:00","Hostname","ID","Accessed By","Type","#Locks","Open Mode","Open File (Path\executable)" 
"2026-07-12 12:00:00","WINDT142K3","6","N/A","Windows","0","Write + Read","\PIPE\EVENTLOG" 
"2026-07-12 13:00:00",INFO: The system global flag 'maintain objects list' needs 
"2026-07-12 13:00:00",      to be enabled to see local opened files. 
"2026-07-12 13:00:00",      See Openfiles /? for more information. 
"2026-07-12 13:00:00",Files opened remotely via local share points: 
"2026-07-12 13:00:00",--------------------------------------------- 
"2026-07-12 13:00:00","Hostname","ID","Accessed By","Type","#Locks","Open Mode","Open File (Path\executable)" 
"2026-07-12 13:00:00","WINDT142K3","6","N/A","Windows","0","Write + Read","\PIPE\EVENTLOG" 
"2026-07-12 14:00:00",INFO: The system global flag 'maintain objects list' needs 
"2026-07-12 14:00:00",      to be enabled to see local opened files. 
"2026-07-12 14:00:00",      See Openfiles /? for more information. 
"2026-07-12 14:00:00",Files opened remotely via local share points: 
"2026-07-12 14:00:00",--------------------------------------------- 
"2026-07-12 14:00:00","Hostname","ID","Accessed By","Type","#Locks","Open Mode","Open File (Path\executable)" 
"2026-07-12 14:00:00","WINDT142K3","6","N/A","Windows","0","Write + Read","\PIPE\EVENTLOG" 
"2026-07-12 15:00:00",INFO: The system global flag 'maintain objects list' needs 
"2026-07-12 15:00:00",      to be enabled to see local opened files. 
"2026-07-12 15:00:00",      See Openfiles /? for more information. 
"2026-07-12 15:00:00",Files opened remotely via local share points: 
"2026-07-12 15:00:00",--------------------------------------------- 
"2026-07-12 15:00:00","Hostname","ID","Accessed By","Type","#Locks","Open Mode","Open File (Path\executable)" 
"2026-07-12 15:00:00","WINDT142K3","6","N/A","Windows","0","Write + Read","\PIPE\EVENTLOG" 
"2026-07-12 16:00:00",INFO: The system global flag 'maintain objects list' needs 
"2026-07-12 16:00:00",      to be enabled to see local opened files. 
"2026-07-12 16:00:00",      See Openfiles /? for more information. 
"2026-07-12 16:00:00",Files opened remotely via local share points: 
"2026-07-12 16:00:00",--------------------------------------------- 
"2026-07-12 16:00:00","Hostname","ID","Accessed By","Type","#Locks","Open Mode","Open File (Path\executable)" 
"2026-07-12 16:00:00","WINDT142K3","6","N/A","Windows","0","Write + Read","\PIPE\EVENTLOG" 
"2026-07-12 17:00:00",INFO: The system global flag 'maintain objects list' needs 
"2026-07-12 17:00:00",      to be enabled to see local opened files. 
"2026-07-12 17:00:00",      See Openfiles /? for more information. 
"2026-07-12 17:00:00",Files opened remotely via local share points: 
"2026-07-12 17:00:00",--------------------------------------------- 
"2026-07-12 17:00:00","Hostname","ID","Accessed By","Type","#Locks","Open Mode","Open File (Path\executable)" 
"2026-07-12 17:00:00","WINDT142K3","6","N/A","Windows","0","Write + Read","\PIPE\EVENTLOG" 
"2026-07-12 18:00:00",INFO: The system global flag 'maintain objects list' needs 
"2026-07-12 18:00:00",      to be enabled to see local opened files. 
"2026-07-12 18:00:00",      See Openfiles /? for more information. 
"2026-07-12 18:00:00",Files opened remotely via local share points: 
"2026-07-12 18:00:00",--------------------------------------------- 
"2026-07-12 18:00:00","Hostname","ID","Accessed By","Type","#Locks","Open Mode","Open File (Path\executable)" 
"2026-07-12 18:00:00","WINDT142K3","6","N/A","Windows","0","Write + Read","\PIPE\EVENTLOG" 
"2026-07-12 19:00:00",INFO: The system global flag 'maintain objects list' needs 
"2026-07-12 19:00:00",      to be enabled to see local opened files. 
"2026-07-12 19:00:00",      See Openfiles /? for more information. 
"2026-07-12 19:00:00",Files opened remotely via local share points: 
"2026-07-12 19:00:00",--------------------------------------------- 
"2026-07-12 19:00:00","Hostname","ID","Accessed By","Type","#Locks","Open Mode","Open File (Path\executable)" 
"2026-07-12 19:00:00","WINDT142K3","6","N/A","Windows","0","Write + Read","\PIPE\EVENTLOG" 
"2026-07-12 20:00:00",INFO: The system global flag 'maintain objects list' needs 
"2026-07-12 20:00:00",      to be enabled to see local opened files. 
"2026-07-12 20:00:00",      See Openfiles /? for more information. 
"2026-07-12 20:00:00",Files opened remotely via local share points: 
"2026-07-12 20:00:00",--------------------------------------------- 
"2026-07-12 20:00:00","Hostname","ID","Accessed By","Type","#Locks","Open Mode","Open File (Path\executable)" 
"2026-07-12 20:00:00","WINDT142K3","6","N/A","Windows","0","Write + Read","\PIPE\EVENTLOG" 
"2026-07-12 21:00:00",INFO: The system global flag 'maintain objects list' needs 
"2026-07-12 21:00:00",      to be enabled to see local opened files. 
"2026-07-12 21:00:00",      See Openfiles /? for more information. 
"2026-07-12 21:00:00",Files opened remotely via local share points: 
"2026-07-12 21:00:00",--------------------------------------------- 
"2026-07-12 21:00:00","Hostname","ID","Accessed By","Type","#Locks","Open Mode","Open File (Path\executable)" 
"2026-07-12 21:00:00","WINDT142K3","6","N/A","Windows","0","Write + Read","\PIPE\EVENTLOG" 
"2026-07-12 22:00:00",INFO: The system global flag 'maintain objects list' needs 
"2026-07-12 22:00:00",      to be enabled to see local opened files. 
"2026-07-12 22:00:00",      See Openfiles /? for more information. 
"2026-07-12 22:00:00",Files opened remotely via local share points: 
"2026-07-12 22:00:00",--------------------------------------------- 
"2026-07-12 22:00:00","Hostname","ID","Accessed By","Type","#Locks","Open Mode","Open File (Path\executable)" 
"2026-07-12 22:00:00","WINDT142K3","6","N/A","Windows","0","Write + Read","\PIPE\EVENTLOG" 
"2026-07-12 23:00:00",INFO: The system global flag 'maintain objects list' needs 
"2026-07-12 23:00:00",      to be enabled to see local opened files. 
"2026-07-12 23:00:00",      See Openfiles /? for more information. 
"2026-07-12 23:00:00",Files opened remotely via local share points: 
"2026-07-12 23:00:00",--------------------------------------------- 
"2026-07-12 23:00:00","Hostname","ID","Accessed By","Type","#Locks","Open Mode","Open File (Path\executable)" 
"2026-07-12 23:00:00","WINDT142K3","6","N/A","Windows","0","Write + Read","\PIPE\EVENTLOG" 
"2026-07-13 00:00:00",INFO: The system global flag 'maintain objects list' needs 
"2026-07-13 00:00:00",      to be enabled to see local opened files. 
"2026-07-13 00:00:00",      See Openfiles /? for more information. 
"2026-07-13 00:00:00",Files opened remotely via local share points: 
"2026-07-13 00:00:00",--------------------------------------------- 
"2026-07-13 00:00:00","Hostname","ID","Accessed By","Type","#Locks","Open Mode","Open File (Path\executable)" 
"2026-07-13 00:00:00","WINDT142K3","6","N/A","Windows","0","Write + Read","\PIPE\EVENTLOG" 
"2026-07-13 01:00:00",INFO: The system global flag 'maintain objects list' needs 
"2026-07-13 01:00:00",      to be enabled to see local opened files. 
"2026-07-13 01:00:00",      See Openfiles /? for more information. 
"2026-07-13 01:00:00",Files opened remotely via local share points: 
"2026-07-13 01:00:00",--------------------------------------------- 
"2026-07-13 01:00:00","Hostname","ID","Accessed By","Type","#Locks","Open Mode","Open File (Path\executable)" 
"2026-07-13 01:00:00","WINDT142K3","6","N/A","Windows","0","Write + Read","\PIPE\EVENTLOG" 
"2026-07-13 02:00:00",INFO: The system global flag 'maintain objects list' needs 
"2026-07-13 02:00:00",      to be enabled to see local opened files. 
"2026-07-13 02:00:00",      See Openfiles /? for more information. 
"2026-07-13 02:00:00",Files opened remotely via local share points: 
"2026-07-13 02:00:00",--------------------------------------------- 
"2026-07-13 02:00:00","Hostname","ID","Accessed By","Type","#Locks","Open Mode","Open File (Path\executable)" 
"2026-07-13 02:00:00","WINDT142K3","6","N/A","Windows","0","Write + Read","\PIPE\EVENTLOG" 
"2026-07-13 03:00:00",INFO: The system global flag 'maintain objects list' needs 
"2026-07-13 03:00:00",      to be enabled to see local opened files. 
"2026-07-13 03:00:00",      See Openfiles /? for more information. 
"2026-07-13 03:00:00",Files opened remotely via local share points: 
"2026-07-13 03:00:00",--------------------------------------------- 
"2026-07-13 03:00:00","Hostname","ID","Accessed By","Type","#Locks","Open Mode","Open File (Path\executable)" 
"2026-07-13 03:00:00","WINDT142K3","6","N/A","Windows","0","Write + Read","\PIPE\EVENTLOG" 
"2026-07-13 04:00:00",INFO: The system global flag 'maintain objects list' needs 
"2026-07-13 04:00:00",      to be enabled to see local opened files. 
"2026-07-13 04:00:00",      See Openfiles /? for more information. 
"2026-07-13 04:00:00",Files opened remotely via local share points: 
"2026-07-13 04:00:00",--------------------------------------------- 
"2026-07-13 04:00:00","Hostname","ID","Accessed By","Type","#Locks","Open Mode","Open File (Path\executable)" 
"2026-07-13 04:00:00","WINDT142K3","6","N/A","Windows","0","Write + Read","\PIPE\EVENTLOG" 
"2026-07-13 05:00:00",INFO: The system global flag 'maintain objects list' needs 
"2026-07-13 05:00:00",      to be enabled to see local opened files. 
"2026-07-13 05:00:00",      See Openfiles /? for more information. 
"2026-07-13 05:00:00",Files opened remotely via local share points: 
"2026-07-13 05:00:00",--------------------------------------------- 
"2026-07-13 05:00:00","Hostname","ID","Accessed By","Type","#Locks","Open Mode","Open File (Path\executable)" 
"2026-07-13 05:00:00","WINDT142K3","6","N/A","Windows","0","Write + Read","\PIPE\EVENTLOG" 
